Fitter report for DE1_Basic_Computer
Tue May 12 12:47:23 2026
Quartus II 32-bit Version 13.0.1 Build 232 06/12/2013 Service Pack 1 SJ Full Version


---------------------
; Table of Contents ;
---------------------
  1. Legal Notice
  2. Fitter Summary
  3. Fitter Settings
  4. Parallel Compilation
  5. Ignored Assignments
  6. Incremental Compilation Preservation Summary
  7. Incremental Compilation Partition Settings
  8. Incremental Compilation Placement Preservation
  9. Pin-Out File
 10. Fitter Resource Usage Summary
 11. Fitter Partition Statistics
 12. Input Pins
 13. Output Pins
 14. I/O Bank Usage
 15. All Package Pins
 16. Output Pin Default Load For Reported TCO
 17. Fitter Resource Utilization by Entity
 18. Delay Chain Summary
 19. Pad To Core Delay Chain Fanout
 20. Control Signals
 21. Global & Other Fast Signals
 22. Non-Global High Fan-Out Signals
 23. Fitter RAM Summary
 24. Other Routing Usage Summary
 25. LAB Logic Elements
 26. LAB-wide Signals
 27. LAB Signals Sourced
 28. LAB Signals Sourced Out
 29. LAB Distinct Inputs
 30. Fitter Device Options
 31. Operating Settings and Conditions
 32. Fitter Messages
 33. Fitter Suppressed Messages



----------------
; Legal Notice ;
----------------
Copyright (C) 1991-2013 Altera Corporation
Your use of Altera Corporation's design tools, logic functions 
and other software and tools, and its AMPP partner logic 
functions, and any output files from any of the foregoing 
(including device programming or simulation files), and any 
associated documentation or information are expressly subject 
to the terms and conditions of the Altera Program License 
Subscription Agreement, Altera MegaCore Function License 
Agreement, or other applicable license agreement, including, 
without limitation, that your use is for the sole purpose of 
programming logic devices manufactured by Altera and sold by 
Altera or its authorized distributors.  Please refer to the 
applicable agreement for further details.



+---------------------------------------------------------------------------------------+
; Fitter Summary                                                                        ;
+------------------------------------+--------------------------------------------------+
; Fitter Status                      ; Successful - Tue May 12 12:47:22 2026            ;
; Quartus II 32-bit Version          ; 13.0.1 Build 232 06/12/2013 SP 1 SJ Full Version ;
; Revision Name                      ; DE1_Basic_Computer                               ;
; Top-level Entity Name              ; component_tutorial                               ;
; Family                             ; Cyclone II                                       ;
; Device                             ; EP2C20F484C7                                     ;
; Timing Models                      ; Final                                            ;
; Total logic elements               ; 3,944 / 18,752 ( 21 % )                          ;
;     Total combinational functions  ; 3,357 / 18,752 ( 18 % )                          ;
;     Dedicated logic registers      ; 2,596 / 18,752 ( 14 % )                          ;
; Total registers                    ; 2596                                             ;
; Total pins                         ; 30 / 315 ( 10 % )                                ;
; Total virtual pins                 ; 0                                                ;
; Total memory bits                  ; 77,952 / 239,616 ( 33 % )                        ;
; Embedded Multiplier 9-bit elements ; 0 / 52 ( 0 % )                                   ;
; Total PLLs                         ; 0 / 4 ( 0 % )                                    ;
+------------------------------------+--------------------------------------------------+


+----------------------------------------------------------------------------------------------------------------------------------------------+
; Fitter Settings                                                                                                                              ;
+----------------------------------------------------------------------------+--------------------------------+--------------------------------+
; Option                                                                     ; Setting                        ; Default Value                  ;
+----------------------------------------------------------------------------+--------------------------------+--------------------------------+
; Device                                                                     ; EP2C20F484C7                   ;                                ;
; Minimum Core Junction Temperature                                          ; 0                              ;                                ;
; Maximum Core Junction Temperature                                          ; 85                             ;                                ;
; Fit Attempts to Skip                                                       ; 0                              ; 0.0                            ;
; Use smart compilation                                                      ; Off                            ; Off                            ;
; Enable parallel Assembler and TimeQuest Timing Analyzer during compilation ; On                             ; On                             ;
; Enable compact report table                                                ; Off                            ; Off                            ;
; Auto Merge PLLs                                                            ; On                             ; On                             ;
; Ignore PLL Mode When Merging PLLs                                          ; Off                            ; Off                            ;
; Router Timing Optimization Level                                           ; Normal                         ; Normal                         ;
; Placement Effort Multiplier                                                ; 1.0                            ; 1.0                            ;
; Router Effort Multiplier                                                   ; 1.0                            ; 1.0                            ;
; Always Enable Input Buffers                                                ; Off                            ; Off                            ;
; Optimize Hold Timing                                                       ; IO Paths and Minimum TPD Paths ; IO Paths and Minimum TPD Paths ;
; Optimize Multi-Corner Timing                                               ; On                             ; On                             ;
; PowerPlay Power Optimization                                               ; Normal compilation             ; Normal compilation             ;
; Optimize Timing                                                            ; Normal compilation             ; Normal compilation             ;
; Optimize Timing for ECOs                                                   ; Off                            ; Off                            ;
; Regenerate full fit report during ECO compiles                             ; Off                            ; Off                            ;
; Optimize IOC Register Placement for Timing                                 ; Normal                         ; Normal                         ;
; Limit to One Fitting Attempt                                               ; Off                            ; Off                            ;
; Final Placement Optimizations                                              ; Automatically                  ; Automatically                  ;
; Fitter Aggressive Routability Optimizations                                ; Automatically                  ; Automatically                  ;
; Fitter Initial Placement Seed                                              ; 1                              ; 1                              ;
; PCI I/O                                                                    ; Off                            ; Off                            ;
; Weak Pull-Up Resistor                                                      ; Off                            ; Off                            ;
; Enable Bus-Hold Circuitry                                                  ; Off                            ; Off                            ;
; Auto Global Memory Control Signals                                         ; Off                            ; Off                            ;
; Auto Packed Registers                                                      ; Auto                           ; Auto                           ;
; Auto Delay Chains                                                          ; On                             ; On                             ;
; Auto Delay Chains for High Fanout Input Pins                               ; Off                            ; Off                            ;
; Perform Physical Synthesis for Combinational Logic for Fitting             ; Off                            ; Off                            ;
; Perform Physical Synthesis for Combinational Logic for Performance         ; Off                            ; Off                            ;
; Perform Register Duplication for Performance                               ; Off                            ; Off                            ;
; Perform Logic to Memory Mapping for Fitting                                ; Off                            ; Off                            ;
; Perform Register Retiming for Performance                                  ; Off                            ; Off                            ;
; Perform Asynchronous Signal Pipelining                                     ; Off                            ; Off                            ;
; Fitter Effort                                                              ; Auto Fit                       ; Auto Fit                       ;
; Physical Synthesis Effort Level                                            ; Normal                         ; Normal                         ;
; Auto Global Clock                                                          ; On                             ; On                             ;
; Auto Global Register Control Signals                                       ; On                             ; On                             ;
; Force Fitter to Avoid Periphery Placement Warnings                         ; Off                            ; Off                            ;
+----------------------------------------------------------------------------+--------------------------------+--------------------------------+


+------------------------------------------+
; Parallel Compilation                     ;
+----------------------------+-------------+
; Processors                 ; Number      ;
+----------------------------+-------------+
; Number detected on machine ; 24          ;
; Maximum allowed            ; 16          ;
;                            ;             ;
; Average used               ; 2.80        ;
; Maximum used               ; 16          ;
;                            ;             ;
; Usage by Processor         ; % Time Used ;
;     Processor 1            ; 100.0%      ;
;     Processors 2-4         ;  20.0%      ;
;     Processors 5-16        ;  10.0%      ;
;     Processors 17-24       ;   0.0%      ;
+----------------------------+-------------+


+-----------------------------------------------------------------------------------------------------------------------------------+
; Ignored Assignments                                                                                                               ;
+-----------------------------+--------------------+--------------+------------------+-----------------+----------------------------+
; Name                        ; Ignored Entity     ; Ignored From ; Ignored To       ; Ignored Value   ; Ignored Source             ;
+-----------------------------+--------------------+--------------+------------------+-----------------+----------------------------+
; Location                    ;                    ;              ; AUD_ADCDAT       ; PIN_B6          ; QSF Assignment             ;
; Location                    ;                    ;              ; AUD_ADCLRCK      ; PIN_A6          ; QSF Assignment             ;
; Location                    ;                    ;              ; AUD_BCLK         ; PIN_A4          ; QSF Assignment             ;
; Location                    ;                    ;              ; AUD_DACDAT       ; PIN_B5          ; QSF Assignment             ;
; Location                    ;                    ;              ; AUD_DACLRCK      ; PIN_A5          ; QSF Assignment             ;
; Location                    ;                    ;              ; AUD_XCK          ; PIN_B4          ; QSF Assignment             ;
; Location                    ;                    ;              ; CLOCK_24[0]      ; PIN_B12         ; QSF Assignment             ;
; Location                    ;                    ;              ; CLOCK_24[1]      ; PIN_A12         ; QSF Assignment             ;
; Location                    ;                    ;              ; CLOCK_27[0]      ; PIN_D12         ; QSF Assignment             ;
; Location                    ;                    ;              ; CLOCK_27[1]      ; PIN_E12         ; QSF Assignment             ;
; Location                    ;                    ;              ; DRAM_ADDR[0]     ; PIN_W4          ; QSF Assignment             ;
; Location                    ;                    ;              ; DRAM_ADDR[10]    ; PIN_W3          ; QSF Assignment             ;
; Location                    ;                    ;              ; DRAM_ADDR[11]    ; PIN_N6          ; QSF Assignment             ;
; Location                    ;                    ;              ; DRAM_ADDR[1]     ; PIN_W5          ; QSF Assignment             ;
; Location                    ;                    ;              ; DRAM_ADDR[2]     ; PIN_Y3          ; QSF Assignment             ;
; Location                    ;                    ;              ; DRAM_ADDR[3]     ; PIN_Y4          ; QSF Assignment             ;
; Location                    ;                    ;              ; DRAM_ADDR[4]     ; PIN_R6          ; QSF Assignment             ;
; Location                    ;                    ;              ; DRAM_ADDR[5]     ; PIN_R5          ; QSF Assignment             ;
; Location                    ;                    ;              ; DRAM_ADDR[6]     ; PIN_P6          ; QSF Assignment             ;
; Location                    ;                    ;              ; DRAM_ADDR[7]     ; PIN_P5          ; QSF Assignment             ;
; Location                    ;                    ;              ; DRAM_ADDR[8]     ; PIN_P3          ; QSF Assignment             ;
; Location                    ;                    ;              ; DRAM_ADDR[9]     ; PIN_N4          ; QSF Assignment             ;
; Location                    ;                    ;              ; DRAM_BA_0        ; PIN_U3          ; QSF Assignment             ;
; Location                    ;                    ;              ; DRAM_BA_1        ; PIN_V4          ; QSF Assignment             ;
; Location                    ;                    ;              ; DRAM_CAS_N       ; PIN_T3          ; QSF Assignment             ;
; Location                    ;                    ;              ; DRAM_CKE         ; PIN_N3          ; QSF Assignment             ;
; Location                    ;                    ;              ; DRAM_CLK         ; PIN_U4          ; QSF Assignment             ;
; Location                    ;                    ;              ; DRAM_CS_N        ; PIN_T6          ; QSF Assignment             ;
; Location                    ;                    ;              ; DRAM_DQ[0]       ; PIN_U1          ; QSF Assignment             ;
; Location                    ;                    ;              ; DRAM_DQ[10]      ; PIN_P1          ; QSF Assignment             ;
; Location                    ;                    ;              ; DRAM_DQ[11]      ; PIN_P2          ; QSF Assignment             ;
; Location                    ;                    ;              ; DRAM_DQ[12]      ; PIN_R1          ; QSF Assignment             ;
; Location                    ;                    ;              ; DRAM_DQ[13]      ; PIN_R2          ; QSF Assignment             ;
; Location                    ;                    ;              ; DRAM_DQ[14]      ; PIN_T1          ; QSF Assignment             ;
; Location                    ;                    ;              ; DRAM_DQ[15]      ; PIN_T2          ; QSF Assignment             ;
; Location                    ;                    ;              ; DRAM_DQ[1]       ; PIN_U2          ; QSF Assignment             ;
; Location                    ;                    ;              ; DRAM_DQ[2]       ; PIN_V1          ; QSF Assignment             ;
; Location                    ;                    ;              ; DRAM_DQ[3]       ; PIN_V2          ; QSF Assignment             ;
; Location                    ;                    ;              ; DRAM_DQ[4]       ; PIN_W1          ; QSF Assignment             ;
; Location                    ;                    ;              ; DRAM_DQ[5]       ; PIN_W2          ; QSF Assignment             ;
; Location                    ;                    ;              ; DRAM_DQ[6]       ; PIN_Y1          ; QSF Assignment             ;
; Location                    ;                    ;              ; DRAM_DQ[7]       ; PIN_Y2          ; QSF Assignment             ;
; Location                    ;                    ;              ; DRAM_DQ[8]       ; PIN_N1          ; QSF Assignment             ;
; Location                    ;                    ;              ; DRAM_DQ[9]       ; PIN_N2          ; QSF Assignment             ;
; Location                    ;                    ;              ; DRAM_LDQM        ; PIN_R7          ; QSF Assignment             ;
; Location                    ;                    ;              ; DRAM_RAS_N       ; PIN_T5          ; QSF Assignment             ;
; Location                    ;                    ;              ; DRAM_UDQM        ; PIN_M5          ; QSF Assignment             ;
; Location                    ;                    ;              ; DRAM_WE_N        ; PIN_R8          ; QSF Assignment             ;
; Location                    ;                    ;              ; EXT_CLOCK        ; PIN_M21         ; QSF Assignment             ;
; Location                    ;                    ;              ; FL_ADDR[0]       ; PIN_AB20        ; QSF Assignment             ;
; Location                    ;                    ;              ; FL_ADDR[10]      ; PIN_R12         ; QSF Assignment             ;
; Location                    ;                    ;              ; FL_ADDR[11]      ; PIN_T12         ; QSF Assignment             ;
; Location                    ;                    ;              ; FL_ADDR[12]      ; PIN_AB14        ; QSF Assignment             ;
; Location                    ;                    ;              ; FL_ADDR[13]      ; PIN_AA13        ; QSF Assignment             ;
; Location                    ;                    ;              ; FL_ADDR[14]      ; PIN_AB13        ; QSF Assignment             ;
; Location                    ;                    ;              ; FL_ADDR[15]      ; PIN_AA12        ; QSF Assignment             ;
; Location                    ;                    ;              ; FL_ADDR[16]      ; PIN_AB12        ; QSF Assignment             ;
; Location                    ;                    ;              ; FL_ADDR[17]      ; PIN_AA20        ; QSF Assignment             ;
; Location                    ;                    ;              ; FL_ADDR[18]      ; PIN_U14         ; QSF Assignment             ;
; Location                    ;                    ;              ; FL_ADDR[19]      ; PIN_V14         ; QSF Assignment             ;
; Location                    ;                    ;              ; FL_ADDR[1]       ; PIN_AA14        ; QSF Assignment             ;
; Location                    ;                    ;              ; FL_ADDR[20]      ; PIN_U13         ; QSF Assignment             ;
; Location                    ;                    ;              ; FL_ADDR[21]      ; PIN_R13         ; QSF Assignment             ;
; Location                    ;                    ;              ; FL_ADDR[2]       ; PIN_Y16         ; QSF Assignment             ;
; Location                    ;                    ;              ; FL_ADDR[3]       ; PIN_R15         ; QSF Assignment             ;
; Location                    ;                    ;              ; FL_ADDR[4]       ; PIN_T15         ; QSF Assignment             ;
; Location                    ;                    ;              ; FL_ADDR[5]       ; PIN_U15         ; QSF Assignment             ;
; Location                    ;                    ;              ; FL_ADDR[6]       ; PIN_V15         ; QSF Assignment             ;
; Location                    ;                    ;              ; FL_ADDR[7]       ; PIN_W15         ; QSF Assignment             ;
; Location                    ;                    ;              ; FL_ADDR[8]       ; PIN_R14         ; QSF Assignment             ;
; Location                    ;                    ;              ; FL_ADDR[9]       ; PIN_Y13         ; QSF Assignment             ;
; Location                    ;                    ;              ; FL_DQ[0]         ; PIN_AB16        ; QSF Assignment             ;
; Location                    ;                    ;              ; FL_DQ[1]         ; PIN_AA16        ; QSF Assignment             ;
; Location                    ;                    ;              ; FL_DQ[2]         ; PIN_AB17        ; QSF Assignment             ;
; Location                    ;                    ;              ; FL_DQ[3]         ; PIN_AA17        ; QSF Assignment             ;
; Location                    ;                    ;              ; FL_DQ[4]         ; PIN_AB18        ; QSF Assignment             ;
; Location                    ;                    ;              ; FL_DQ[5]         ; PIN_AA18        ; QSF Assignment             ;
; Location                    ;                    ;              ; FL_DQ[6]         ; PIN_AB19        ; QSF Assignment             ;
; Location                    ;                    ;              ; FL_DQ[7]         ; PIN_AA19        ; QSF Assignment             ;
; Location                    ;                    ;              ; FL_OE_N          ; PIN_AA15        ; QSF Assignment             ;
; Location                    ;                    ;              ; FL_RST_N         ; PIN_W14         ; QSF Assignment             ;
; Location                    ;                    ;              ; FL_WE_N          ; PIN_Y14         ; QSF Assignment             ;
; Location                    ;                    ;              ; GPIO_0[0]        ; PIN_A13         ; QSF Assignment             ;
; Location                    ;                    ;              ; GPIO_0[10]       ; PIN_A18         ; QSF Assignment             ;
; Location                    ;                    ;              ; GPIO_0[11]       ; PIN_B18         ; QSF Assignment             ;
; Location                    ;                    ;              ; GPIO_0[12]       ; PIN_A19         ; QSF Assignment             ;
; Location                    ;                    ;              ; GPIO_0[13]       ; PIN_B19         ; QSF Assignment             ;
; Location                    ;                    ;              ; GPIO_0[14]       ; PIN_A20         ; QSF Assignment             ;
; Location                    ;                    ;              ; GPIO_0[15]       ; PIN_B20         ; QSF Assignment             ;
; Location                    ;                    ;              ; GPIO_0[16]       ; PIN_C21         ; QSF Assignment             ;
; Location                    ;                    ;              ; GPIO_0[17]       ; PIN_C22         ; QSF Assignment             ;
; Location                    ;                    ;              ; GPIO_0[18]       ; PIN_D21         ; QSF Assignment             ;
; Location                    ;                    ;              ; GPIO_0[19]       ; PIN_D22         ; QSF Assignment             ;
; Location                    ;                    ;              ; GPIO_0[1]        ; PIN_B13         ; QSF Assignment             ;
; Location                    ;                    ;              ; GPIO_0[20]       ; PIN_E21         ; QSF Assignment             ;
; Location                    ;                    ;              ; GPIO_0[21]       ; PIN_E22         ; QSF Assignment             ;
; Location                    ;                    ;              ; GPIO_0[22]       ; PIN_F21         ; QSF Assignment             ;
; Location                    ;                    ;              ; GPIO_0[23]       ; PIN_F22         ; QSF Assignment             ;
; Location                    ;                    ;              ; GPIO_0[24]       ; PIN_G21         ; QSF Assignment             ;
; Location                    ;                    ;              ; GPIO_0[25]       ; PIN_G22         ; QSF Assignment             ;
; Location                    ;                    ;              ; GPIO_0[26]       ; PIN_J21         ; QSF Assignment             ;
; Location                    ;                    ;              ; GPIO_0[27]       ; PIN_J22         ; QSF Assignment             ;
; Location                    ;                    ;              ; GPIO_0[28]       ; PIN_K21         ; QSF Assignment             ;
; Location                    ;                    ;              ; GPIO_0[29]       ; PIN_K22         ; QSF Assignment             ;
; Location                    ;                    ;              ; GPIO_0[2]        ; PIN_A14         ; QSF Assignment             ;
; Location                    ;                    ;              ; GPIO_0[30]       ; PIN_J19         ; QSF Assignment             ;
; Location                    ;                    ;              ; GPIO_0[31]       ; PIN_J20         ; QSF Assignment             ;
; Location                    ;                    ;              ; GPIO_0[32]       ; PIN_J18         ; QSF Assignment             ;
; Location                    ;                    ;              ; GPIO_0[33]       ; PIN_K20         ; QSF Assignment             ;
; Location                    ;                    ;              ; GPIO_0[34]       ; PIN_L19         ; QSF Assignment             ;
; Location                    ;                    ;              ; GPIO_0[35]       ; PIN_L18         ; QSF Assignment             ;
; Location                    ;                    ;              ; GPIO_0[3]        ; PIN_B14         ; QSF Assignment             ;
; Location                    ;                    ;              ; GPIO_0[4]        ; PIN_A15         ; QSF Assignment             ;
; Location                    ;                    ;              ; GPIO_0[5]        ; PIN_B15         ; QSF Assignment             ;
; Location                    ;                    ;              ; GPIO_0[6]        ; PIN_A16         ; QSF Assignment             ;
; Location                    ;                    ;              ; GPIO_0[7]        ; PIN_B16         ; QSF Assignment             ;
; Location                    ;                    ;              ; GPIO_0[8]        ; PIN_A17         ; QSF Assignment             ;
; Location                    ;                    ;              ; GPIO_0[9]        ; PIN_B17         ; QSF Assignment             ;
; Location                    ;                    ;              ; GPIO_1[0]        ; PIN_H12         ; QSF Assignment             ;
; Location                    ;                    ;              ; GPIO_1[10]       ; PIN_C14         ; QSF Assignment             ;
; Location                    ;                    ;              ; GPIO_1[11]       ; PIN_D14         ; QSF Assignment             ;
; Location                    ;                    ;              ; GPIO_1[12]       ; PIN_D15         ; QSF Assignment             ;
; Location                    ;                    ;              ; GPIO_1[13]       ; PIN_D16         ; QSF Assignment             ;
; Location                    ;                    ;              ; GPIO_1[14]       ; PIN_C17         ; QSF Assignment             ;
; Location                    ;                    ;              ; GPIO_1[15]       ; PIN_C18         ; QSF Assignment             ;
; Location                    ;                    ;              ; GPIO_1[16]       ; PIN_C19         ; QSF Assignment             ;
; Location                    ;                    ;              ; GPIO_1[17]       ; PIN_C20         ; QSF Assignment             ;
; Location                    ;                    ;              ; GPIO_1[18]       ; PIN_D19         ; QSF Assignment             ;
; Location                    ;                    ;              ; GPIO_1[19]       ; PIN_D20         ; QSF Assignment             ;
; Location                    ;                    ;              ; GPIO_1[1]        ; PIN_H13         ; QSF Assignment             ;
; Location                    ;                    ;              ; GPIO_1[20]       ; PIN_E20         ; QSF Assignment             ;
; Location                    ;                    ;              ; GPIO_1[21]       ; PIN_F20         ; QSF Assignment             ;
; Location                    ;                    ;              ; GPIO_1[22]       ; PIN_E19         ; QSF Assignment             ;
; Location                    ;                    ;              ; GPIO_1[23]       ; PIN_E18         ; QSF Assignment             ;
; Location                    ;                    ;              ; GPIO_1[24]       ; PIN_G20         ; QSF Assignment             ;
; Location                    ;                    ;              ; GPIO_1[25]       ; PIN_G18         ; QSF Assignment             ;
; Location                    ;                    ;              ; GPIO_1[26]       ; PIN_G17         ; QSF Assignment             ;
; Location                    ;                    ;              ; GPIO_1[27]       ; PIN_H17         ; QSF Assignment             ;
; Location                    ;                    ;              ; GPIO_1[28]       ; PIN_J15         ; QSF Assignment             ;
; Location                    ;                    ;              ; GPIO_1[29]       ; PIN_H18         ; QSF Assignment             ;
; Location                    ;                    ;              ; GPIO_1[2]        ; PIN_H14         ; QSF Assignment             ;
; Location                    ;                    ;              ; GPIO_1[30]       ; PIN_N22         ; QSF Assignment             ;
; Location                    ;                    ;              ; GPIO_1[31]       ; PIN_N21         ; QSF Assignment             ;
; Location                    ;                    ;              ; GPIO_1[32]       ; PIN_P15         ; QSF Assignment             ;
; Location                    ;                    ;              ; GPIO_1[33]       ; PIN_N15         ; QSF Assignment             ;
; Location                    ;                    ;              ; GPIO_1[34]       ; PIN_P17         ; QSF Assignment             ;
; Location                    ;                    ;              ; GPIO_1[35]       ; PIN_P18         ; QSF Assignment             ;
; Location                    ;                    ;              ; GPIO_1[3]        ; PIN_G15         ; QSF Assignment             ;
; Location                    ;                    ;              ; GPIO_1[4]        ; PIN_E14         ; QSF Assignment             ;
; Location                    ;                    ;              ; GPIO_1[5]        ; PIN_E15         ; QSF Assignment             ;
; Location                    ;                    ;              ; GPIO_1[6]        ; PIN_F15         ; QSF Assignment             ;
; Location                    ;                    ;              ; GPIO_1[7]        ; PIN_G16         ; QSF Assignment             ;
; Location                    ;                    ;              ; GPIO_1[8]        ; PIN_F12         ; QSF Assignment             ;
; Location                    ;                    ;              ; GPIO_1[9]        ; PIN_F13         ; QSF Assignment             ;
; Location                    ;                    ;              ; I2C_SCLK         ; PIN_A3          ; QSF Assignment             ;
; Location                    ;                    ;              ; I2C_SDAT         ; PIN_B3          ; QSF Assignment             ;
; Location                    ;                    ;              ; KEY[1]           ; PIN_R21         ; QSF Assignment             ;
; Location                    ;                    ;              ; KEY[2]           ; PIN_T22         ; QSF Assignment             ;
; Location                    ;                    ;              ; KEY[3]           ; PIN_T21         ; QSF Assignment             ;
; Location                    ;                    ;              ; LEDG[0]          ; PIN_U22         ; QSF Assignment             ;
; Location                    ;                    ;              ; LEDG[1]          ; PIN_U21         ; QSF Assignment             ;
; Location                    ;                    ;              ; LEDG[2]          ; PIN_V22         ; QSF Assignment             ;
; Location                    ;                    ;              ; LEDG[3]          ; PIN_V21         ; QSF Assignment             ;
; Location                    ;                    ;              ; LEDG[4]          ; PIN_W22         ; QSF Assignment             ;
; Location                    ;                    ;              ; LEDG[5]          ; PIN_W21         ; QSF Assignment             ;
; Location                    ;                    ;              ; LEDG[6]          ; PIN_Y22         ; QSF Assignment             ;
; Location                    ;                    ;              ; LEDG[7]          ; PIN_Y21         ; QSF Assignment             ;
; Location                    ;                    ;              ; LEDR[0]          ; PIN_R20         ; QSF Assignment             ;
; Location                    ;                    ;              ; LEDR[1]          ; PIN_R19         ; QSF Assignment             ;
; Location                    ;                    ;              ; LEDR[2]          ; PIN_U19         ; QSF Assignment             ;
; Location                    ;                    ;              ; LEDR[3]          ; PIN_Y19         ; QSF Assignment             ;
; Location                    ;                    ;              ; LEDR[4]          ; PIN_T18         ; QSF Assignment             ;
; Location                    ;                    ;              ; LEDR[5]          ; PIN_V19         ; QSF Assignment             ;
; Location                    ;                    ;              ; LEDR[6]          ; PIN_Y18         ; QSF Assignment             ;
; Location                    ;                    ;              ; LEDR[7]          ; PIN_U18         ; QSF Assignment             ;
; Location                    ;                    ;              ; LEDR[8]          ; PIN_R18         ; QSF Assignment             ;
; Location                    ;                    ;              ; LEDR[9]          ; PIN_R17         ; QSF Assignment             ;
; Location                    ;                    ;              ; PS2_CLK          ; PIN_H15         ; QSF Assignment             ;
; Location                    ;                    ;              ; PS2_DAT          ; PIN_J14         ; QSF Assignment             ;
; Location                    ;                    ;              ; SRAM_ADDR[0]     ; PIN_AA3         ; QSF Assignment             ;
; Location                    ;                    ;              ; SRAM_ADDR[10]    ; PIN_R11         ; QSF Assignment             ;
; Location                    ;                    ;              ; SRAM_ADDR[11]    ; PIN_T11         ; QSF Assignment             ;
; Location                    ;                    ;              ; SRAM_ADDR[12]    ; PIN_Y10         ; QSF Assignment             ;
; Location                    ;                    ;              ; SRAM_ADDR[13]    ; PIN_U10         ; QSF Assignment             ;
; Location                    ;                    ;              ; SRAM_ADDR[14]    ; PIN_R10         ; QSF Assignment             ;
; Location                    ;                    ;              ; SRAM_ADDR[15]    ; PIN_T7          ; QSF Assignment             ;
; Location                    ;                    ;              ; SRAM_ADDR[16]    ; PIN_Y6          ; QSF Assignment             ;
; Location                    ;                    ;              ; SRAM_ADDR[17]    ; PIN_Y5          ; QSF Assignment             ;
; Location                    ;                    ;              ; SRAM_ADDR[1]     ; PIN_AB3         ; QSF Assignment             ;
; Location                    ;                    ;              ; SRAM_ADDR[2]     ; PIN_AA4         ; QSF Assignment             ;
; Location                    ;                    ;              ; SRAM_ADDR[3]     ; PIN_AB4         ; QSF Assignment             ;
; Location                    ;                    ;              ; SRAM_ADDR[4]     ; PIN_AA5         ; QSF Assignment             ;
; Location                    ;                    ;              ; SRAM_ADDR[5]     ; PIN_AB10        ; QSF Assignment             ;
; Location                    ;                    ;              ; SRAM_ADDR[6]     ; PIN_AA11        ; QSF Assignment             ;
; Location                    ;                    ;              ; SRAM_ADDR[7]     ; PIN_AB11        ; QSF Assignment             ;
; Location                    ;                    ;              ; SRAM_ADDR[8]     ; PIN_V11         ; QSF Assignment             ;
; Location                    ;                    ;              ; SRAM_ADDR[9]     ; PIN_W11         ; QSF Assignment             ;
; Location                    ;                    ;              ; SRAM_CE_N        ; PIN_AB5         ; QSF Assignment             ;
; Location                    ;                    ;              ; SRAM_DQ[0]       ; PIN_AA6         ; QSF Assignment             ;
; Location                    ;                    ;              ; SRAM_DQ[10]      ; PIN_V9          ; QSF Assignment             ;
; Location                    ;                    ;              ; SRAM_DQ[11]      ; PIN_U9          ; QSF Assignment             ;
; Location                    ;                    ;              ; SRAM_DQ[12]      ; PIN_R9          ; QSF Assignment             ;
; Location                    ;                    ;              ; SRAM_DQ[13]      ; PIN_W8          ; QSF Assignment             ;
; Location                    ;                    ;              ; SRAM_DQ[14]      ; PIN_V8          ; QSF Assignment             ;
; Location                    ;                    ;              ; SRAM_DQ[15]      ; PIN_U8          ; QSF Assignment             ;
; Location                    ;                    ;              ; SRAM_DQ[1]       ; PIN_AB6         ; QSF Assignment             ;
; Location                    ;                    ;              ; SRAM_DQ[2]       ; PIN_AA7         ; QSF Assignment             ;
; Location                    ;                    ;              ; SRAM_DQ[3]       ; PIN_AB7         ; QSF Assignment             ;
; Location                    ;                    ;              ; SRAM_DQ[4]       ; PIN_AA8         ; QSF Assignment             ;
; Location                    ;                    ;              ; SRAM_DQ[5]       ; PIN_AB8         ; QSF Assignment             ;
; Location                    ;                    ;              ; SRAM_DQ[6]       ; PIN_AA9         ; QSF Assignment             ;
; Location                    ;                    ;              ; SRAM_DQ[7]       ; PIN_AB9         ; QSF Assignment             ;
; Location                    ;                    ;              ; SRAM_DQ[8]       ; PIN_Y9          ; QSF Assignment             ;
; Location                    ;                    ;              ; SRAM_DQ[9]       ; PIN_W9          ; QSF Assignment             ;
; Location                    ;                    ;              ; SRAM_LB_N        ; PIN_Y7          ; QSF Assignment             ;
; Location                    ;                    ;              ; SRAM_OE_N        ; PIN_T8          ; QSF Assignment             ;
; Location                    ;                    ;              ; SRAM_UB_N        ; PIN_W7          ; QSF Assignment             ;
; Location                    ;                    ;              ; SRAM_WE_N        ; PIN_AA10        ; QSF Assignment             ;
; Location                    ;                    ;              ; SW[0]            ; PIN_L22         ; QSF Assignment             ;
; Location                    ;                    ;              ; SW[1]            ; PIN_L21         ; QSF Assignment             ;
; Location                    ;                    ;              ; SW[2]            ; PIN_M22         ; QSF Assignment             ;
; Location                    ;                    ;              ; SW[3]            ; PIN_V12         ; QSF Assignment             ;
; Location                    ;                    ;              ; SW[4]            ; PIN_W12         ; QSF Assignment             ;
; Location                    ;                    ;              ; SW[5]            ; PIN_U12         ; QSF Assignment             ;
; Location                    ;                    ;              ; SW[6]            ; PIN_U11         ; QSF Assignment             ;
; Location                    ;                    ;              ; SW[7]            ; PIN_M2          ; QSF Assignment             ;
; Location                    ;                    ;              ; SW[8]            ; PIN_M1          ; QSF Assignment             ;
; Location                    ;                    ;              ; SW[9]            ; PIN_L2          ; QSF Assignment             ;
; Location                    ;                    ;              ; TCK              ; PIN_C7          ; QSF Assignment             ;
; Location                    ;                    ;              ; TCS              ; PIN_D8          ; QSF Assignment             ;
; Location                    ;                    ;              ; TDI              ; PIN_E8          ; QSF Assignment             ;
; Location                    ;                    ;              ; TDO              ; PIN_D7          ; QSF Assignment             ;
; Location                    ;                    ;              ; UART_RXD         ; PIN_F14         ; QSF Assignment             ;
; Location                    ;                    ;              ; UART_TXD         ; PIN_G12         ; QSF Assignment             ;
; Location                    ;                    ;              ; VGA_B[0]         ; PIN_A9          ; QSF Assignment             ;
; Location                    ;                    ;              ; VGA_B[1]         ; PIN_D11         ; QSF Assignment             ;
; Location                    ;                    ;              ; VGA_B[2]         ; PIN_A10         ; QSF Assignment             ;
; Location                    ;                    ;              ; VGA_B[3]         ; PIN_B10         ; QSF Assignment             ;
; Location                    ;                    ;              ; VGA_G[0]         ; PIN_B8          ; QSF Assignment             ;
; Location                    ;                    ;              ; VGA_G[1]         ; PIN_C10         ; QSF Assignment             ;
; Location                    ;                    ;              ; VGA_G[2]         ; PIN_B9          ; QSF Assignment             ;
; Location                    ;                    ;              ; VGA_G[3]         ; PIN_A8          ; QSF Assignment             ;
; Location                    ;                    ;              ; VGA_HS           ; PIN_A11         ; QSF Assignment             ;
; Location                    ;                    ;              ; VGA_R[0]         ; PIN_D9          ; QSF Assignment             ;
; Location                    ;                    ;              ; VGA_R[1]         ; PIN_C9          ; QSF Assignment             ;
; Location                    ;                    ;              ; VGA_R[2]         ; PIN_A7          ; QSF Assignment             ;
; Location                    ;                    ;              ; VGA_R[3]         ; PIN_B7          ; QSF Assignment             ;
; Location                    ;                    ;              ; VGA_VS           ; PIN_B11         ; QSF Assignment             ;
; I/O Standard                ;                    ;              ; AUD_ADCDAT       ; LVTTL           ; QSF Assignment             ;
; I/O Standard                ;                    ;              ; AUD_ADCLRCK      ; LVTTL           ; QSF Assignment             ;
; I/O Standard                ;                    ;              ; AUD_BCLK         ; LVTTL           ; QSF Assignment             ;
; I/O Standard                ;                    ;              ; AUD_DACDAT       ; LVTTL           ; QSF Assignment             ;
; I/O Standard                ;                    ;              ; AUD_DACLRCK      ; LVTTL           ; QSF Assignment             ;
; I/O Standard                ;                    ;              ; AUD_XCK          ; LVTTL           ; QSF Assignment             ;
; I/O Standard                ;                    ;              ; CLOCK_24[0]      ; LVTTL           ; QSF Assignment             ;
; I/O Standard                ;                    ;              ; CLOCK_24[1]      ; LVTTL           ; QSF Assignment             ;
; I/O Standard                ;                    ;              ; CLOCK_27[1]      ; LVTTL           ; QSF Assignment             ;
; I/O Standard                ;                    ;              ; EXT_CLOCK        ; LVTTL           ; QSF Assignment             ;
; I/O Standard                ;                    ;              ; GPIO_0[0]        ; LVTTL           ; QSF Assignment             ;
; I/O Standard                ;                    ;              ; GPIO_0[10]       ; LVTTL           ; QSF Assignment             ;
; I/O Standard                ;                    ;              ; GPIO_0[11]       ; LVTTL           ; QSF Assignment             ;
; I/O Standard                ;                    ;              ; GPIO_0[12]       ; LVTTL           ; QSF Assignment             ;
; I/O Standard                ;                    ;              ; GPIO_0[13]       ; LVTTL           ; QSF Assignment             ;
; I/O Standard                ;                    ;              ; GPIO_0[14]       ; LVTTL           ; QSF Assignment             ;
; I/O Standard                ;                    ;              ; GPIO_0[15]       ; LVTTL           ; QSF Assignment             ;
; I/O Standard                ;                    ;              ; GPIO_0[16]       ; LVTTL           ; QSF Assignment             ;
; I/O Standard                ;                    ;              ; GPIO_0[17]       ; LVTTL           ; QSF Assignment             ;
; I/O Standard                ;                    ;              ; GPIO_0[18]       ; LVTTL           ; QSF Assignment             ;
; I/O Standard                ;                    ;              ; GPIO_0[19]       ; LVTTL           ; QSF Assignment             ;
; I/O Standard                ;                    ;              ; GPIO_0[1]        ; LVTTL           ; QSF Assignment             ;
; I/O Standard                ;                    ;              ; GPIO_0[20]       ; LVTTL           ; QSF Assignment             ;
; I/O Standard                ;                    ;              ; GPIO_0[21]       ; LVTTL           ; QSF Assignment             ;
; I/O Standard                ;                    ;              ; GPIO_0[22]       ; LVTTL           ; QSF Assignment             ;
; I/O Standard                ;                    ;              ; GPIO_0[23]       ; LVTTL           ; QSF Assignment             ;
; I/O Standard                ;                    ;              ; GPIO_0[24]       ; LVTTL           ; QSF Assignment             ;
; I/O Standard                ;                    ;              ; GPIO_0[25]       ; LVTTL           ; QSF Assignment             ;
; I/O Standard                ;                    ;              ; GPIO_0[26]       ; LVTTL           ; QSF Assignment             ;
; I/O Standard                ;                    ;              ; GPIO_0[27]       ; LVTTL           ; QSF Assignment             ;
; I/O Standard                ;                    ;              ; GPIO_0[28]       ; LVTTL           ; QSF Assignment             ;
; I/O Standard                ;                    ;              ; GPIO_0[29]       ; LVTTL           ; QSF Assignment             ;
; I/O Standard                ;                    ;              ; GPIO_0[2]        ; LVTTL           ; QSF Assignment             ;
; I/O Standard                ;                    ;              ; GPIO_0[30]       ; LVTTL           ; QSF Assignment             ;
; I/O Standard                ;                    ;              ; GPIO_0[31]       ; LVTTL           ; QSF Assignment             ;
; I/O Standard                ;                    ;              ; GPIO_0[32]       ; LVTTL           ; QSF Assignment             ;
; I/O Standard                ;                    ;              ; GPIO_0[33]       ; LVTTL           ; QSF Assignment             ;
; I/O Standard                ;                    ;              ; GPIO_0[34]       ; LVTTL           ; QSF Assignment             ;
; I/O Standard                ;                    ;              ; GPIO_0[35]       ; LVTTL           ; QSF Assignment             ;
; I/O Standard                ;                    ;              ; GPIO_0[3]        ; LVTTL           ; QSF Assignment             ;
; I/O Standard                ;                    ;              ; GPIO_0[4]        ; LVTTL           ; QSF Assignment             ;
; I/O Standard                ;                    ;              ; GPIO_0[5]        ; LVTTL           ; QSF Assignment             ;
; I/O Standard                ;                    ;              ; GPIO_0[6]        ; LVTTL           ; QSF Assignment             ;
; I/O Standard                ;                    ;              ; GPIO_0[7]        ; LVTTL           ; QSF Assignment             ;
; I/O Standard                ;                    ;              ; GPIO_0[8]        ; LVTTL           ; QSF Assignment             ;
; I/O Standard                ;                    ;              ; GPIO_0[9]        ; LVTTL           ; QSF Assignment             ;
; I/O Standard                ;                    ;              ; GPIO_1[0]        ; LVTTL           ; QSF Assignment             ;
; I/O Standard                ;                    ;              ; GPIO_1[10]       ; LVTTL           ; QSF Assignment             ;
; I/O Standard                ;                    ;              ; GPIO_1[11]       ; LVTTL           ; QSF Assignment             ;
; I/O Standard                ;                    ;              ; GPIO_1[12]       ; LVTTL           ; QSF Assignment             ;
; I/O Standard                ;                    ;              ; GPIO_1[13]       ; LVTTL           ; QSF Assignment             ;
; I/O Standard                ;                    ;              ; GPIO_1[14]       ; LVTTL           ; QSF Assignment             ;
; I/O Standard                ;                    ;              ; GPIO_1[15]       ; LVTTL           ; QSF Assignment             ;
; I/O Standard                ;                    ;              ; GPIO_1[16]       ; LVTTL           ; QSF Assignment             ;
; I/O Standard                ;                    ;              ; GPIO_1[17]       ; LVTTL           ; QSF Assignment             ;
; I/O Standard                ;                    ;              ; GPIO_1[18]       ; LVTTL           ; QSF Assignment             ;
; I/O Standard                ;                    ;              ; GPIO_1[19]       ; LVTTL           ; QSF Assignment             ;
; I/O Standard                ;                    ;              ; GPIO_1[1]        ; LVTTL           ; QSF Assignment             ;
; I/O Standard                ;                    ;              ; GPIO_1[20]       ; LVTTL           ; QSF Assignment             ;
; I/O Standard                ;                    ;              ; GPIO_1[21]       ; LVTTL           ; QSF Assignment             ;
; I/O Standard                ;                    ;              ; GPIO_1[22]       ; LVTTL           ; QSF Assignment             ;
; I/O Standard                ;                    ;              ; GPIO_1[23]       ; LVTTL           ; QSF Assignment             ;
; I/O Standard                ;                    ;              ; GPIO_1[24]       ; LVTTL           ; QSF Assignment             ;
; I/O Standard                ;                    ;              ; GPIO_1[25]       ; LVTTL           ; QSF Assignment             ;
; I/O Standard                ;                    ;              ; GPIO_1[26]       ; LVTTL           ; QSF Assignment             ;
; I/O Standard                ;                    ;              ; GPIO_1[27]       ; LVTTL           ; QSF Assignment             ;
; I/O Standard                ;                    ;              ; GPIO_1[28]       ; LVTTL           ; QSF Assignment             ;
; I/O Standard                ;                    ;              ; GPIO_1[29]       ; LVTTL           ; QSF Assignment             ;
; I/O Standard                ;                    ;              ; GPIO_1[2]        ; LVTTL           ; QSF Assignment             ;
; I/O Standard                ;                    ;              ; GPIO_1[30]       ; LVTTL           ; QSF Assignment             ;
; I/O Standard                ;                    ;              ; GPIO_1[31]       ; LVTTL           ; QSF Assignment             ;
; I/O Standard                ;                    ;              ; GPIO_1[32]       ; LVTTL           ; QSF Assignment             ;
; I/O Standard                ;                    ;              ; GPIO_1[33]       ; LVTTL           ; QSF Assignment             ;
; I/O Standard                ;                    ;              ; GPIO_1[34]       ; LVTTL           ; QSF Assignment             ;
; I/O Standard                ;                    ;              ; GPIO_1[35]       ; LVTTL           ; QSF Assignment             ;
; I/O Standard                ;                    ;              ; GPIO_1[3]        ; LVTTL           ; QSF Assignment             ;
; I/O Standard                ;                    ;              ; GPIO_1[4]        ; LVTTL           ; QSF Assignment             ;
; I/O Standard                ;                    ;              ; GPIO_1[5]        ; LVTTL           ; QSF Assignment             ;
; I/O Standard                ;                    ;              ; GPIO_1[6]        ; LVTTL           ; QSF Assignment             ;
; I/O Standard                ;                    ;              ; GPIO_1[7]        ; LVTTL           ; QSF Assignment             ;
; I/O Standard                ;                    ;              ; GPIO_1[8]        ; LVTTL           ; QSF Assignment             ;
; I/O Standard                ;                    ;              ; GPIO_1[9]        ; LVTTL           ; QSF Assignment             ;
; I/O Standard                ;                    ;              ; I2C_SCLK         ; LVTTL           ; QSF Assignment             ;
; I/O Standard                ;                    ;              ; I2C_SDAT         ; LVTTL           ; QSF Assignment             ;
; I/O Standard                ;                    ;              ; KEY[1]           ; LVTTL           ; QSF Assignment             ;
; I/O Standard                ;                    ;              ; KEY[2]           ; LVTTL           ; QSF Assignment             ;
; I/O Standard                ;                    ;              ; KEY[3]           ; LVTTL           ; QSF Assignment             ;
; I/O Standard                ;                    ;              ; LEDG[0]          ; LVTTL           ; QSF Assignment             ;
; I/O Standard                ;                    ;              ; LEDG[1]          ; LVTTL           ; QSF Assignment             ;
; I/O Standard                ;                    ;              ; LEDG[2]          ; LVTTL           ; QSF Assignment             ;
; I/O Standard                ;                    ;              ; LEDG[3]          ; LVTTL           ; QSF Assignment             ;
; I/O Standard                ;                    ;              ; LEDG[4]          ; LVTTL           ; QSF Assignment             ;
; I/O Standard                ;                    ;              ; LEDG[5]          ; LVTTL           ; QSF Assignment             ;
; I/O Standard                ;                    ;              ; LEDG[6]          ; LVTTL           ; QSF Assignment             ;
; I/O Standard                ;                    ;              ; LEDG[7]          ; LVTTL           ; QSF Assignment             ;
; I/O Standard                ;                    ;              ; LEDR[0]          ; LVTTL           ; QSF Assignment             ;
; I/O Standard                ;                    ;              ; LEDR[1]          ; LVTTL           ; QSF Assignment             ;
; I/O Standard                ;                    ;              ; LEDR[2]          ; LVTTL           ; QSF Assignment             ;
; I/O Standard                ;                    ;              ; LEDR[3]          ; LVTTL           ; QSF Assignment             ;
; I/O Standard                ;                    ;              ; LEDR[4]          ; LVTTL           ; QSF Assignment             ;
; I/O Standard                ;                    ;              ; LEDR[5]          ; LVTTL           ; QSF Assignment             ;
; I/O Standard                ;                    ;              ; LEDR[6]          ; LVTTL           ; QSF Assignment             ;
; I/O Standard                ;                    ;              ; LEDR[7]          ; LVTTL           ; QSF Assignment             ;
; I/O Standard                ;                    ;              ; LEDR[8]          ; LVTTL           ; QSF Assignment             ;
; I/O Standard                ;                    ;              ; LEDR[9]          ; LVTTL           ; QSF Assignment             ;
; I/O Standard                ;                    ;              ; PS2_CLK          ; LVTTL           ; QSF Assignment             ;
; I/O Standard                ;                    ;              ; PS2_DAT          ; LVTTL           ; QSF Assignment             ;
; I/O Standard                ;                    ;              ; SW[0]            ; LVTTL           ; QSF Assignment             ;
; I/O Standard                ;                    ;              ; SW[1]            ; LVTTL           ; QSF Assignment             ;
; I/O Standard                ;                    ;              ; SW[2]            ; LVTTL           ; QSF Assignment             ;
; I/O Standard                ;                    ;              ; SW[3]            ; LVTTL           ; QSF Assignment             ;
; I/O Standard                ;                    ;              ; SW[4]            ; LVTTL           ; QSF Assignment             ;
; I/O Standard                ;                    ;              ; SW[5]            ; LVTTL           ; QSF Assignment             ;
; I/O Standard                ;                    ;              ; SW[6]            ; LVTTL           ; QSF Assignment             ;
; I/O Standard                ;                    ;              ; SW[7]            ; LVTTL           ; QSF Assignment             ;
; I/O Standard                ;                    ;              ; SW[8]            ; LVTTL           ; QSF Assignment             ;
; I/O Standard                ;                    ;              ; SW[9]            ; LVTTL           ; QSF Assignment             ;
; I/O Standard                ;                    ;              ; TCK              ; LVTTL           ; QSF Assignment             ;
; I/O Standard                ;                    ;              ; TCS              ; LVTTL           ; QSF Assignment             ;
; I/O Standard                ;                    ;              ; TDI              ; LVTTL           ; QSF Assignment             ;
; I/O Standard                ;                    ;              ; TDO              ; LVTTL           ; QSF Assignment             ;
; I/O Standard                ;                    ;              ; UART_RXD         ; LVTTL           ; QSF Assignment             ;
; I/O Standard                ;                    ;              ; UART_TXD         ; LVTTL           ; QSF Assignment             ;
; I/O Standard                ;                    ;              ; VGA_B[0]         ; LVTTL           ; QSF Assignment             ;
; I/O Standard                ;                    ;              ; VGA_B[1]         ; LVTTL           ; QSF Assignment             ;
; I/O Standard                ;                    ;              ; VGA_B[2]         ; LVTTL           ; QSF Assignment             ;
; I/O Standard                ;                    ;              ; VGA_B[3]         ; LVTTL           ; QSF Assignment             ;
; I/O Standard                ;                    ;              ; VGA_G[0]         ; LVTTL           ; QSF Assignment             ;
; I/O Standard                ;                    ;              ; VGA_G[1]         ; LVTTL           ; QSF Assignment             ;
; I/O Standard                ;                    ;              ; VGA_G[2]         ; LVTTL           ; QSF Assignment             ;
; I/O Standard                ;                    ;              ; VGA_G[3]         ; LVTTL           ; QSF Assignment             ;
; I/O Standard                ;                    ;              ; VGA_HS           ; LVTTL           ; QSF Assignment             ;
; I/O Standard                ;                    ;              ; VGA_R[0]         ; LVTTL           ; QSF Assignment             ;
; I/O Standard                ;                    ;              ; VGA_R[1]         ; LVTTL           ; QSF Assignment             ;
; I/O Standard                ;                    ;              ; VGA_R[2]         ; LVTTL           ; QSF Assignment             ;
; I/O Standard                ;                    ;              ; VGA_R[3]         ; LVTTL           ; QSF Assignment             ;
; I/O Standard                ;                    ;              ; VGA_VS           ; LVTTL           ; QSF Assignment             ;
; Fast Input Register         ; component_tutorial ;              ; *                ; ON              ; QSF Assignment             ;
; Fast Output Register        ; component_tutorial ;              ; *                ; ON              ; QSF Assignment             ;
; Current Strength            ; component_tutorial ;              ; I2C_SCLK         ; MAXIMUM CURRENT ; QSF Assignment             ;
; Current Strength            ; component_tutorial ;              ; I2C_SDAT         ; MAXIMUM CURRENT ; QSF Assignment             ;
; Fast Input Register         ; nios_system_sdram  ;              ; za_data[0]       ; ON              ; Compiler or HDL Assignment ;
; Fast Input Register         ; nios_system_sdram  ;              ; za_data[0]~reg0  ; ON              ; Compiler or HDL Assignment ;
; Fast Input Register         ; nios_system_sdram  ;              ; za_data[10]      ; ON              ; Compiler or HDL Assignment ;
; Fast Input Register         ; nios_system_sdram  ;              ; za_data[10]~reg0 ; ON              ; Compiler or HDL Assignment ;
; Fast Input Register         ; nios_system_sdram  ;              ; za_data[11]      ; ON              ; Compiler or HDL Assignment ;
; Fast Input Register         ; nios_system_sdram  ;              ; za_data[11]~reg0 ; ON              ; Compiler or HDL Assignment ;
; Fast Input Register         ; nios_system_sdram  ;              ; za_data[12]      ; ON              ; Compiler or HDL Assignment ;
; Fast Input Register         ; nios_system_sdram  ;              ; za_data[12]~reg0 ; ON              ; Compiler or HDL Assignment ;
; Fast Input Register         ; nios_system_sdram  ;              ; za_data[13]      ; ON              ; Compiler or HDL Assignment ;
; Fast Input Register         ; nios_system_sdram  ;              ; za_data[13]~reg0 ; ON              ; Compiler or HDL Assignment ;
; Fast Input Register         ; nios_system_sdram  ;              ; za_data[14]      ; ON              ; Compiler or HDL Assignment ;
; Fast Input Register         ; nios_system_sdram  ;              ; za_data[14]~reg0 ; ON              ; Compiler or HDL Assignment ;
; Fast Input Register         ; nios_system_sdram  ;              ; za_data[15]      ; ON              ; Compiler or HDL Assignment ;
; Fast Input Register         ; nios_system_sdram  ;              ; za_data[15]~reg0 ; ON              ; Compiler or HDL Assignment ;
; Fast Input Register         ; nios_system_sdram  ;              ; za_data[1]       ; ON              ; Compiler or HDL Assignment ;
; Fast Input Register         ; nios_system_sdram  ;              ; za_data[1]~reg0  ; ON              ; Compiler or HDL Assignment ;
; Fast Input Register         ; nios_system_sdram  ;              ; za_data[2]       ; ON              ; Compiler or HDL Assignment ;
; Fast Input Register         ; nios_system_sdram  ;              ; za_data[2]~reg0  ; ON              ; Compiler or HDL Assignment ;
; Fast Input Register         ; nios_system_sdram  ;              ; za_data[3]       ; ON              ; Compiler or HDL Assignment ;
; Fast Input Register         ; nios_system_sdram  ;              ; za_data[3]~reg0  ; ON              ; Compiler or HDL Assignment ;
; Fast Input Register         ; nios_system_sdram  ;              ; za_data[4]       ; ON              ; Compiler or HDL Assignment ;
; Fast Input Register         ; nios_system_sdram  ;              ; za_data[4]~reg0  ; ON              ; Compiler or HDL Assignment ;
; Fast Input Register         ; nios_system_sdram  ;              ; za_data[5]       ; ON              ; Compiler or HDL Assignment ;
; Fast Input Register         ; nios_system_sdram  ;              ; za_data[5]~reg0  ; ON              ; Compiler or HDL Assignment ;
; Fast Input Register         ; nios_system_sdram  ;              ; za_data[6]       ; ON              ; Compiler or HDL Assignment ;
; Fast Input Register         ; nios_system_sdram  ;              ; za_data[6]~reg0  ; ON              ; Compiler or HDL Assignment ;
; Fast Input Register         ; nios_system_sdram  ;              ; za_data[7]       ; ON              ; Compiler or HDL Assignment ;
; Fast Input Register         ; nios_system_sdram  ;              ; za_data[7]~reg0  ; ON              ; Compiler or HDL Assignment ;
; Fast Input Register         ; nios_system_sdram  ;              ; za_data[8]       ; ON              ; Compiler or HDL Assignment ;
; Fast Input Register         ; nios_system_sdram  ;              ; za_data[8]~reg0  ; ON              ; Compiler or HDL Assignment ;
; Fast Input Register         ; nios_system_sdram  ;              ; za_data[9]       ; ON              ; Compiler or HDL Assignment ;
; Fast Input Register         ; nios_system_sdram  ;              ; za_data[9]~reg0  ; ON              ; Compiler or HDL Assignment ;
; Fast Output Register        ; nios_system_sdram  ;              ; m_addr[0]        ; ON              ; Compiler or HDL Assignment ;
; Fast Output Register        ; nios_system_sdram  ;              ; m_addr[10]       ; ON              ; Compiler or HDL Assignment ;
; Fast Output Register        ; nios_system_sdram  ;              ; m_addr[11]       ; ON              ; Compiler or HDL Assignment ;
; Fast Output Register        ; nios_system_sdram  ;              ; m_addr[1]        ; ON              ; Compiler or HDL Assignment ;
; Fast Output Register        ; nios_system_sdram  ;              ; m_addr[2]        ; ON              ; Compiler or HDL Assignment ;
; Fast Output Register        ; nios_system_sdram  ;              ; m_addr[3]        ; ON              ; Compiler or HDL Assignment ;
; Fast Output Register        ; nios_system_sdram  ;              ; m_addr[4]        ; ON              ; Compiler or HDL Assignment ;
; Fast Output Register        ; nios_system_sdram  ;              ; m_addr[5]        ; ON              ; Compiler or HDL Assignment ;
; Fast Output Register        ; nios_system_sdram  ;              ; m_addr[6]        ; ON              ; Compiler or HDL Assignment ;
; Fast Output Register        ; nios_system_sdram  ;              ; m_addr[7]        ; ON              ; Compiler or HDL Assignment ;
; Fast Output Register        ; nios_system_sdram  ;              ; m_addr[8]        ; ON              ; Compiler or HDL Assignment ;
; Fast Output Register        ; nios_system_sdram  ;              ; m_addr[9]        ; ON              ; Compiler or HDL Assignment ;
; Fast Output Register        ; nios_system_sdram  ;              ; m_bank[0]        ; ON              ; Compiler or HDL Assignment ;
; Fast Output Register        ; nios_system_sdram  ;              ; m_bank[1]        ; ON              ; Compiler or HDL Assignment ;
; Fast Output Register        ; nios_system_sdram  ;              ; m_cmd[0]         ; ON              ; Compiler or HDL Assignment ;
; Fast Output Register        ; nios_system_sdram  ;              ; m_cmd[1]         ; ON              ; Compiler or HDL Assignment ;
; Fast Output Register        ; nios_system_sdram  ;              ; m_cmd[2]         ; ON              ; Compiler or HDL Assignment ;
; Fast Output Register        ; nios_system_sdram  ;              ; m_cmd[3]         ; ON              ; Compiler or HDL Assignment ;
; Fast Output Register        ; nios_system_sdram  ;              ; m_data[0]        ; ON              ; Compiler or HDL Assignment ;
; Fast Output Register        ; nios_system_sdram  ;              ; m_data[10]       ; ON              ; Compiler or HDL Assignment ;
; Fast Output Register        ; nios_system_sdram  ;              ; m_data[11]       ; ON              ; Compiler or HDL Assignment ;
; Fast Output Register        ; nios_system_sdram  ;              ; m_data[12]       ; ON              ; Compiler or HDL Assignment ;
; Fast Output Register        ; nios_system_sdram  ;              ; m_data[13]       ; ON              ; Compiler or HDL Assignment ;
; Fast Output Register        ; nios_system_sdram  ;              ; m_data[14]       ; ON              ; Compiler or HDL Assignment ;
; Fast Output Register        ; nios_system_sdram  ;              ; m_data[15]       ; ON              ; Compiler or HDL Assignment ;
; Fast Output Register        ; nios_system_sdram  ;              ; m_data[1]        ; ON              ; Compiler or HDL Assignment ;
; Fast Output Register        ; nios_system_sdram  ;              ; m_data[2]        ; ON              ; Compiler or HDL Assignment ;
; Fast Output Register        ; nios_system_sdram  ;              ; m_data[3]        ; ON              ; Compiler or HDL Assignment ;
; Fast Output Register        ; nios_system_sdram  ;              ; m_data[4]        ; ON              ; Compiler or HDL Assignment ;
; Fast Output Register        ; nios_system_sdram  ;              ; m_data[5]        ; ON              ; Compiler or HDL Assignment ;
; Fast Output Register        ; nios_system_sdram  ;              ; m_data[6]        ; ON              ; Compiler or HDL Assignment ;
; Fast Output Register        ; nios_system_sdram  ;              ; m_data[7]        ; ON              ; Compiler or HDL Assignment ;
; Fast Output Register        ; nios_system_sdram  ;              ; m_data[8]        ; ON              ; Compiler or HDL Assignment ;
; Fast Output Register        ; nios_system_sdram  ;              ; m_data[9]        ; ON              ; Compiler or HDL Assignment ;
; Fast Output Register        ; nios_system_sdram  ;              ; m_dqm[0]         ; ON              ; Compiler or HDL Assignment ;
; Fast Output Register        ; nios_system_sdram  ;              ; m_dqm[1]         ; ON              ; Compiler or HDL Assignment ;
; Fast Output Enable Register ; nios_system_sdram  ;              ; m_data[0]        ; ON              ; Compiler or HDL Assignment ;
; Fast Output Enable Register ; nios_system_sdram  ;              ; m_data[10]       ; ON              ; Compiler or HDL Assignment ;
; Fast Output Enable Register ; nios_system_sdram  ;              ; m_data[11]       ; ON              ; Compiler or HDL Assignment ;
; Fast Output Enable Register ; nios_system_sdram  ;              ; m_data[12]       ; ON              ; Compiler or HDL Assignment ;
; Fast Output Enable Register ; nios_system_sdram  ;              ; m_data[13]       ; ON              ; Compiler or HDL Assignment ;
; Fast Output Enable Register ; nios_system_sdram  ;              ; m_data[14]       ; ON              ; Compiler or HDL Assignment ;
; Fast Output Enable Register ; nios_system_sdram  ;              ; m_data[15]       ; ON              ; Compiler or HDL Assignment ;
; Fast Output Enable Register ; nios_system_sdram  ;              ; m_data[1]        ; ON              ; Compiler or HDL Assignment ;
; Fast Output Enable Register ; nios_system_sdram  ;              ; m_data[2]        ; ON              ; Compiler or HDL Assignment ;
; Fast Output Enable Register ; nios_system_sdram  ;              ; m_data[3]        ; ON              ; Compiler or HDL Assignment ;
; Fast Output Enable Register ; nios_system_sdram  ;              ; m_data[4]        ; ON              ; Compiler or HDL Assignment ;
; Fast Output Enable Register ; nios_system_sdram  ;              ; m_data[5]        ; ON              ; Compiler or HDL Assignment ;
; Fast Output Enable Register ; nios_system_sdram  ;              ; m_data[6]        ; ON              ; Compiler or HDL Assignment ;
; Fast Output Enable Register ; nios_system_sdram  ;              ; m_data[7]        ; ON              ; Compiler or HDL Assignment ;
; Fast Output Enable Register ; nios_system_sdram  ;              ; m_data[8]        ; ON              ; Compiler or HDL Assignment ;
; Fast Output Enable Register ; nios_system_sdram  ;              ; m_data[9]        ; ON              ; Compiler or HDL Assignment ;
; Fast Output Enable Register ; nios_system_sdram  ;              ; oe               ; ON              ; Compiler or HDL Assignment ;
+-----------------------------+--------------------+--------------+------------------+-----------------+----------------------------+


+----------------------------------------------+
; Incremental Compilation Preservation Summary ;
+---------------------+------------------------+
; Type                ; Value                  ;
+---------------------+------------------------+
; Placement (by node) ;                        ;
;     -- Requested    ; 0 / 6146 ( 0.00 % )    ;
;     -- Achieved     ; 0 / 6146 ( 0.00 % )    ;
;                     ;                        ;
; Routing (by net)    ;                        ;
;     -- Requested    ; 0 / 0 ( 0.00 % )       ;
;     -- Achieved     ; 0 / 0 ( 0.00 % )       ;
+---------------------+------------------------+


+----------------------------------------------------------------------------------------------------------------------------------------------------------------------------------------+
; Incremental Compilation Partition Settings                                                                                                                                             ;
+--------------------------------+----------------+-------------------+-------------------------+------------------------+------------------------------+--------------------------------+
; Partition Name                 ; Partition Type ; Netlist Type Used ; Preservation Level Used ; Netlist Type Requested ; Preservation Level Requested ; Contents                       ;
+--------------------------------+----------------+-------------------+-------------------------+------------------------+------------------------------+--------------------------------+
; Top                            ; User-created   ; Source File       ; N/A                     ; Source File            ; N/A                          ;                                ;
; sld_hub:auto_hub               ; Auto-generated ; Post-Synthesis    ; N/A                     ; Post-Synthesis         ; N/A                          ; sld_hub:auto_hub               ;
; hard_block:auto_generated_inst ; Auto-generated ; Source File       ; N/A                     ; Source File            ; N/A                          ; hard_block:auto_generated_inst ;
+--------------------------------+----------------+-------------------+-------------------------+------------------------+------------------------------+--------------------------------+


+------------------------------------------------------------------------------------------------------------+
; Incremental Compilation Placement Preservation                                                             ;
+--------------------------------+---------+-------------------+-------------------------+-------------------+
; Partition Name                 ; # Nodes ; # Preserved Nodes ; Preservation Level Used ; Netlist Type Used ;
+--------------------------------+---------+-------------------+-------------------------+-------------------+
; Top                            ; 5883    ; 0                 ; N/A                     ; Source File       ;
; sld_hub:auto_hub               ; 260     ; 0                 ; N/A                     ; Post-Synthesis    ;
; hard_block:auto_generated_inst ; 3       ; 0                 ; N/A                     ; Source File       ;
+--------------------------------+---------+-------------------+-------------------------+-------------------+


+--------------+
; Pin-Out File ;
+--------------+
The pin-out file can be found in C:/Users/mouazir/Documents/TP_System_on_ship/DE1_Basic_Computer/vhdl/DE1_Basic_Computer.pin.


+--------------------------------------------------------------------------+
; Fitter Resource Usage Summary                                            ;
+---------------------------------------------+----------------------------+
; Resource                                    ; Usage                      ;
+---------------------------------------------+----------------------------+
; Total logic elements                        ; 3,944 / 18,752 ( 21 % )    ;
;     -- Combinational with no register       ; 1348                       ;
;     -- Register only                        ; 587                        ;
;     -- Combinational with a register        ; 2009                       ;
;                                             ;                            ;
; Logic element usage by number of LUT inputs ;                            ;
;     -- 4 input functions                    ; 1850                       ;
;     -- 3 input functions                    ; 879                        ;
;     -- <=2 input functions                  ; 628                        ;
;     -- Register only                        ; 587                        ;
;                                             ;                            ;
; Logic elements by mode                      ;                            ;
;     -- normal mode                          ; 3114                       ;
;     -- arithmetic mode                      ; 243                        ;
;                                             ;                            ;
; Total registers*                            ; 2,596 / 19,649 ( 13 % )    ;
;     -- Dedicated logic registers            ; 2,596 / 18,752 ( 14 % )    ;
;     -- I/O registers                        ; 0 / 897 ( 0 % )            ;
;                                             ;                            ;
; Total LABs:  partially or completely used   ; 299 / 1,172 ( 26 % )       ;
; Virtual pins                                ; 0                          ;
; I/O pins                                    ; 30 / 315 ( 10 % )          ;
;     -- Clock pins                           ; 1 / 8 ( 13 % )             ;
;                                             ;                            ;
; Global signals                              ; 7                          ;
; M4Ks                                        ; 23 / 52 ( 44 % )           ;
; Total block memory bits                     ; 77,952 / 239,616 ( 33 % )  ;
; Total block memory implementation bits      ; 105,984 / 239,616 ( 44 % ) ;
; Embedded Multiplier 9-bit elements          ; 0 / 52 ( 0 % )             ;
; PLLs                                        ; 0 / 4 ( 0 % )              ;
; Global clocks                               ; 7 / 16 ( 44 % )            ;
; JTAGs                                       ; 1 / 1 ( 100 % )            ;
; ASMI blocks                                 ; 0 / 1 ( 0 % )              ;
; CRC blocks                                  ; 0 / 1 ( 0 % )              ;
; Average interconnect usage (total/H/V)      ; 9% / 9% / 9%               ;
; Peak interconnect usage (total/H/V)         ; 19% / 18% / 20%            ;
; Maximum fan-out                             ; 2454                       ;
; Highest non-global fan-out                  ; 362                        ;
; Total fan-out                               ; 20854                      ;
; Average fan-out                             ; 3.26                       ;
+---------------------------------------------+----------------------------+
*  Register count does not include registers inside RAM blocks or DSP blocks.



+------------------------------------------------------------------------------------------------------------------------------+
; Fitter Partition Statistics                                                                                                  ;
+---------------------------------------------+-----------------------+-----------------------+--------------------------------+
; Statistic                                   ; Top                   ; sld_hub:auto_hub      ; hard_block:auto_generated_inst ;
+---------------------------------------------+-----------------------+-----------------------+--------------------------------+
; Difficulty Clustering Region                ; Low                   ; Low                   ; Low                            ;
;                                             ;                       ;                       ;                                ;
; Total logic elements                        ; 3770 / 18752 ( 20 % ) ; 174 / 18752 ( < 1 % ) ; 0 / 18752 ( 0 % )              ;
;     -- Combinational with no register       ; 1271                  ; 77                    ; 0                              ;
;     -- Register only                        ; 574                   ; 13                    ; 0                              ;
;     -- Combinational with a register        ; 1925                  ; 84                    ; 0                              ;
;                                             ;                       ;                       ;                                ;
; Logic element usage by number of LUT inputs ;                       ;                       ;                                ;
;     -- 4 input functions                    ; 1781                  ; 69                    ; 0                              ;
;     -- 3 input functions                    ; 828                   ; 51                    ; 0                              ;
;     -- <=2 input functions                  ; 587                   ; 41                    ; 0                              ;
;     -- Register only                        ; 574                   ; 13                    ; 0                              ;
;                                             ;                       ;                       ;                                ;
; Logic elements by mode                      ;                       ;                       ;                                ;
;     -- normal mode                          ; 2961                  ; 153                   ; 0                              ;
;     -- arithmetic mode                      ; 235                   ; 8                     ; 0                              ;
;                                             ;                       ;                       ;                                ;
; Total registers                             ; 2499                  ; 97                    ; 0                              ;
;     -- Dedicated logic registers            ; 2499 / 18752 ( 13 % ) ; 97 / 18752 ( < 1 % )  ; 0 / 18752 ( 0 % )              ;
;                                             ;                       ;                       ;                                ;
; Total LABs:  partially or completely used   ; 284 / 1172 ( 24 % )   ; 15 / 1172 ( 1 % )     ; 0 / 1172 ( 0 % )               ;
;                                             ;                       ;                       ;                                ;
; Virtual pins                                ; 0                     ; 0                     ; 0                              ;
; I/O pins                                    ; 30                    ; 0                     ; 0                              ;
; Embedded Multiplier 9-bit elements          ; 0 / 52 ( 0 % )        ; 0 / 52 ( 0 % )        ; 0 / 52 ( 0 % )                 ;
; Total memory bits                           ; 77952                 ; 0                     ; 0                              ;
; Total RAM block bits                        ; 105984                ; 0                     ; 0                              ;
; JTAG                                        ; 1 / 1 ( 100 % )       ; 0 / 1 ( 0 % )         ; 0 / 1 ( 0 % )                  ;
; M4K                                         ; 23 / 52 ( 44 % )      ; 0 / 52 ( 0 % )        ; 0 / 52 ( 0 % )                 ;
; Clock control block                         ; 5 / 20 ( 25 % )       ; 2 / 20 ( 10 % )       ; 0 / 20 ( 0 % )                 ;
;                                             ;                       ;                       ;                                ;
; Connections                                 ;                       ;                       ;                                ;
;     -- Input Connections                    ; 268                   ; 142                   ; 0                              ;
;     -- Registered Input Connections         ; 130                   ; 107                   ; 0                              ;
;     -- Output Connections                   ; 237                   ; 173                   ; 0                              ;
;     -- Registered Output Connections        ; 4                     ; 133                   ; 0                              ;
;                                             ;                       ;                       ;                                ;
; Internal Connections                        ;                       ;                       ;                                ;
;     -- Total Connections                    ; 20226                 ; 1027                  ; 0                              ;
;     -- Registered Connections               ; 8269                  ; 641                   ; 0                              ;
;                                             ;                       ;                       ;                                ;
; External Connections                        ;                       ;                       ;                                ;
;     -- Top                                  ; 192                   ; 313                   ; 0                              ;
;     -- sld_hub:auto_hub                     ; 313                   ; 2                     ; 0                              ;
;     -- hard_block:auto_generated_inst       ; 0                     ; 0                     ; 0                              ;
;                                             ;                       ;                       ;                                ;
; Partition Interface                         ;                       ;                       ;                                ;
;     -- Input Ports                          ; 42                    ; 23                    ; 0                              ;
;     -- Output Ports                         ; 35                    ; 40                    ; 0                              ;
;     -- Bidir Ports                          ; 0                     ; 0                     ; 0                              ;
;                                             ;                       ;                       ;                                ;
; Registered Ports                            ;                       ;                       ;                                ;
;     -- Registered Input Ports               ; 0                     ; 3                     ; 0                              ;
;     -- Registered Output Ports              ; 0                     ; 29                    ; 0                              ;
;                                             ;                       ;                       ;                                ;
; Port Connectivity                           ;                       ;                       ;                                ;
;     -- Input Ports driven by GND            ; 0                     ; 9                     ; 0                              ;
;     -- Output Ports driven by GND           ; 0                     ; 1                     ; 0                              ;
;     -- Input Ports driven by VCC            ; 0                     ; 0                     ; 0                              ;
;     -- Output Ports driven by VCC           ; 0                     ; 0                     ; 0                              ;
;     -- Input Ports with no Source           ; 0                     ; 1                     ; 0                              ;
;     -- Output Ports with no Source          ; 0                     ; 0                     ; 0                              ;
;     -- Input Ports with no Fanout           ; 0                     ; 2                     ; 0                              ;
;     -- Output Ports with no Fanout          ; 0                     ; 26                    ; 0                              ;
+---------------------------------------------+-----------------------+-----------------------+--------------------------------+


+----------------------------------------------------------------------------------------------------------------------------------------------------------------------------------------------------------------------------------------------------------------+
; Input Pins                                                                                                                                                                                                                                                     ;
+----------+-------+----------+--------------+--------------+-------------+-----------------------+--------------------+--------+----------------+---------------+-----------------+----------+--------------+--------------+-------------+----------------------+
; Name     ; Pin # ; I/O Bank ; X coordinate ; Y coordinate ; Cell number ; Combinational Fan-Out ; Registered Fan-Out ; Global ; Input Register ; Power Up High ; PCI I/O Enabled ; Bus Hold ; Weak Pull Up ; I/O Standard ; Termination ; Location assigned by ;
+----------+-------+----------+--------------+--------------+-------------+-----------------------+--------------------+--------+----------------+---------------+-----------------+----------+--------------+--------------+-------------+----------------------+
; CLOCK_50 ; L1    ; 2        ; 0            ; 13           ; 0           ; 1                     ; 0                  ; yes    ; no             ; no            ; no              ; no       ; Off          ; 3.3-V LVTTL  ; Off         ; User                 ;
; KEY[0]   ; R22   ; 6        ; 50           ; 10           ; 1           ; 4                     ; 0                  ; no     ; no             ; no            ; no              ; no       ; Off          ; 3.3-V LVTTL  ; Off         ; User                 ;
+----------+-------+----------+--------------+--------------+-------------+-----------------------+--------------------+--------+----------------+---------------+-----------------+----------+--------------+--------------+-------------+----------------------+


+---------------------------------------------------------------------------------------------------------------------------------------------------------------------------------------------------------------------------------------------------------------------------------------------------------------------------------------+
; Output Pins                                                                                                                                                                                                                                                                                                                           ;
+---------+-------+----------+--------------+--------------+-------------+-----------------+------------------------+---------------+-----------------+------------+---------------+----------+--------------+--------------+------------------+-------------+----------------------+------+----------------------+---------------------+
; Name    ; Pin # ; I/O Bank ; X coordinate ; Y coordinate ; Cell number ; Output Register ; Output Enable Register ; Power Up High ; PCI I/O Enabled ; Open Drain ; TRI Primitive ; Bus Hold ; Weak Pull Up ; I/O Standard ; Current Strength ; Termination ; Location assigned by ; Load ; Output Enable Source ; Output Enable Group ;
+---------+-------+----------+--------------+--------------+-------------+-----------------+------------------------+---------------+-----------------+------------+---------------+----------+--------------+--------------+------------------+-------------+----------------------+------+----------------------+---------------------+
; HEX0[0] ; J2    ; 2        ; 0            ; 18           ; 2           ; no              ; no                     ; no            ; no              ; no         ; no            ; no       ; Off          ; 3.3-V LVTTL  ; 4mA              ; Off         ; User                 ; 0 pF ; -                    ; -                   ;
; HEX0[1] ; J1    ; 2        ; 0            ; 18           ; 1           ; no              ; no                     ; no            ; no              ; no         ; no            ; no       ; Off          ; 3.3-V LVTTL  ; 4mA              ; Off         ; User                 ; 0 pF ; -                    ; -                   ;
; HEX0[2] ; H2    ; 2        ; 0            ; 19           ; 1           ; no              ; no                     ; no            ; no              ; no         ; no            ; no       ; Off          ; 3.3-V LVTTL  ; 4mA              ; Off         ; User                 ; 0 pF ; -                    ; -                   ;
; HEX0[3] ; H1    ; 2        ; 0            ; 19           ; 0           ; no              ; no                     ; no            ; no              ; no         ; no            ; no       ; Off          ; 3.3-V LVTTL  ; 4mA              ; Off         ; User                 ; 0 pF ; -                    ; -                   ;
; HEX0[4] ; F2    ; 2        ; 0            ; 20           ; 3           ; no              ; no                     ; no            ; no              ; no         ; no            ; no       ; Off          ; 3.3-V LVTTL  ; 4mA              ; Off         ; User                 ; 0 pF ; -                    ; -                   ;
; HEX0[5] ; F1    ; 2        ; 0            ; 20           ; 2           ; no              ; no                     ; no            ; no              ; no         ; no            ; no       ; Off          ; 3.3-V LVTTL  ; 4mA              ; Off         ; User                 ; 0 pF ; -                    ; -                   ;
; HEX0[6] ; E2    ; 2        ; 0            ; 20           ; 1           ; no              ; no                     ; no            ; no              ; no         ; no            ; no       ; Off          ; 3.3-V LVTTL  ; 4mA              ; Off         ; User                 ; 0 pF ; -                    ; -                   ;
; HEX1[0] ; E1    ; 2        ; 0            ; 20           ; 0           ; no              ; no                     ; no            ; no              ; no         ; no            ; no       ; Off          ; 3.3-V LVTTL  ; 4mA              ; Off         ; User                 ; 0 pF ; -                    ; -                   ;
; HEX1[1] ; H6    ; 2        ; 0            ; 21           ; 3           ; no              ; no                     ; no            ; no              ; no         ; no            ; no       ; Off          ; 3.3-V LVTTL  ; 4mA              ; Off         ; User                 ; 0 pF ; -                    ; -                   ;
; HEX1[2] ; H5    ; 2        ; 0            ; 21           ; 2           ; no              ; no                     ; no            ; no              ; no         ; no            ; no       ; Off          ; 3.3-V LVTTL  ; 4mA              ; Off         ; User                 ; 0 pF ; -                    ; -                   ;
; HEX1[3] ; H4    ; 2        ; 0            ; 21           ; 1           ; no              ; no                     ; no            ; no              ; no         ; no            ; no       ; Off          ; 3.3-V LVTTL  ; 4mA              ; Off         ; User                 ; 0 pF ; -                    ; -                   ;
; HEX1[4] ; G3    ; 2        ; 0            ; 21           ; 0           ; no              ; no                     ; no            ; no              ; no         ; no            ; no       ; Off          ; 3.3-V LVTTL  ; 4mA              ; Off         ; User                 ; 0 pF ; -                    ; -                   ;
; HEX1[5] ; D2    ; 2        ; 0            ; 22           ; 3           ; no              ; no                     ; no            ; no              ; no         ; no            ; no       ; Off          ; 3.3-V LVTTL  ; 4mA              ; Off         ; User                 ; 0 pF ; -                    ; -                   ;
; HEX1[6] ; D1    ; 2        ; 0            ; 22           ; 2           ; no              ; no                     ; no            ; no              ; no         ; no            ; no       ; Off          ; 3.3-V LVTTL  ; 4mA              ; Off         ; User                 ; 0 pF ; -                    ; -                   ;
; HEX2[0] ; G5    ; 2        ; 0            ; 22           ; 0           ; no              ; no                     ; no            ; no              ; no         ; no            ; no       ; Off          ; 3.3-V LVTTL  ; 4mA              ; Off         ; User                 ; 0 pF ; -                    ; -                   ;
; HEX2[1] ; G6    ; 2        ; 0            ; 23           ; 3           ; no              ; no                     ; no            ; no              ; no         ; no            ; no       ; Off          ; 3.3-V LVTTL  ; 4mA              ; Off         ; User                 ; 0 pF ; -                    ; -                   ;
; HEX2[2] ; C2    ; 2        ; 0            ; 23           ; 1           ; no              ; no                     ; no            ; no              ; no         ; no            ; no       ; Off          ; 3.3-V LVTTL  ; 4mA              ; Off         ; User                 ; 0 pF ; -                    ; -                   ;
; HEX2[3] ; C1    ; 2        ; 0            ; 23           ; 0           ; no              ; no                     ; no            ; no              ; no         ; no            ; no       ; Off          ; 3.3-V LVTTL  ; 4mA              ; Off         ; User                 ; 0 pF ; -                    ; -                   ;
; HEX2[4] ; E3    ; 2        ; 0            ; 24           ; 2           ; no              ; no                     ; no            ; no              ; no         ; no            ; no       ; Off          ; 3.3-V LVTTL  ; 4mA              ; Off         ; User                 ; 0 pF ; -                    ; -                   ;
; HEX2[5] ; E4    ; 2        ; 0            ; 24           ; 3           ; no              ; no                     ; no            ; no              ; no         ; no            ; no       ; Off          ; 3.3-V LVTTL  ; 4mA              ; Off         ; User                 ; 0 pF ; -                    ; -                   ;
; HEX2[6] ; D3    ; 2        ; 0            ; 25           ; 2           ; no              ; no                     ; no            ; no              ; no         ; no            ; no       ; Off          ; 3.3-V LVTTL  ; 4mA              ; Off         ; User                 ; 0 pF ; -                    ; -                   ;
; HEX3[0] ; F4    ; 2        ; 0            ; 23           ; 2           ; no              ; no                     ; no            ; no              ; no         ; no            ; no       ; Off          ; 3.3-V LVTTL  ; 4mA              ; Off         ; User                 ; 0 pF ; -                    ; -                   ;
; HEX3[1] ; D5    ; 2        ; 0            ; 24           ; 0           ; no              ; no                     ; no            ; no              ; no         ; no            ; no       ; Off          ; 3.3-V LVTTL  ; 4mA              ; Off         ; User                 ; 0 pF ; -                    ; -                   ;
; HEX3[2] ; D6    ; 2        ; 0            ; 24           ; 1           ; no              ; no                     ; no            ; no              ; no         ; no            ; no       ; Off          ; 3.3-V LVTTL  ; 4mA              ; Off         ; User                 ; 0 pF ; -                    ; -                   ;
; HEX3[3] ; J4    ; 2        ; 0            ; 18           ; 0           ; no              ; no                     ; no            ; no              ; no         ; no            ; no       ; Off          ; 3.3-V LVTTL  ; 4mA              ; Off         ; User                 ; 0 pF ; -                    ; -                   ;
; HEX3[4] ; L8    ; 2        ; 0            ; 19           ; 2           ; no              ; no                     ; no            ; no              ; no         ; no            ; no       ; Off          ; 3.3-V LVTTL  ; 4mA              ; Off         ; User                 ; 0 pF ; -                    ; -                   ;
; HEX3[5] ; F3    ; 2        ; 0            ; 22           ; 1           ; no              ; no                     ; no            ; no              ; no         ; no            ; no       ; Off          ; 3.3-V LVTTL  ; 4mA              ; Off         ; User                 ; 0 pF ; -                    ; -                   ;
; HEX3[6] ; D4    ; 2        ; 0            ; 25           ; 3           ; no              ; no                     ; no            ; no              ; no         ; no            ; no       ; Off          ; 3.3-V LVTTL  ; 4mA              ; Off         ; User                 ; 0 pF ; -                    ; -                   ;
+---------+-------+----------+--------------+--------------+-------------+-----------------+------------------------+---------------+-----------------+------------+---------------+----------+--------------+--------------+------------------+-------------+----------------------+------+----------------------+---------------------+


+------------------------------------------------------------+
; I/O Bank Usage                                             ;
+----------+------------------+---------------+--------------+
; I/O Bank ; Usage            ; VCCIO Voltage ; VREF Voltage ;
+----------+------------------+---------------+--------------+
; 1        ; 0 / 41 ( 0 % )   ; 3.3V          ; --           ;
; 2        ; 31 / 33 ( 94 % ) ; 3.3V          ; --           ;
; 3        ; 0 / 43 ( 0 % )   ; 3.3V          ; --           ;
; 4        ; 0 / 40 ( 0 % )   ; 3.3V          ; --           ;
; 5        ; 0 / 39 ( 0 % )   ; 3.3V          ; --           ;
; 6        ; 2 / 36 ( 6 % )   ; 3.3V          ; --           ;
; 7        ; 0 / 40 ( 0 % )   ; 3.3V          ; --           ;
; 8        ; 0 / 43 ( 0 % )   ; 3.3V          ; --           ;
+----------+------------------+---------------+--------------+


+------------------------------------------------------------------------------------------------------------------------------------------------------------------------+
; All Package Pins                                                                                                                                                       ;
+----------+------------+----------+------------------------------------------+--------+--------------+---------+------------+-----------------+----------+--------------+
; Location ; Pad Number ; I/O Bank ; Pin Name/Usage                           ; Dir.   ; I/O Standard ; Voltage ; I/O Type   ; User Assignment ; Bus Hold ; Weak Pull Up ;
+----------+------------+----------+------------------------------------------+--------+--------------+---------+------------+-----------------+----------+--------------+
; A1       ;            ;          ; GND                                      ; gnd    ;              ;         ; --         ;                 ; --       ; --           ;
; A2       ;            ; 3        ; VCCIO3                                   ; power  ;              ; 3.3V    ; --         ;                 ; --       ; --           ;
; A3       ; 325        ; 3        ; GND*                                     ;        ;              ;         ; Column I/O ;                 ; no       ; Off          ;
; A4       ; 324        ; 3        ; GND*                                     ;        ;              ;         ; Column I/O ;                 ; no       ; Off          ;
; A5       ; 322        ; 3        ; GND*                                     ;        ;              ;         ; Column I/O ;                 ; no       ; Off          ;
; A6       ; 320        ; 3        ; GND*                                     ;        ;              ;         ; Column I/O ;                 ; no       ; Off          ;
; A7       ; 306        ; 3        ; GND*                                     ;        ;              ;         ; Column I/O ;                 ; no       ; Off          ;
; A8       ; 304        ; 3        ; GND*                                     ;        ;              ;         ; Column I/O ;                 ; no       ; Off          ;
; A9       ; 298        ; 3        ; GND*                                     ;        ;              ;         ; Column I/O ;                 ; no       ; Off          ;
; A10      ; 293        ; 3        ; GND*                                     ;        ;              ;         ; Column I/O ;                 ; no       ; Off          ;
; A11      ; 287        ; 3        ; GND*                                     ;        ;              ;         ; Column I/O ;                 ; no       ; Off          ;
; A12      ; 283        ; 4        ; GND+                                     ;        ;              ;         ; Column I/O ;                 ; --       ; --           ;
; A13      ; 281        ; 4        ; GND*                                     ;        ;              ;         ; Column I/O ;                 ; no       ; Off          ;
; A14      ; 279        ; 4        ; GND*                                     ;        ;              ;         ; Column I/O ;                 ; no       ; Off          ;
; A15      ; 273        ; 4        ; GND*                                     ;        ;              ;         ; Column I/O ;                 ; no       ; Off          ;
; A16      ; 271        ; 4        ; GND*                                     ;        ;              ;         ; Column I/O ;                 ; no       ; Off          ;
; A17      ; 265        ; 4        ; GND*                                     ;        ;              ;         ; Column I/O ;                 ; no       ; Off          ;
; A18      ; 251        ; 4        ; GND*                                     ;        ;              ;         ; Column I/O ;                 ; no       ; Off          ;
; A19      ; 249        ; 4        ; GND*                                     ;        ;              ;         ; Column I/O ;                 ; no       ; Off          ;
; A20      ; 247        ; 4        ; GND*                                     ;        ;              ;         ; Column I/O ;                 ; no       ; Off          ;
; A21      ;            ; 4        ; VCCIO4                                   ; power  ;              ; 3.3V    ; --         ;                 ; --       ; --           ;
; A22      ;            ;          ; GND                                      ; gnd    ;              ;         ; --         ;                 ; --       ; --           ;
; AA1      ;            ; 1        ; VCCIO1                                   ; power  ;              ; 3.3V    ; --         ;                 ; --       ; --           ;
; AA2      ;            ;          ; GND                                      ; gnd    ;              ;         ; --         ;                 ; --       ; --           ;
; AA3      ; 82         ; 8        ; GND*                                     ;        ;              ;         ; Column I/O ;                 ; no       ; Off          ;
; AA4      ; 85         ; 8        ; GND*                                     ;        ;              ;         ; Column I/O ;                 ; no       ; Off          ;
; AA5      ; 89         ; 8        ; GND*                                     ;        ;              ;         ; Column I/O ;                 ; no       ; Off          ;
; AA6      ; 97         ; 8        ; GND*                                     ;        ;              ;         ; Column I/O ;                 ; no       ; Off          ;
; AA7      ; 103        ; 8        ; GND*                                     ;        ;              ;         ; Column I/O ;                 ; no       ; Off          ;
; AA8      ; 111        ; 8        ; GND*                                     ;        ;              ;         ; Column I/O ;                 ; no       ; Off          ;
; AA9      ; 114        ; 8        ; GND*                                     ;        ;              ;         ; Column I/O ;                 ; no       ; Off          ;
; AA10     ; 120        ; 8        ; GND*                                     ;        ;              ;         ; Column I/O ;                 ; no       ; Off          ;
; AA11     ; 122        ; 8        ; GND*                                     ;        ;              ;         ; Column I/O ;                 ; no       ; Off          ;
; AA12     ; 128        ; 7        ; GND*                                     ;        ;              ;         ; Column I/O ;                 ; no       ; Off          ;
; AA13     ; 130        ; 7        ; GND*                                     ;        ;              ;         ; Column I/O ;                 ; no       ; Off          ;
; AA14     ; 136        ; 7        ; GND*                                     ;        ;              ;         ; Column I/O ;                 ; no       ; Off          ;
; AA15     ; 138        ; 7        ; GND*                                     ;        ;              ;         ; Column I/O ;                 ; no       ; Off          ;
; AA16     ; 140        ; 7        ; GND*                                     ;        ;              ;         ; Column I/O ;                 ; no       ; Off          ;
; AA17     ; 144        ; 7        ; GND*                                     ;        ;              ;         ; Column I/O ;                 ; no       ; Off          ;
; AA18     ; 153        ; 7        ; GND*                                     ;        ;              ;         ; Column I/O ;                 ; no       ; Off          ;
; AA19     ; 162        ; 7        ; GND*                                     ;        ;              ;         ; Column I/O ;                 ; no       ; Off          ;
; AA20     ; 164        ; 7        ; GND*                                     ;        ;              ;         ; Column I/O ;                 ; no       ; Off          ;
; AA21     ;            ;          ; GND                                      ; gnd    ;              ;         ; --         ;                 ; --       ; --           ;
; AA22     ;            ; 6        ; VCCIO6                                   ; power  ;              ; 3.3V    ; --         ;                 ; --       ; --           ;
; AB1      ;            ;          ; GND                                      ; gnd    ;              ;         ; --         ;                 ; --       ; --           ;
; AB2      ;            ; 8        ; VCCIO8                                   ; power  ;              ; 3.3V    ; --         ;                 ; --       ; --           ;
; AB3      ; 83         ; 8        ; GND*                                     ;        ;              ;         ; Column I/O ;                 ; no       ; Off          ;
; AB4      ; 84         ; 8        ; GND*                                     ;        ;              ;         ; Column I/O ;                 ; no       ; Off          ;
; AB5      ; 88         ; 8        ; GND*                                     ;        ;              ;         ; Column I/O ;                 ; no       ; Off          ;
; AB6      ; 96         ; 8        ; GND*                                     ;        ;              ;         ; Column I/O ;                 ; no       ; Off          ;
; AB7      ; 102        ; 8        ; GND*                                     ;        ;              ;         ; Column I/O ;                 ; no       ; Off          ;
; AB8      ; 110        ; 8        ; GND*                                     ;        ;              ;         ; Column I/O ;                 ; no       ; Off          ;
; AB9      ; 113        ; 8        ; GND*                                     ;        ;              ;         ; Column I/O ;                 ; no       ; Off          ;
; AB10     ; 119        ; 8        ; GND*                                     ;        ;              ;         ; Column I/O ;                 ; no       ; Off          ;
; AB11     ; 121        ; 8        ; GND*                                     ;        ;              ;         ; Column I/O ;                 ; no       ; Off          ;
; AB12     ; 127        ; 7        ; GND*                                     ;        ;              ;         ; Column I/O ;                 ; no       ; Off          ;
; AB13     ; 129        ; 7        ; GND*                                     ;        ;              ;         ; Column I/O ;                 ; no       ; Off          ;
; AB14     ; 135        ; 7        ; GND*                                     ;        ;              ;         ; Column I/O ;                 ; no       ; Off          ;
; AB15     ; 137        ; 7        ; GND*                                     ;        ;              ;         ; Column I/O ;                 ; no       ; Off          ;
; AB16     ; 139        ; 7        ; GND*                                     ;        ;              ;         ; Column I/O ;                 ; no       ; Off          ;
; AB17     ; 143        ; 7        ; GND*                                     ;        ;              ;         ; Column I/O ;                 ; no       ; Off          ;
; AB18     ; 152        ; 7        ; GND*                                     ;        ;              ;         ; Column I/O ;                 ; no       ; Off          ;
; AB19     ; 161        ; 7        ; GND*                                     ;        ;              ;         ; Column I/O ;                 ; no       ; Off          ;
; AB20     ; 163        ; 7        ; GND*                                     ;        ;              ;         ; Column I/O ;                 ; no       ; Off          ;
; AB21     ;            ; 7        ; VCCIO7                                   ; power  ;              ; 3.3V    ; --         ;                 ; --       ; --           ;
; AB22     ;            ;          ; GND                                      ; gnd    ;              ;         ; --         ;                 ; --       ; --           ;
; B1       ;            ; 2        ; VCCIO2                                   ; power  ;              ; 3.3V    ; --         ;                 ; --       ; --           ;
; B2       ;            ;          ; GND                                      ; gnd    ;              ;         ; --         ;                 ; --       ; --           ;
; B3       ; 326        ; 3        ; GND*                                     ;        ;              ;         ; Column I/O ;                 ; no       ; Off          ;
; B4       ; 323        ; 3        ; GND*                                     ;        ;              ;         ; Column I/O ;                 ; no       ; Off          ;
; B5       ; 321        ; 3        ; GND*                                     ;        ;              ;         ; Column I/O ;                 ; no       ; Off          ;
; B6       ; 319        ; 3        ; GND*                                     ;        ;              ;         ; Column I/O ;                 ; no       ; Off          ;
; B7       ; 305        ; 3        ; GND*                                     ;        ;              ;         ; Column I/O ;                 ; no       ; Off          ;
; B8       ; 303        ; 3        ; GND*                                     ;        ;              ;         ; Column I/O ;                 ; no       ; Off          ;
; B9       ; 297        ; 3        ; GND*                                     ;        ;              ;         ; Column I/O ;                 ; no       ; Off          ;
; B10      ; 292        ; 3        ; GND*                                     ;        ;              ;         ; Column I/O ;                 ; no       ; Off          ;
; B11      ; 286        ; 3        ; GND*                                     ;        ;              ;         ; Column I/O ;                 ; no       ; Off          ;
; B12      ; 282        ; 4        ; GND+                                     ;        ;              ;         ; Column I/O ;                 ; --       ; --           ;
; B13      ; 280        ; 4        ; GND*                                     ;        ;              ;         ; Column I/O ;                 ; no       ; Off          ;
; B14      ; 278        ; 4        ; GND*                                     ;        ;              ;         ; Column I/O ;                 ; no       ; Off          ;
; B15      ; 272        ; 4        ; GND*                                     ;        ;              ;         ; Column I/O ;                 ; no       ; Off          ;
; B16      ; 270        ; 4        ; GND*                                     ;        ;              ;         ; Column I/O ;                 ; no       ; Off          ;
; B17      ; 264        ; 4        ; GND*                                     ;        ;              ;         ; Column I/O ;                 ; no       ; Off          ;
; B18      ; 250        ; 4        ; GND*                                     ;        ;              ;         ; Column I/O ;                 ; no       ; Off          ;
; B19      ; 248        ; 4        ; GND*                                     ;        ;              ;         ; Column I/O ;                 ; no       ; Off          ;
; B20      ; 246        ; 4        ; GND*                                     ;        ;              ;         ; Column I/O ;                 ; no       ; Off          ;
; B21      ;            ;          ; GND                                      ; gnd    ;              ;         ; --         ;                 ; --       ; --           ;
; B22      ;            ; 5        ; VCCIO5                                   ; power  ;              ; 3.3V    ; --         ;                 ; --       ; --           ;
; C1       ; 8          ; 2        ; HEX2[3]                                  ; output ; 3.3-V LVTTL  ;         ; Row I/O    ; Y               ; no       ; Off          ;
; C2       ; 9          ; 2        ; HEX2[2]                                  ; output ; 3.3-V LVTTL  ;         ; Row I/O    ; Y               ; no       ; Off          ;
; C3       ; 1          ; 2        ; ~nCSO~ / RESERVED_INPUT_WITH_WEAK_PULLUP ; input  ; 3.3-V LVTTL  ;         ; Row I/O    ; N               ; no       ; On           ;
; C4       ; 0          ; 2        ; ~ASDO~ / RESERVED_INPUT_WITH_WEAK_PULLUP ; input  ; 3.3-V LVTTL  ;         ; Row I/O    ; N               ; no       ; On           ;
; C5       ;            ;          ; GND                                      ; gnd    ;              ;         ; --         ;                 ; --       ; --           ;
; C6       ;            ; 3        ; VCCIO3                                   ; power  ;              ; 3.3V    ; --         ;                 ; --       ; --           ;
; C7       ; 315        ; 3        ; GND*                                     ;        ;              ;         ; Column I/O ;                 ; --       ; --           ;
; C8       ;            ;          ; GND                                      ; gnd    ;              ;         ; --         ;                 ; --       ; --           ;
; C9       ; 310        ; 3        ; GND*                                     ;        ;              ;         ; Column I/O ;                 ; no       ; Off          ;
; C10      ; 296        ; 3        ; GND*                                     ;        ;              ;         ; Column I/O ;                 ; --       ; --           ;
; C11      ;            ; 3        ; VCCIO3                                   ; power  ;              ; 3.3V    ; --         ;                 ; --       ; --           ;
; C12      ;            ; 4        ; VCCIO4                                   ; power  ;              ; 3.3V    ; --         ;                 ; --       ; --           ;
; C13      ; 275        ; 4        ; GND*                                     ;        ;              ;         ; Column I/O ;                 ; --       ; --           ;
; C14      ; 260        ; 4        ; GND*                                     ;        ;              ;         ; Column I/O ;                 ; no       ; Off          ;
; C15      ;            ;          ; GND                                      ; gnd    ;              ;         ; --         ;                 ; --       ; --           ;
; C16      ; 254        ; 4        ; GND*                                     ;        ;              ;         ; Column I/O ;                 ; --       ; --           ;
; C17      ; 245        ; 4        ; GND*                                     ;        ;              ;         ; Column I/O ;                 ; no       ; Off          ;
; C18      ; 244        ; 4        ; GND*                                     ;        ;              ;         ; Column I/O ;                 ; no       ; Off          ;
; C19      ; 238        ; 5        ; GND*                                     ;        ;              ;         ; Row I/O    ;                 ; no       ; Off          ;
; C20      ; 239        ; 5        ; GND*                                     ;        ;              ;         ; Row I/O    ;                 ; no       ; Off          ;
; C21      ; 236        ; 5        ; GND*                                     ;        ;              ;         ; Row I/O    ;                 ; no       ; Off          ;
; C22      ; 237        ; 5        ; GND*                                     ;        ;              ;         ; Row I/O    ;                 ; no       ; Off          ;
; D1       ; 14         ; 2        ; HEX1[6]                                  ; output ; 3.3-V LVTTL  ;         ; Row I/O    ; Y               ; no       ; Off          ;
; D2       ; 15         ; 2        ; HEX1[5]                                  ; output ; 3.3-V LVTTL  ;         ; Row I/O    ; Y               ; no       ; Off          ;
; D3       ; 2          ; 2        ; HEX2[6]                                  ; output ; 3.3-V LVTTL  ;         ; Row I/O    ; Y               ; no       ; Off          ;
; D4       ; 3          ; 2        ; HEX3[6]                                  ; output ; 3.3-V LVTTL  ;         ; Row I/O    ; Y               ; no       ; Off          ;
; D5       ; 4          ; 2        ; HEX3[1]                                  ; output ; 3.3-V LVTTL  ;         ; Row I/O    ; Y               ; no       ; Off          ;
; D6       ; 5          ; 2        ; HEX3[2]                                  ; output ; 3.3-V LVTTL  ;         ; Row I/O    ; Y               ; no       ; Off          ;
; D7       ; 311        ; 3        ; GND*                                     ;        ;              ;         ; Column I/O ;                 ; no       ; Off          ;
; D8       ; 309        ; 3        ; GND*                                     ;        ;              ;         ; Column I/O ;                 ; no       ; Off          ;
; D9       ; 302        ; 3        ; GND*                                     ;        ;              ;         ; Column I/O ;                 ; no       ; Off          ;
; D10      ;            ;          ; GND                                      ; gnd    ;              ;         ; --         ;                 ; --       ; --           ;
; D11      ; 289        ; 3        ; GND*                                     ;        ;              ;         ; Column I/O ;                 ; no       ; Off          ;
; D12      ; 284        ; 3        ; GND+                                     ;        ;              ;         ; Column I/O ;                 ; --       ; --           ;
; D13      ;            ;          ; GND                                      ; gnd    ;              ;         ; --         ;                 ; --       ; --           ;
; D14      ; 267        ; 4        ; GND*                                     ;        ;              ;         ; Column I/O ;                 ; no       ; Off          ;
; D15      ; 259        ; 4        ; GND*                                     ;        ;              ;         ; Column I/O ;                 ; no       ; Off          ;
; D16      ; 255        ; 4        ; GND*                                     ;        ;              ;         ; Column I/O ;                 ; no       ; Off          ;
; D17      ;            ; 4        ; VCCIO4                                   ; power  ;              ; 3.3V    ; --         ;                 ; --       ; --           ;
; D18      ;            ;          ; GND                                      ; gnd    ;              ;         ; --         ;                 ; --       ; --           ;
; D19      ; 240        ; 5        ; GND*                                     ;        ;              ;         ; Row I/O    ;                 ; no       ; Off          ;
; D20      ; 241        ; 5        ; GND*                                     ;        ;              ;         ; Row I/O    ;                 ; no       ; Off          ;
; D21      ; 229        ; 5        ; GND*                                     ;        ;              ;         ; Row I/O    ;                 ; no       ; Off          ;
; D22      ; 230        ; 5        ; GND*                                     ;        ;              ;         ; Row I/O    ;                 ; no       ; Off          ;
; E1       ; 20         ; 2        ; HEX1[0]                                  ; output ; 3.3-V LVTTL  ;         ; Row I/O    ; Y               ; no       ; Off          ;
; E2       ; 21         ; 2        ; HEX0[6]                                  ; output ; 3.3-V LVTTL  ;         ; Row I/O    ; Y               ; no       ; Off          ;
; E3       ; 6          ; 2        ; HEX2[4]                                  ; output ; 3.3-V LVTTL  ;         ; Row I/O    ; Y               ; no       ; Off          ;
; E4       ; 7          ; 2        ; HEX2[5]                                  ; output ; 3.3-V LVTTL  ;         ; Row I/O    ; Y               ; no       ; Off          ;
; E5       ;            ;          ; VCCD_PLL3                                ; power  ;              ; 1.2V    ; --         ;                 ; --       ; --           ;
; E6       ;            ;          ; VCCA_PLL3                                ; power  ;              ; 1.2V    ; --         ;                 ; --       ; --           ;
; E7       ; 316        ; 3        ; GND*                                     ;        ;              ;         ; Column I/O ;                 ; no       ; Off          ;
; E8       ; 308        ; 3        ; GND*                                     ;        ;              ;         ; Column I/O ;                 ; no       ; Off          ;
; E9       ; 301        ; 3        ; GND*                                     ;        ;              ;         ; Column I/O ;                 ; no       ; Off          ;
; E10      ;            ; 3        ; VCCIO3                                   ; power  ;              ; 3.3V    ; --         ;                 ; --       ; --           ;
; E11      ; 288        ; 3        ; GND*                                     ;        ;              ;         ; Column I/O ;                 ; no       ; Off          ;
; E12      ; 285        ; 3        ; GND+                                     ;        ;              ;         ; Column I/O ;                 ; --       ; --           ;
; E13      ;            ; 4        ; VCCIO4                                   ; power  ;              ; 3.3V    ; --         ;                 ; --       ; --           ;
; E14      ; 266        ; 4        ; GND*                                     ;        ;              ;         ; Column I/O ;                 ; no       ; Off          ;
; E15      ; 256        ; 4        ; GND*                                     ;        ;              ;         ; Column I/O ;                 ; no       ; Off          ;
; E16      ;            ;          ; GNDA_PLL2                                ; gnd    ;              ;         ; --         ;                 ; --       ; --           ;
; E17      ;            ;          ; GND_PLL2                                 ; gnd    ;              ;         ; --         ;                 ; --       ; --           ;
; E18      ; 243        ; 5        ; GND*                                     ;        ;              ;         ; Row I/O    ;                 ; no       ; Off          ;
; E19      ; 242        ; 5        ; GND*                                     ;        ;              ;         ; Row I/O    ;                 ; no       ; Off          ;
; E20      ; 234        ; 5        ; GND*                                     ;        ;              ;         ; Row I/O    ;                 ; no       ; Off          ;
; E21      ; 227        ; 5        ; GND*                                     ;        ;              ;         ; Row I/O    ;                 ; no       ; Off          ;
; E22      ; 228        ; 5        ; GND*                                     ;        ;              ;         ; Row I/O    ;                 ; no       ; Off          ;
; F1       ; 22         ; 2        ; HEX0[5]                                  ; output ; 3.3-V LVTTL  ;         ; Row I/O    ; Y               ; no       ; Off          ;
; F2       ; 23         ; 2        ; HEX0[4]                                  ; output ; 3.3-V LVTTL  ;         ; Row I/O    ; Y               ; no       ; Off          ;
; F3       ; 13         ; 2        ; HEX3[5]                                  ; output ; 3.3-V LVTTL  ;         ; Row I/O    ; Y               ; no       ; Off          ;
; F4       ; 10         ; 2        ; HEX3[0]                                  ; output ; 3.3-V LVTTL  ;         ; Row I/O    ; Y               ; no       ; Off          ;
; F5       ;            ;          ; GND_PLL3                                 ; gnd    ;              ;         ; --         ;                 ; --       ; --           ;
; F6       ;            ;          ; GND_PLL3                                 ; gnd    ;              ;         ; --         ;                 ; --       ; --           ;
; F7       ;            ;          ; GNDA_PLL3                                ; gnd    ;              ;         ; --         ;                 ; --       ; --           ;
; F8       ; 312        ; 3        ; GND*                                     ;        ;              ;         ; Column I/O ;                 ; no       ; Off          ;
; F9       ; 307        ; 3        ; GND*                                     ;        ;              ;         ; Column I/O ;                 ; no       ; Off          ;
; F10      ; 295        ; 3        ; GND*                                     ;        ;              ;         ; Column I/O ;                 ; no       ; Off          ;
; F11      ; 294        ; 3        ; GND*                                     ;        ;              ;         ; Column I/O ;                 ; no       ; Off          ;
; F12      ; 276        ; 4        ; GND*                                     ;        ;              ;         ; Column I/O ;                 ; no       ; Off          ;
; F13      ; 269        ; 4        ; GND*                                     ;        ;              ;         ; Column I/O ;                 ; no       ; Off          ;
; F14      ; 268        ; 4        ; GND*                                     ;        ;              ;         ; Column I/O ;                 ; no       ; Off          ;
; F15      ; 262        ; 4        ; GND*                                     ;        ;              ;         ; Column I/O ;                 ; no       ; Off          ;
; F16      ;            ;          ; VCCA_PLL2                                ; power  ;              ; 1.2V    ; --         ;                 ; --       ; --           ;
; F17      ;            ;          ; VCCD_PLL2                                ; power  ;              ; 1.2V    ; --         ;                 ; --       ; --           ;
; F18      ;            ;          ; GND_PLL2                                 ; gnd    ;              ;         ; --         ;                 ; --       ; --           ;
; F19      ;            ;          ; GND                                      ; gnd    ;              ;         ; --         ;                 ; --       ; --           ;
; F20      ; 235        ; 5        ; GND*                                     ;        ;              ;         ; Row I/O    ;                 ; no       ; Off          ;
; F21      ; 223        ; 5        ; GND*                                     ;        ;              ;         ; Row I/O    ;                 ; no       ; Off          ;
; F22      ; 224        ; 5        ; GND*                                     ;        ;              ;         ; Row I/O    ;                 ; no       ; Off          ;
; G1       ;            ;          ; NC                                       ;        ;              ;         ; --         ;                 ; --       ; --           ;
; G2       ;            ;          ; NC                                       ;        ;              ;         ; --         ;                 ; --       ; --           ;
; G3       ; 16         ; 2        ; HEX1[4]                                  ; output ; 3.3-V LVTTL  ;         ; Row I/O    ; Y               ; no       ; Off          ;
; G4       ;            ;          ; GND                                      ; gnd    ;              ;         ; --         ;                 ; --       ; --           ;
; G5       ; 12         ; 2        ; HEX2[0]                                  ; output ; 3.3-V LVTTL  ;         ; Row I/O    ; Y               ; no       ; Off          ;
; G6       ; 11         ; 2        ; HEX2[1]                                  ; output ; 3.3-V LVTTL  ;         ; Row I/O    ; Y               ; no       ; Off          ;
; G7       ; 317        ; 3        ; GND*                                     ;        ;              ;         ; Column I/O ;                 ; no       ; Off          ;
; G8       ; 313        ; 3        ; GND*                                     ;        ;              ;         ; Column I/O ;                 ; no       ; Off          ;
; G9       ;            ; 3        ; VCCIO3                                   ; power  ;              ; 3.3V    ; --         ;                 ; --       ; --           ;
; G10      ;            ;          ; GND                                      ; gnd    ;              ;         ; --         ;                 ; --       ; --           ;
; G11      ; 291        ; 3        ; GND*                                     ;        ;              ;         ; Column I/O ;                 ; no       ; Off          ;
; G12      ; 277        ; 4        ; GND*                                     ;        ;              ;         ; Column I/O ;                 ; no       ; Off          ;
; G13      ;            ;          ; GND                                      ; gnd    ;              ;         ; --         ;                 ; --       ; --           ;
; G14      ;            ; 4        ; VCCIO4                                   ; power  ;              ; 3.3V    ; --         ;                 ; --       ; --           ;
; G15      ; 261        ; 4        ; GND*                                     ;        ;              ;         ; Column I/O ;                 ; no       ; Off          ;
; G16      ; 252        ; 4        ; GND*                                     ;        ;              ;         ; Column I/O ;                 ; no       ; Off          ;
; G17      ; 231        ; 5        ; GND*                                     ;        ;              ;         ; Row I/O    ;                 ; no       ; Off          ;
; G18      ; 232        ; 5        ; GND*                                     ;        ;              ;         ; Row I/O    ;                 ; no       ; Off          ;
; G19      ;            ; 5        ; VCCIO5                                   ; power  ;              ; 3.3V    ; --         ;                 ; --       ; --           ;
; G20      ; 233        ; 5        ; GND*                                     ;        ;              ;         ; Row I/O    ;                 ; --       ; --           ;
; G21      ; 221        ; 5        ; GND*                                     ;        ;              ;         ; Row I/O    ;                 ; no       ; Off          ;
; G22      ; 222        ; 5        ; GND*                                     ;        ;              ;         ; Row I/O    ;                 ; no       ; Off          ;
; H1       ; 24         ; 2        ; HEX0[3]                                  ; output ; 3.3-V LVTTL  ;         ; Row I/O    ; Y               ; no       ; Off          ;
; H2       ; 25         ; 2        ; HEX0[2]                                  ; output ; 3.3-V LVTTL  ;         ; Row I/O    ; Y               ; no       ; Off          ;
; H3       ; 27         ; 2        ; GND*                                     ;        ;              ;         ; Row I/O    ;                 ; --       ; --           ;
; H4       ; 17         ; 2        ; HEX1[3]                                  ; output ; 3.3-V LVTTL  ;         ; Row I/O    ; Y               ; no       ; Off          ;
; H5       ; 18         ; 2        ; HEX1[2]                                  ; output ; 3.3-V LVTTL  ;         ; Row I/O    ; Y               ; no       ; Off          ;
; H6       ; 19         ; 2        ; HEX1[1]                                  ; output ; 3.3-V LVTTL  ;         ; Row I/O    ; Y               ; no       ; Off          ;
; H7       ; 318        ; 3        ; GND*                                     ;        ;              ;         ; Column I/O ;                 ; no       ; Off          ;
; H8       ; 314        ; 3        ; GND*                                     ;        ;              ;         ; Column I/O ;                 ; no       ; Off          ;
; H9       ; 300        ; 3        ; GND*                                     ;        ;              ;         ; Column I/O ;                 ; no       ; Off          ;
; H10      ; 299        ; 3        ; GND*                                     ;        ;              ;         ; Column I/O ;                 ; no       ; Off          ;
; H11      ; 290        ; 3        ; GND*                                     ;        ;              ;         ; Column I/O ;                 ; no       ; Off          ;
; H12      ; 274        ; 4        ; GND*                                     ;        ;              ;         ; Column I/O ;                 ; no       ; Off          ;
; H13      ; 263        ; 4        ; GND*                                     ;        ;              ;         ; Column I/O ;                 ; no       ; Off          ;
; H14      ; 257        ; 4        ; GND*                                     ;        ;              ;         ; Column I/O ;                 ; no       ; Off          ;
; H15      ; 253        ; 4        ; GND*                                     ;        ;              ;         ; Column I/O ;                 ; no       ; Off          ;
; H16      ; 219        ; 5        ; GND*                                     ;        ;              ;         ; Row I/O    ;                 ; no       ; Off          ;
; H17      ; 226        ; 5        ; GND*                                     ;        ;              ;         ; Row I/O    ;                 ; no       ; Off          ;
; H18      ; 225        ; 5        ; GND*                                     ;        ;              ;         ; Row I/O    ;                 ; no       ; Off          ;
; H19      ; 214        ; 5        ; GND*                                     ;        ;              ;         ; Row I/O    ;                 ; no       ; Off          ;
; H20      ;            ;          ; GND                                      ; gnd    ;              ;         ; --         ;                 ; --       ; --           ;
; H21      ;            ;          ; NC                                       ;        ;              ;         ; --         ;                 ; --       ; --           ;
; H22      ;            ;          ; NC                                       ;        ;              ;         ; --         ;                 ; --       ; --           ;
; J1       ; 29         ; 2        ; HEX0[1]                                  ; output ; 3.3-V LVTTL  ;         ; Row I/O    ; Y               ; no       ; Off          ;
; J2       ; 30         ; 2        ; HEX0[0]                                  ; output ; 3.3-V LVTTL  ;         ; Row I/O    ; Y               ; no       ; Off          ;
; J3       ;            ;          ; NC                                       ;        ;              ;         ; --         ;                 ; --       ; --           ;
; J4       ; 28         ; 2        ; HEX3[3]                                  ; output ; 3.3-V LVTTL  ;         ; Row I/O    ; Y               ; no       ; Off          ;
; J5       ;            ;          ; NC                                       ;        ;              ;         ; --         ;                 ; --       ; --           ;
; J6       ;            ;          ; NC                                       ;        ;              ;         ; --         ;                 ; --       ; --           ;
; J7       ;            ; 2        ; VCCIO2                                   ; power  ;              ; 3.3V    ; --         ;                 ; --       ; --           ;
; J8       ;            ;          ; NC                                       ;        ;              ;         ; --         ;                 ; --       ; --           ;
; J9       ;            ;          ; NC                                       ;        ;              ;         ; --         ;                 ; --       ; --           ;
; J10      ;            ;          ; VCCINT                                   ; power  ;              ; 1.2V    ; --         ;                 ; --       ; --           ;
; J11      ;            ;          ; VCCINT                                   ; power  ;              ; 1.2V    ; --         ;                 ; --       ; --           ;
; J12      ;            ;          ; VCCINT                                   ; power  ;              ; 1.2V    ; --         ;                 ; --       ; --           ;
; J13      ;            ;          ; VCCINT                                   ; power  ;              ; 1.2V    ; --         ;                 ; --       ; --           ;
; J14      ; 258        ; 4        ; GND*                                     ;        ;              ;         ; Column I/O ;                 ; no       ; Off          ;
; J15      ; 220        ; 5        ; GND*                                     ;        ;              ;         ; Row I/O    ;                 ; no       ; Off          ;
; J16      ;            ; 5        ; VCCIO5                                   ; power  ;              ; 3.3V    ; --         ;                 ; --       ; --           ;
; J17      ; 218        ; 5        ; GND*                                     ;        ;              ;         ; Row I/O    ;                 ; no       ; Off          ;
; J18      ; 217        ; 5        ; GND*                                     ;        ;              ;         ; Row I/O    ;                 ; no       ; Off          ;
; J19      ; 216        ; 5        ; GND*                                     ;        ;              ;         ; Row I/O    ;                 ; no       ; Off          ;
; J20      ; 213        ; 5        ; GND*                                     ;        ;              ;         ; Row I/O    ;                 ; no       ; Off          ;
; J21      ; 211        ; 5        ; GND*                                     ;        ;              ;         ; Row I/O    ;                 ; no       ; Off          ;
; J22      ; 212        ; 5        ; GND*                                     ;        ;              ;         ; Row I/O    ;                 ; no       ; Off          ;
; K1       ; 37         ; 2        ; ^nCE                                     ;        ;              ;         ; --         ;                 ; --       ; --           ;
; K2       ; 32         ; 2        ; altera_reserved_tck                      ; input  ; 3.3-V LVTTL  ;         ; --         ; N               ; no       ; Off          ;
; K3       ;            ;          ; GND                                      ; gnd    ;              ;         ; --         ;                 ; --       ; --           ;
; K4       ; 36         ; 2        ; ^DATA0                                   ; input  ;              ;         ; --         ;                 ; --       ; --           ;
; K5       ; 31         ; 2        ; altera_reserved_tdi                      ; input  ; 3.3-V LVTTL  ;         ; --         ; N               ; no       ; Off          ;
; K6       ; 33         ; 2        ; altera_reserved_tms                      ; input  ; 3.3-V LVTTL  ;         ; --         ; N               ; no       ; Off          ;
; K7       ;            ;          ; GND                                      ; gnd    ;              ;         ; --         ;                 ; --       ; --           ;
; K8       ;            ;          ; NC                                       ;        ;              ;         ; --         ;                 ; --       ; --           ;
; K9       ;            ;          ; VCCINT                                   ; power  ;              ; 1.2V    ; --         ;                 ; --       ; --           ;
; K10      ;            ;          ; GND                                      ; gnd    ;              ;         ; --         ;                 ; --       ; --           ;
; K11      ;            ;          ; GND                                      ; gnd    ;              ;         ; --         ;                 ; --       ; --           ;
; K12      ;            ;          ; GND                                      ; gnd    ;              ;         ; --         ;                 ; --       ; --           ;
; K13      ;            ;          ; GND                                      ; gnd    ;              ;         ; --         ;                 ; --       ; --           ;
; K14      ;            ;          ; VCCINT                                   ; power  ;              ; 1.2V    ; --         ;                 ; --       ; --           ;
; K15      ;            ;          ; NC                                       ;        ;              ;         ; --         ;                 ; --       ; --           ;
; K16      ;            ;          ; GND                                      ; gnd    ;              ;         ; --         ;                 ; --       ; --           ;
; K17      ;            ;          ; NC                                       ;        ;              ;         ; --         ;                 ; --       ; --           ;
; K18      ;            ;          ; NC                                       ;        ;              ;         ; --         ;                 ; --       ; --           ;
; K19      ;            ;          ; GND                                      ; gnd    ;              ;         ; --         ;                 ; --       ; --           ;
; K20      ; 215        ; 5        ; GND*                                     ;        ;              ;         ; Row I/O    ;                 ; --       ; --           ;
; K21      ; 209        ; 5        ; GND*                                     ;        ;              ;         ; Row I/O    ;                 ; no       ; Off          ;
; K22      ; 210        ; 5        ; GND*                                     ;        ;              ;         ; Row I/O    ;                 ; no       ; Off          ;
; L1       ; 38         ; 2        ; CLOCK_50                                 ; input  ; 3.3-V LVTTL  ;         ; Row I/O    ; Y               ; no       ; Off          ;
; L2       ; 39         ; 2        ; GND+                                     ;        ;              ;         ; Row I/O    ;                 ; --       ; --           ;
; L3       ;            ; 2        ; VCCIO2                                   ; power  ;              ; 3.3V    ; --         ;                 ; --       ; --           ;
; L4       ; 40         ; 2        ; ^nCONFIG                                 ;        ;              ;         ; --         ;                 ; --       ; --           ;
; L5       ; 34         ; 2        ; altera_reserved_tdo                      ; output ; 3.3-V LVTTL  ;         ; --         ; N               ; no       ; Off          ;
; L6       ; 35         ; 2        ; ^DCLK                                    ;        ;              ;         ; --         ;                 ; --       ; --           ;
; L7       ;            ;          ; NC                                       ;        ;              ;         ; --         ;                 ; --       ; --           ;
; L8       ; 26         ; 2        ; HEX3[4]                                  ; output ; 3.3-V LVTTL  ;         ; Row I/O    ; Y               ; no       ; Off          ;
; L9       ;            ;          ; VCCINT                                   ; power  ;              ; 1.2V    ; --         ;                 ; --       ; --           ;
; L10      ;            ;          ; GND                                      ; gnd    ;              ;         ; --         ;                 ; --       ; --           ;
; L11      ;            ;          ; GND                                      ; gnd    ;              ;         ; --         ;                 ; --       ; --           ;
; L12      ;            ;          ; GND                                      ; gnd    ;              ;         ; --         ;                 ; --       ; --           ;
; L13      ;            ;          ; GND                                      ; gnd    ;              ;         ; --         ;                 ; --       ; --           ;
; L14      ;            ;          ; VCCINT                                   ; power  ;              ; 1.2V    ; --         ;                 ; --       ; --           ;
; L15      ;            ;          ; NC                                       ;        ;              ;         ; --         ;                 ; --       ; --           ;
; L16      ;            ;          ; NC                                       ;        ;              ;         ; --         ;                 ; --       ; --           ;
; L17      ;            ;          ; NC                                       ;        ;              ;         ; --         ;                 ; --       ; --           ;
; L18      ; 208        ; 5        ; GND*                                     ;        ;              ;         ; Row I/O    ;                 ; no       ; Off          ;
; L19      ; 207        ; 5        ; GND*                                     ;        ;              ;         ; Row I/O    ;                 ; no       ; Off          ;
; L20      ;            ; 5        ; VCCIO5                                   ; power  ;              ; 3.3V    ; --         ;                 ; --       ; --           ;
; L21      ; 205        ; 5        ; GND+                                     ;        ;              ;         ; Row I/O    ;                 ; --       ; --           ;
; L22      ; 206        ; 5        ; GND+                                     ;        ;              ;         ; Row I/O    ;                 ; --       ; --           ;
; M1       ; 41         ; 1        ; GND+                                     ;        ;              ;         ; Row I/O    ;                 ; --       ; --           ;
; M2       ; 42         ; 1        ; GND+                                     ;        ;              ;         ; Row I/O    ;                 ; --       ; --           ;
; M3       ;            ; 1        ; VCCIO1                                   ; power  ;              ; 3.3V    ; --         ;                 ; --       ; --           ;
; M4       ;            ;          ; GND                                      ; gnd    ;              ;         ; --         ;                 ; --       ; --           ;
; M5       ; 43         ; 1        ; GND*                                     ;        ;              ;         ; Row I/O    ;                 ; no       ; Off          ;
; M6       ; 44         ; 1        ; GND*                                     ;        ;              ;         ; Row I/O    ;                 ; no       ; Off          ;
; M7       ;            ;          ; NC                                       ;        ;              ;         ; --         ;                 ; --       ; --           ;
; M8       ;            ;          ; NC                                       ;        ;              ;         ; --         ;                 ; --       ; --           ;
; M9       ;            ;          ; VCCINT                                   ; power  ;              ; 1.2V    ; --         ;                 ; --       ; --           ;
; M10      ;            ;          ; GND                                      ; gnd    ;              ;         ; --         ;                 ; --       ; --           ;
; M11      ;            ;          ; GND                                      ; gnd    ;              ;         ; --         ;                 ; --       ; --           ;
; M12      ;            ;          ; GND                                      ; gnd    ;              ;         ; --         ;                 ; --       ; --           ;
; M13      ;            ;          ; GND                                      ; gnd    ;              ;         ; --         ;                 ; --       ; --           ;
; M14      ;            ;          ; VCCINT                                   ; power  ;              ; 1.2V    ; --         ;                 ; --       ; --           ;
; M15      ;            ;          ; NC                                       ;        ;              ;         ; --         ;                 ; --       ; --           ;
; M16      ;            ;          ; NC                                       ;        ;              ;         ; --         ;                 ; --       ; --           ;
; M17      ; 198        ; 6        ; ^MSEL0                                   ;        ;              ;         ; --         ;                 ; --       ; --           ;
; M18      ; 202        ; 6        ; GND*                                     ;        ;              ;         ; Row I/O    ;                 ; no       ; Off          ;
; M19      ; 201        ; 6        ; GND*                                     ;        ;              ;         ; Row I/O    ;                 ; no       ; Off          ;
; M20      ;            ; 6        ; VCCIO6                                   ; power  ;              ; 3.3V    ; --         ;                 ; --       ; --           ;
; M21      ; 203        ; 6        ; GND+                                     ;        ;              ;         ; Row I/O    ;                 ; --       ; --           ;
; M22      ; 204        ; 6        ; GND+                                     ;        ;              ;         ; Row I/O    ;                 ; --       ; --           ;
; N1       ; 45         ; 1        ; GND*                                     ;        ;              ;         ; Row I/O    ;                 ; no       ; Off          ;
; N2       ; 46         ; 1        ; GND*                                     ;        ;              ;         ; Row I/O    ;                 ; no       ; Off          ;
; N3       ; 51         ; 1        ; GND*                                     ;        ;              ;         ; Row I/O    ;                 ; no       ; Off          ;
; N4       ; 52         ; 1        ; GND*                                     ;        ;              ;         ; Row I/O    ;                 ; no       ; Off          ;
; N5       ;            ;          ; NC                                       ;        ;              ;         ; --         ;                 ; --       ; --           ;
; N6       ; 49         ; 1        ; GND*                                     ;        ;              ;         ; Row I/O    ;                 ; no       ; Off          ;
; N7       ;            ;          ; GND                                      ; gnd    ;              ;         ; --         ;                 ; --       ; --           ;
; N8       ;            ;          ; NC                                       ;        ;              ;         ; --         ;                 ; --       ; --           ;
; N9       ;            ;          ; VCCINT                                   ; power  ;              ; 1.2V    ; --         ;                 ; --       ; --           ;
; N10      ;            ;          ; GND                                      ; gnd    ;              ;         ; --         ;                 ; --       ; --           ;
; N11      ;            ;          ; GND                                      ; gnd    ;              ;         ; --         ;                 ; --       ; --           ;
; N12      ;            ;          ; GND                                      ; gnd    ;              ;         ; --         ;                 ; --       ; --           ;
; N13      ;            ;          ; GND                                      ; gnd    ;              ;         ; --         ;                 ; --       ; --           ;
; N14      ;            ;          ; VCCINT                                   ; power  ;              ; 1.2V    ; --         ;                 ; --       ; --           ;
; N15      ; 194        ; 6        ; GND*                                     ;        ;              ;         ; Row I/O    ;                 ; no       ; Off          ;
; N16      ;            ;          ; GND                                      ; gnd    ;              ;         ; --         ;                 ; --       ; --           ;
; N17      ; 197        ; 6        ; ^MSEL1                                   ;        ;              ;         ; --         ;                 ; --       ; --           ;
; N18      ; 196        ; 6        ; ^CONF_DONE                               ;        ;              ;         ; --         ;                 ; --       ; --           ;
; N19      ;            ;          ; GND                                      ; gnd    ;              ;         ; --         ;                 ; --       ; --           ;
; N20      ; 195        ; 6        ; ^nSTATUS                                 ;        ;              ;         ; --         ;                 ; --       ; --           ;
; N21      ; 199        ; 6        ; GND*                                     ;        ;              ;         ; Row I/O    ;                 ; no       ; Off          ;
; N22      ; 200        ; 6        ; GND*                                     ;        ;              ;         ; Row I/O    ;                 ; no       ; Off          ;
; P1       ; 47         ; 1        ; GND*                                     ;        ;              ;         ; Row I/O    ;                 ; no       ; Off          ;
; P2       ; 48         ; 1        ; GND*                                     ;        ;              ;         ; Row I/O    ;                 ; no       ; Off          ;
; P3       ; 50         ; 1        ; GND*                                     ;        ;              ;         ; Row I/O    ;                 ; --       ; --           ;
; P4       ;            ;          ; NC                                       ;        ;              ;         ; --         ;                 ; --       ; --           ;
; P5       ; 55         ; 1        ; GND*                                     ;        ;              ;         ; Row I/O    ;                 ; no       ; Off          ;
; P6       ; 56         ; 1        ; GND*                                     ;        ;              ;         ; Row I/O    ;                 ; no       ; Off          ;
; P7       ;            ; 1        ; VCCIO1                                   ; power  ;              ; 3.3V    ; --         ;                 ; --       ; --           ;
; P8       ; 95         ; 8        ; GND*                                     ;        ;              ;         ; Column I/O ;                 ; no       ; Off          ;
; P9       ; 94         ; 8        ; GND*                                     ;        ;              ;         ; Column I/O ;                 ; no       ; Off          ;
; P10      ;            ;          ; VCCINT                                   ; power  ;              ; 1.2V    ; --         ;                 ; --       ; --           ;
; P11      ;            ;          ; VCCINT                                   ; power  ;              ; 1.2V    ; --         ;                 ; --       ; --           ;
; P12      ;            ;          ; VCCINT                                   ; power  ;              ; 1.2V    ; --         ;                 ; --       ; --           ;
; P13      ;            ;          ; VCCINT                                   ; power  ;              ; 1.2V    ; --         ;                 ; --       ; --           ;
; P14      ;            ;          ; NC                                       ;        ;              ;         ; --         ;                 ; --       ; --           ;
; P15      ; 193        ; 6        ; GND*                                     ;        ;              ;         ; Row I/O    ;                 ; no       ; Off          ;
; P16      ;            ; 6        ; VCCIO6                                   ; power  ;              ; 3.3V    ; --         ;                 ; --       ; --           ;
; P17      ; 186        ; 6        ; GND*                                     ;        ;              ;         ; Row I/O    ;                 ; no       ; Off          ;
; P18      ; 187        ; 6        ; GND*                                     ;        ;              ;         ; Row I/O    ;                 ; no       ; Off          ;
; P19      ;            ;          ; NC                                       ;        ;              ;         ; --         ;                 ; --       ; --           ;
; P20      ;            ;          ; NC                                       ;        ;              ;         ; --         ;                 ; --       ; --           ;
; P21      ;            ;          ; NC                                       ;        ;              ;         ; --         ;                 ; --       ; --           ;
; P22      ;            ;          ; NC                                       ;        ;              ;         ; --         ;                 ; --       ; --           ;
; R1       ; 57         ; 1        ; GND*                                     ;        ;              ;         ; Row I/O    ;                 ; no       ; Off          ;
; R2       ; 58         ; 1        ; GND*                                     ;        ;              ;         ; Row I/O    ;                 ; no       ; Off          ;
; R3       ;            ;          ; GND                                      ; gnd    ;              ;         ; --         ;                 ; --       ; --           ;
; R4       ;            ;          ; NC                                       ;        ;              ;         ; --         ;                 ; --       ; --           ;
; R5       ; 63         ; 1        ; GND*                                     ;        ;              ;         ; Row I/O    ;                 ; no       ; Off          ;
; R6       ; 64         ; 1        ; GND*                                     ;        ;              ;         ; Row I/O    ;                 ; no       ; Off          ;
; R7       ; 54         ; 1        ; GND*                                     ;        ;              ;         ; Row I/O    ;                 ; no       ; Off          ;
; R8       ; 53         ; 1        ; GND*                                     ;        ;              ;         ; Row I/O    ;                 ; no       ; Off          ;
; R9       ; 109        ; 8        ; GND*                                     ;        ;              ;         ; Column I/O ;                 ; no       ; Off          ;
; R10      ; 108        ; 8        ; GND*                                     ;        ;              ;         ; Column I/O ;                 ; no       ; Off          ;
; R11      ; 116        ; 8        ; GND*                                     ;        ;              ;         ; Column I/O ;                 ; no       ; Off          ;
; R12      ; 134        ; 7        ; GND*                                     ;        ;              ;         ; Column I/O ;                 ; no       ; Off          ;
; R13      ; 145        ; 7        ; GND*                                     ;        ;              ;         ; Column I/O ;                 ; no       ; Off          ;
; R14      ; 150        ; 7        ; GND*                                     ;        ;              ;         ; Column I/O ;                 ; no       ; Off          ;
; R15      ; 151        ; 7        ; GND*                                     ;        ;              ;         ; Column I/O ;                 ; no       ; Off          ;
; R16      ; 155        ; 7        ; GND*                                     ;        ;              ;         ; Column I/O ;                 ; no       ; Off          ;
; R17      ; 177        ; 6        ; GND*                                     ;        ;              ;         ; Row I/O    ;                 ; no       ; Off          ;
; R18      ; 184        ; 6        ; GND*                                     ;        ;              ;         ; Row I/O    ;                 ; no       ; Off          ;
; R19      ; 185        ; 6        ; GND*                                     ;        ;              ;         ; Row I/O    ;                 ; no       ; Off          ;
; R20      ; 192        ; 6        ; GND*                                     ;        ;              ;         ; Row I/O    ;                 ; --       ; --           ;
; R21      ; 190        ; 6        ; GND*                                     ;        ;              ;         ; Row I/O    ;                 ; no       ; Off          ;
; R22      ; 191        ; 6        ; KEY[0]                                   ; input  ; 3.3-V LVTTL  ;         ; Row I/O    ; Y               ; no       ; Off          ;
; T1       ; 59         ; 1        ; GND*                                     ;        ;              ;         ; Row I/O    ;                 ; no       ; Off          ;
; T2       ; 60         ; 1        ; GND*                                     ;        ;              ;         ; Row I/O    ;                 ; no       ; Off          ;
; T3       ; 69         ; 1        ; GND*                                     ;        ;              ;         ; Row I/O    ;                 ; no       ; Off          ;
; T4       ;            ; 1        ; VCCIO1                                   ; power  ;              ; 3.3V    ; --         ;                 ; --       ; --           ;
; T5       ; 67         ; 1        ; GND*                                     ;        ;              ;         ; Row I/O    ;                 ; no       ; Off          ;
; T6       ; 68         ; 1        ; GND*                                     ;        ;              ;         ; Row I/O    ;                 ; no       ; Off          ;
; T7       ; 91         ; 8        ; GND*                                     ;        ;              ;         ; Column I/O ;                 ; no       ; Off          ;
; T8       ; 90         ; 8        ; GND*                                     ;        ;              ;         ; Column I/O ;                 ; no       ; Off          ;
; T9       ;            ; 8        ; VCCIO8                                   ; power  ;              ; 3.3V    ; --         ;                 ; --       ; --           ;
; T10      ;            ;          ; GND                                      ; gnd    ;              ;         ; --         ;                 ; --       ; --           ;
; T11      ; 115        ; 8        ; GND*                                     ;        ;              ;         ; Column I/O ;                 ; no       ; Off          ;
; T12      ; 131        ; 7        ; GND*                                     ;        ;              ;         ; Column I/O ;                 ; no       ; Off          ;
; T13      ;            ;          ; GND                                      ; gnd    ;              ;         ; --         ;                 ; --       ; --           ;
; T14      ;            ; 7        ; VCCIO7                                   ; power  ;              ; 3.3V    ; --         ;                 ; --       ; --           ;
; T15      ; 147        ; 7        ; GND*                                     ;        ;              ;         ; Column I/O ;                 ; no       ; Off          ;
; T16      ; 156        ; 7        ; GND*                                     ;        ;              ;         ; Column I/O ;                 ; no       ; Off          ;
; T17      ;            ;          ; GND_PLL4                                 ; gnd    ;              ;         ; --         ;                 ; --       ; --           ;
; T18      ; 171        ; 6        ; GND*                                     ;        ;              ;         ; Row I/O    ;                 ; no       ; Off          ;
; T19      ;            ; 6        ; VCCIO6                                   ; power  ;              ; 3.3V    ; --         ;                 ; --       ; --           ;
; T20      ;            ;          ; GND                                      ; gnd    ;              ;         ; --         ;                 ; --       ; --           ;
; T21      ; 188        ; 6        ; GND*                                     ;        ;              ;         ; Row I/O    ;                 ; no       ; Off          ;
; T22      ; 189        ; 6        ; GND*                                     ;        ;              ;         ; Row I/O    ;                 ; no       ; Off          ;
; U1       ; 61         ; 1        ; GND*                                     ;        ;              ;         ; Row I/O    ;                 ; no       ; Off          ;
; U2       ; 62         ; 1        ; GND*                                     ;        ;              ;         ; Row I/O    ;                 ; no       ; Off          ;
; U3       ; 70         ; 1        ; GND*                                     ;        ;              ;         ; Row I/O    ;                 ; --       ; --           ;
; U4       ; 80         ; 1        ; GND*                                     ;        ;              ;         ; Row I/O    ;                 ; no       ; Off          ;
; U5       ;            ;          ; GND_PLL1                                 ; gnd    ;              ;         ; --         ;                 ; --       ; --           ;
; U6       ;            ;          ; VCCD_PLL1                                ; power  ;              ; 1.2V    ; --         ;                 ; --       ; --           ;
; U7       ;            ;          ; VCCA_PLL1                                ; power  ;              ; 1.2V    ; --         ;                 ; --       ; --           ;
; U8       ; 92         ; 8        ; GND*                                     ;        ;              ;         ; Column I/O ;                 ; no       ; Off          ;
; U9       ; 106        ; 8        ; GND*                                     ;        ;              ;         ; Column I/O ;                 ; no       ; Off          ;
; U10      ; 107        ; 8        ; GND*                                     ;        ;              ;         ; Column I/O ;                 ; no       ; Off          ;
; U11      ; 123        ; 8        ; GND+                                     ;        ;              ;         ; Column I/O ;                 ; --       ; --           ;
; U12      ; 124        ; 8        ; GND+                                     ;        ;              ;         ; Column I/O ;                 ; --       ; --           ;
; U13      ; 132        ; 7        ; GND*                                     ;        ;              ;         ; Column I/O ;                 ; no       ; Off          ;
; U14      ; 146        ; 7        ; GND*                                     ;        ;              ;         ; Column I/O ;                 ; no       ; Off          ;
; U15      ; 157        ; 7        ; GND*                                     ;        ;              ;         ; Column I/O ;                 ; no       ; Off          ;
; U16      ;            ;          ; VCCA_PLL4                                ; power  ;              ; 1.2V    ; --         ;                 ; --       ; --           ;
; U17      ;            ;          ; VCCD_PLL4                                ; power  ;              ; 1.2V    ; --         ;                 ; --       ; --           ;
; U18      ; 170        ; 6        ; GND*                                     ;        ;              ;         ; Row I/O    ;                 ; no       ; Off          ;
; U19      ; 172        ; 6        ; GND*                                     ;        ;              ;         ; Row I/O    ;                 ; no       ; Off          ;
; U20      ; 176        ; 6        ; GND*                                     ;        ;              ;         ; Row I/O    ;                 ; --       ; --           ;
; U21      ; 182        ; 6        ; GND*                                     ;        ;              ;         ; Row I/O    ;                 ; no       ; Off          ;
; U22      ; 183        ; 6        ; GND*                                     ;        ;              ;         ; Row I/O    ;                 ; no       ; Off          ;
; V1       ; 65         ; 1        ; GND*                                     ;        ;              ;         ; Row I/O    ;                 ; no       ; Off          ;
; V2       ; 66         ; 1        ; GND*                                     ;        ;              ;         ; Row I/O    ;                 ; no       ; Off          ;
; V3       ;            ;          ; GND                                      ; gnd    ;              ;         ; --         ;                 ; --       ; --           ;
; V4       ; 81         ; 1        ; GND*                                     ;        ;              ;         ; Row I/O    ;                 ; no       ; Off          ;
; V5       ;            ;          ; GND_PLL1                                 ; gnd    ;              ;         ; --         ;                 ; --       ; --           ;
; V6       ;            ;          ; GND                                      ; gnd    ;              ;         ; --         ;                 ; --       ; --           ;
; V7       ;            ;          ; GNDA_PLL1                                ; gnd    ;              ;         ; --         ;                 ; --       ; --           ;
; V8       ; 98         ; 8        ; GND*                                     ;        ;              ;         ; Column I/O ;                 ; no       ; Off          ;
; V9       ; 101        ; 8        ; GND*                                     ;        ;              ;         ; Column I/O ;                 ; no       ; Off          ;
; V10      ;            ; 8        ; VCCIO8                                   ; power  ;              ; 3.3V    ; --         ;                 ; --       ; --           ;
; V11      ; 118        ; 8        ; GND*                                     ;        ;              ;         ; Column I/O ;                 ; no       ; Off          ;
; V12      ; 126        ; 7        ; GND+                                     ;        ;              ;         ; Column I/O ;                 ; --       ; --           ;
; V13      ;            ; 7        ; VCCIO7                                   ; power  ;              ; 3.3V    ; --         ;                 ; --       ; --           ;
; V14      ; 142        ; 7        ; GND*                                     ;        ;              ;         ; Column I/O ;                 ; no       ; Off          ;
; V15      ; 158        ; 7        ; GND*                                     ;        ;              ;         ; Column I/O ;                 ; no       ; Off          ;
; V16      ;            ;          ; GNDA_PLL4                                ; gnd    ;              ;         ; --         ;                 ; --       ; --           ;
; V17      ;            ;          ; GND                                      ; gnd    ;              ;         ; --         ;                 ; --       ; --           ;
; V18      ;            ;          ; GND_PLL4                                 ; gnd    ;              ;         ; --         ;                 ; --       ; --           ;
; V19      ; 166        ; 6        ; GND*                                     ;        ;              ;         ; Row I/O    ;                 ; no       ; Off          ;
; V20      ; 173        ; 6        ; GND*                                     ;        ;              ;         ; Row I/O    ;                 ; no       ; Off          ;
; V21      ; 180        ; 6        ; GND*                                     ;        ;              ;         ; Row I/O    ;                 ; no       ; Off          ;
; V22      ; 181        ; 6        ; GND*                                     ;        ;              ;         ; Row I/O    ;                 ; no       ; Off          ;
; W1       ; 71         ; 1        ; GND*                                     ;        ;              ;         ; Row I/O    ;                 ; no       ; Off          ;
; W2       ; 72         ; 1        ; GND*                                     ;        ;              ;         ; Row I/O    ;                 ; no       ; Off          ;
; W3       ; 75         ; 1        ; GND*                                     ;        ;              ;         ; Row I/O    ;                 ; no       ; Off          ;
; W4       ; 76         ; 1        ; GND*                                     ;        ;              ;         ; Row I/O    ;                 ; no       ; Off          ;
; W5       ; 79         ; 1        ; GND*                                     ;        ;              ;         ; Row I/O    ;                 ; no       ; Off          ;
; W6       ;            ; 8        ; VCCIO8                                   ; power  ;              ; 3.3V    ; --         ;                 ; --       ; --           ;
; W7       ; 99         ; 8        ; GND*                                     ;        ;              ;         ; Column I/O ;                 ; no       ; Off          ;
; W8       ; 100        ; 8        ; GND*                                     ;        ;              ;         ; Column I/O ;                 ; no       ; Off          ;
; W9       ; 105        ; 8        ; GND*                                     ;        ;              ;         ; Column I/O ;                 ; no       ; Off          ;
; W10      ;            ;          ; GND                                      ; gnd    ;              ;         ; --         ;                 ; --       ; --           ;
; W11      ; 117        ; 8        ; GND*                                     ;        ;              ;         ; Column I/O ;                 ; no       ; Off          ;
; W12      ; 125        ; 7        ; GND+                                     ;        ;              ;         ; Column I/O ;                 ; --       ; --           ;
; W13      ;            ;          ; GND                                      ; gnd    ;              ;         ; --         ;                 ; --       ; --           ;
; W14      ; 141        ; 7        ; GND*                                     ;        ;              ;         ; Column I/O ;                 ; no       ; Off          ;
; W15      ; 149        ; 7        ; GND*                                     ;        ;              ;         ; Column I/O ;                 ; no       ; Off          ;
; W16      ; 160        ; 7        ; GND*                                     ;        ;              ;         ; Column I/O ;                 ; no       ; Off          ;
; W17      ;            ; 7        ; VCCIO7                                   ; power  ;              ; 3.3V    ; --         ;                 ; --       ; --           ;
; W18      ;            ;          ; NC                                       ;        ;              ;         ; --         ;                 ; --       ; --           ;
; W19      ;            ;          ; GND                                      ; gnd    ;              ;         ; --         ;                 ; --       ; --           ;
; W20      ; 167        ; 6        ; ~LVDS91p/nCEO~                           ; output ; 3.3-V LVTTL  ;         ; Row I/O    ; N               ; no       ; Off          ;
; W21      ; 174        ; 6        ; GND*                                     ;        ;              ;         ; Row I/O    ;                 ; no       ; Off          ;
; W22      ; 175        ; 6        ; GND*                                     ;        ;              ;         ; Row I/O    ;                 ; no       ; Off          ;
; Y1       ; 73         ; 1        ; GND*                                     ;        ;              ;         ; Row I/O    ;                 ; no       ; Off          ;
; Y2       ; 74         ; 1        ; GND*                                     ;        ;              ;         ; Row I/O    ;                 ; no       ; Off          ;
; Y3       ; 77         ; 1        ; GND*                                     ;        ;              ;         ; Row I/O    ;                 ; no       ; Off          ;
; Y4       ; 78         ; 1        ; GND*                                     ;        ;              ;         ; Row I/O    ;                 ; no       ; Off          ;
; Y5       ; 86         ; 8        ; GND*                                     ;        ;              ;         ; Column I/O ;                 ; no       ; Off          ;
; Y6       ; 87         ; 8        ; GND*                                     ;        ;              ;         ; Column I/O ;                 ; no       ; Off          ;
; Y7       ; 93         ; 8        ; GND*                                     ;        ;              ;         ; Column I/O ;                 ; --       ; --           ;
; Y8       ;            ;          ; GND                                      ; gnd    ;              ;         ; --         ;                 ; --       ; --           ;
; Y9       ; 104        ; 8        ; GND*                                     ;        ;              ;         ; Column I/O ;                 ; no       ; Off          ;
; Y10      ; 112        ; 8        ; GND*                                     ;        ;              ;         ; Column I/O ;                 ; --       ; --           ;
; Y11      ;            ; 8        ; VCCIO8                                   ; power  ;              ; 3.3V    ; --         ;                 ; --       ; --           ;
; Y12      ;            ; 7        ; VCCIO7                                   ; power  ;              ; 3.3V    ; --         ;                 ; --       ; --           ;
; Y13      ; 133        ; 7        ; GND*                                     ;        ;              ;         ; Column I/O ;                 ; --       ; --           ;
; Y14      ; 148        ; 7        ; GND*                                     ;        ;              ;         ; Column I/O ;                 ; no       ; Off          ;
; Y15      ;            ;          ; GND                                      ; gnd    ;              ;         ; --         ;                 ; --       ; --           ;
; Y16      ; 154        ; 7        ; GND*                                     ;        ;              ;         ; Column I/O ;                 ; --       ; --           ;
; Y17      ; 159        ; 7        ; GND*                                     ;        ;              ;         ; Column I/O ;                 ; no       ; Off          ;
; Y18      ; 165        ; 6        ; GND*                                     ;        ;              ;         ; Row I/O    ;                 ; no       ; Off          ;
; Y19      ; 168        ; 6        ; GND*                                     ;        ;              ;         ; Row I/O    ;                 ; no       ; Off          ;
; Y20      ; 169        ; 6        ; GND*                                     ;        ;              ;         ; Row I/O    ;                 ; no       ; Off          ;
; Y21      ; 178        ; 6        ; GND*                                     ;        ;              ;         ; Row I/O    ;                 ; no       ; Off          ;
; Y22      ; 179        ; 6        ; GND*                                     ;        ;              ;         ; Row I/O    ;                 ; no       ; Off          ;
+----------+------------+----------+------------------------------------------+--------+--------------+---------+------------+-----------------+----------+--------------+
Note: Pin directions (input, output or bidir) are based on device operating in user mode.


+-------------------------------------------------------------------------------+
; Output Pin Default Load For Reported TCO                                      ;
+----------------------------------+-------+------------------------------------+
; I/O Standard                     ; Load  ; Termination Resistance             ;
+----------------------------------+-------+------------------------------------+
; 3.3-V LVTTL                      ; 0 pF  ; Not Available                      ;
; 3.3-V LVCMOS                     ; 0 pF  ; Not Available                      ;
; 2.5 V                            ; 0 pF  ; Not Available                      ;
; 1.8 V                            ; 0 pF  ; Not Available                      ;
; 1.5 V                            ; 0 pF  ; Not Available                      ;
; 3.3-V PCI                        ; 10 pF ; 25 Ohm (Parallel)                  ;
; 3.3-V PCI-X                      ; 10 pF ; 25 Ohm (Parallel)                  ;
; SSTL-2 Class I                   ; 0 pF  ; 50 Ohm (Parallel), 25 Ohm (Serial) ;
; SSTL-2 Class II                  ; 0 pF  ; 25 Ohm (Parallel), 25 Ohm (Serial) ;
; SSTL-18 Class I                  ; 0 pF  ; 50 Ohm (Parallel), 25 Ohm (Serial) ;
; SSTL-18 Class II                 ; 0 pF  ; 25 Ohm (Parallel), 25 Ohm (Serial) ;
; 1.5-V HSTL Class I               ; 0 pF  ; 50 Ohm (Parallel)                  ;
; 1.5-V HSTL Class II              ; 0 pF  ; 25 Ohm (Parallel)                  ;
; 1.8-V HSTL Class I               ; 0 pF  ; 50 Ohm (Parallel)                  ;
; 1.8-V HSTL Class II              ; 0 pF  ; 25 Ohm (Parallel)                  ;
; Differential SSTL-2              ; 0 pF  ; (See SSTL-2)                       ;
; Differential 2.5-V SSTL Class II ; 0 pF  ; (See SSTL-2 Class II)              ;
; Differential 1.8-V SSTL Class I  ; 0 pF  ; (See 1.8-V SSTL Class I)           ;
; Differential 1.8-V SSTL Class II ; 0 pF  ; (See 1.8-V SSTL Class II)          ;
; Differential 1.5-V HSTL Class I  ; 0 pF  ; (See 1.5-V HSTL Class I)           ;
; Differential 1.5-V HSTL Class II ; 0 pF  ; (See 1.5-V HSTL Class II)          ;
; Differential 1.8-V HSTL Class I  ; 0 pF  ; (See 1.8-V HSTL Class I)           ;
; Differential 1.8-V HSTL Class II ; 0 pF  ; (See 1.8-V HSTL Class II)          ;
; LVDS                             ; 0 pF  ; 100 Ohm (Differential)             ;
; mini-LVDS                        ; 0 pF  ; 100 Ohm (Differential)             ;
; RSDS                             ; 0 pF  ; 100 Ohm (Differential)             ;
; Simple RSDS                      ; 0 pF  ; Not Available                      ;
; Differential LVPECL              ; 0 pF  ; 100 Ohm (Differential)             ;
+----------------------------------+-------+------------------------------------+
Note: User assignments will override these defaults. The user specified values are listed in the Output Pins and Bidir Pins tables.


+---------------------------------------------------------------------------------------------------------------------------------------------------------------------------------------------------------------------------------------------------------------------------------------------------------------------------------------------------------------------------------------------------------------------------------------------------------------------------------------------------------------------------------------------------------------------------------------------------------------------------------------------------------------------------------------------------------------------------------------------------------------+
; Fitter Resource Utilization by Entity                                                                                                                                                                                                                                                                                                                                                                                                                                                                                                                                                                                                                                                                                                                         ;
+--------------------------------------------------------------------------------------------------------------------------------------------------------------------------------------------+-------------+---------------------------+---------------+-------------+------+--------------+---------+-----------+------+--------------+--------------+-------------------+------------------+---------------------------------------------------------------------------------------------------------------------------------------------------------------------------------------------------------------------------------------------------------------------------------------------------------------------------------------------------+--------------+
; Compilation Hierarchy Node                                                                                                                                                                 ; Logic Cells ; Dedicated Logic Registers ; I/O Registers ; Memory Bits ; M4Ks ; DSP Elements ; DSP 9x9 ; DSP 18x18 ; Pins ; Virtual Pins ; LUT-Only LCs ; Register-Only LCs ; LUT/Register LCs ; Full Hierarchy Name                                                                                                                                                                                                                                                                                                                               ; Library Name ;
+--------------------------------------------------------------------------------------------------------------------------------------------------------------------------------------------+-------------+---------------------------+---------------+-------------+------+--------------+---------+-----------+------+--------------+--------------+-------------------+------------------+---------------------------------------------------------------------------------------------------------------------------------------------------------------------------------------------------------------------------------------------------------------------------------------------------------------------------------------------------+--------------+
; |component_tutorial                                                                                                                                                                        ; 3944 (1)    ; 2596 (0)                  ; 0 (0)         ; 77952       ; 23   ; 0            ; 0       ; 0         ; 30   ; 0            ; 1348 (1)     ; 587 (0)           ; 2009 (0)         ; |component_tutorial                                                                                                                                                                                                                                                                                                                               ; work         ;
;    |hex7seg:h0|                                                                                                                                                                            ; 7 (7)       ; 0 (0)                     ; 0 (0)         ; 0           ; 0    ; 0            ; 0       ; 0         ; 0    ; 0            ; 7 (7)        ; 0 (0)             ; 0 (0)            ; |component_tutorial|hex7seg:h0                                                                                                                                                                                                                                                                                                                    ; work         ;
;    |hex7seg:h1|                                                                                                                                                                            ; 7 (7)       ; 0 (0)                     ; 0 (0)         ; 0           ; 0    ; 0            ; 0       ; 0         ; 0    ; 0            ; 7 (7)        ; 0 (0)             ; 0 (0)            ; |component_tutorial|hex7seg:h1                                                                                                                                                                                                                                                                                                                    ; work         ;
;    |hex7seg:h2|                                                                                                                                                                            ; 7 (7)       ; 0 (0)                     ; 0 (0)         ; 0           ; 0    ; 0            ; 0       ; 0         ; 0    ; 0            ; 7 (7)        ; 0 (0)             ; 0 (0)            ; |component_tutorial|hex7seg:h2                                                                                                                                                                                                                                                                                                                    ; work         ;
;    |hex7seg:h3|                                                                                                                                                                            ; 7 (7)       ; 0 (0)                     ; 0 (0)         ; 0           ; 0    ; 0            ; 0       ; 0         ; 0    ; 0            ; 7 (7)        ; 0 (0)             ; 0 (0)            ; |component_tutorial|hex7seg:h3                                                                                                                                                                                                                                                                                                                    ; work         ;
;    |nios_system:U0|                                                                                                                                                                        ; 3741 (0)    ; 2499 (0)                  ; 0 (0)         ; 77952       ; 23   ; 0            ; 0       ; 0         ; 0    ; 0            ; 1242 (0)     ; 574 (0)           ; 1925 (0)         ; |component_tutorial|nios_system:U0                                                                                                                                                                                                                                                                                                                ; nios_system  ;
;       |altera_merlin_master_agent:cpu_data_master_translator_avalon_universal_master_0_agent|                                                                                              ; 2 (2)       ; 1 (1)                     ; 0 (0)         ; 0           ; 0    ; 0            ; 0       ; 0         ; 0    ; 0            ; 1 (1)        ; 0 (0)             ; 1 (1)            ; |component_tutorial|nios_system:U0|altera_merlin_master_agent:cpu_data_master_translator_avalon_universal_master_0_agent                                                                                                                                                                                                                          ; nios_system  ;
;       |altera_merlin_master_agent:cpu_instruction_master_translator_avalon_universal_master_0_agent|                                                                                       ; 2 (2)       ; 0 (0)                     ; 0 (0)         ; 0           ; 0    ; 0            ; 0       ; 0         ; 0    ; 0            ; 2 (2)        ; 0 (0)             ; 0 (0)            ; |component_tutorial|nios_system:U0|altera_merlin_master_agent:cpu_instruction_master_translator_avalon_universal_master_0_agent                                                                                                                                                                                                                   ; nios_system  ;
;       |nios_system_Expansion_JP1:expansion_jp1|                                                                                                                                            ; 279 (279)   ; 257 (257)                 ; 0 (0)         ; 0           ; 0    ; 0            ; 0       ; 0         ; 0    ; 0            ; 22 (22)      ; 111 (111)         ; 146 (146)        ; |component_tutorial|nios_system:U0|nios_system_Expansion_JP1:expansion_jp1                                                                                                                                                                                                                                                                        ; nios_system  ;
;       |nios_system_Expansion_JP2:expansion_jp2|                                                                                                                                            ; 292 (292)   ; 257 (257)                 ; 0 (0)         ; 0           ; 0    ; 0            ; 0       ; 0         ; 0    ; 0            ; 34 (34)      ; 96 (96)           ; 162 (162)        ; |component_tutorial|nios_system:U0|nios_system_Expansion_JP2:expansion_jp2                                                                                                                                                                                                                                                                        ; nios_system  ;
;       |nios_system_Green_LEDs:green_leds|                                                                                                                                                  ; 26 (26)     ; 24 (24)                   ; 0 (0)         ; 0           ; 0    ; 0            ; 0       ; 0         ; 0    ; 0            ; 2 (2)        ; 16 (16)           ; 8 (8)            ; |component_tutorial|nios_system:U0|nios_system_Green_LEDs:green_leds                                                                                                                                                                                                                                                                              ; nios_system  ;
;       |nios_system_HEX3_HEX0:hex3_hex0|                                                                                                                                                    ; 103 (103)   ; 96 (96)                   ; 0 (0)         ; 0           ; 0    ; 0            ; 0       ; 0         ; 0    ; 0            ; 7 (7)        ; 64 (64)           ; 32 (32)          ; |component_tutorial|nios_system:U0|nios_system_HEX3_HEX0:hex3_hex0                                                                                                                                                                                                                                                                                ; nios_system  ;
;       |nios_system_Interval_timer:interval_timer|                                                                                                                                          ; 158 (158)   ; 120 (120)                 ; 0 (0)         ; 0           ; 0    ; 0            ; 0       ; 0         ; 0    ; 0            ; 38 (38)      ; 17 (17)           ; 103 (103)        ; |component_tutorial|nios_system:U0|nios_system_Interval_timer:interval_timer                                                                                                                                                                                                                                                                      ; nios_system  ;
;       |nios_system_JTAG_UART:jtag_uart|                                                                                                                                                    ; 161 (38)    ; 112 (13)                  ; 0 (0)         ; 1024        ; 2    ; 0            ; 0       ; 0         ; 0    ; 0            ; 39 (15)      ; 22 (3)            ; 100 (20)         ; |component_tutorial|nios_system:U0|nios_system_JTAG_UART:jtag_uart                                                                                                                                                                                                                                                                                ; nios_system  ;
;          |alt_jtag_atlantic:nios_system_JTAG_UART_alt_jtag_atlantic|                                                                                                                       ; 72 (72)     ; 59 (59)                   ; 0 (0)         ; 0           ; 0    ; 0            ; 0       ; 0         ; 0    ; 0            ; 13 (13)      ; 19 (19)           ; 40 (40)          ; |component_tutorial|nios_system:U0|nios_system_JTAG_UART:jtag_uart|alt_jtag_atlantic:nios_system_JTAG_UART_alt_jtag_atlantic                                                                                                                                                                                                                      ; work         ;
;          |nios_system_JTAG_UART_scfifo_r:the_nios_system_JTAG_UART_scfifo_r|                                                                                                               ; 26 (0)      ; 20 (0)                    ; 0 (0)         ; 512         ; 1    ; 0            ; 0       ; 0         ; 0    ; 0            ; 6 (0)        ; 0 (0)             ; 20 (0)           ; |component_tutorial|nios_system:U0|nios_system_JTAG_UART:jtag_uart|nios_system_JTAG_UART_scfifo_r:the_nios_system_JTAG_UART_scfifo_r                                                                                                                                                                                                              ; nios_system  ;
;             |scfifo:rfifo|                                                                                                                                                                 ; 26 (0)      ; 20 (0)                    ; 0 (0)         ; 512         ; 1    ; 0            ; 0       ; 0         ; 0    ; 0            ; 6 (0)        ; 0 (0)             ; 20 (0)           ; |component_tutorial|nios_system:U0|nios_system_JTAG_UART:jtag_uart|nios_system_JTAG_UART_scfifo_r:the_nios_system_JTAG_UART_scfifo_r|scfifo:rfifo                                                                                                                                                                                                 ; work         ;
;                |scfifo_1n21:auto_generated|                                                                                                                                                ; 26 (0)      ; 20 (0)                    ; 0 (0)         ; 512         ; 1    ; 0            ; 0       ; 0         ; 0    ; 0            ; 6 (0)        ; 0 (0)             ; 20 (0)           ; |component_tutorial|nios_system:U0|nios_system_JTAG_UART:jtag_uart|nios_system_JTAG_UART_scfifo_r:the_nios_system_JTAG_UART_scfifo_r|scfifo:rfifo|scfifo_1n21:auto_generated                                                                                                                                                                      ; work         ;
;                   |a_dpfifo_8t21:dpfifo|                                                                                                                                                   ; 26 (0)      ; 20 (0)                    ; 0 (0)         ; 512         ; 1    ; 0            ; 0       ; 0         ; 0    ; 0            ; 6 (0)        ; 0 (0)             ; 20 (0)           ; |component_tutorial|nios_system:U0|nios_system_JTAG_UART:jtag_uart|nios_system_JTAG_UART_scfifo_r:the_nios_system_JTAG_UART_scfifo_r|scfifo:rfifo|scfifo_1n21:auto_generated|a_dpfifo_8t21:dpfifo                                                                                                                                                 ; work         ;
;                      |a_fefifo_7cf:fifo_state|                                                                                                                                             ; 14 (8)      ; 8 (2)                     ; 0 (0)         ; 0           ; 0    ; 0            ; 0       ; 0         ; 0    ; 0            ; 6 (6)        ; 0 (0)             ; 8 (2)            ; |component_tutorial|nios_system:U0|nios_system_JTAG_UART:jtag_uart|nios_system_JTAG_UART_scfifo_r:the_nios_system_JTAG_UART_scfifo_r|scfifo:rfifo|scfifo_1n21:auto_generated|a_dpfifo_8t21:dpfifo|a_fefifo_7cf:fifo_state                                                                                                                         ; work         ;
;                         |cntr_rj7:count_usedw|                                                                                                                                             ; 6 (6)       ; 6 (6)                     ; 0 (0)         ; 0           ; 0    ; 0            ; 0       ; 0         ; 0    ; 0            ; 0 (0)        ; 0 (0)             ; 6 (6)            ; |component_tutorial|nios_system:U0|nios_system_JTAG_UART:jtag_uart|nios_system_JTAG_UART_scfifo_r:the_nios_system_JTAG_UART_scfifo_r|scfifo:rfifo|scfifo_1n21:auto_generated|a_dpfifo_8t21:dpfifo|a_fefifo_7cf:fifo_state|cntr_rj7:count_usedw                                                                                                    ; work         ;
;                      |cntr_fjb:rd_ptr_count|                                                                                                                                               ; 6 (6)       ; 6 (6)                     ; 0 (0)         ; 0           ; 0    ; 0            ; 0       ; 0         ; 0    ; 0            ; 0 (0)        ; 0 (0)             ; 6 (6)            ; |component_tutorial|nios_system:U0|nios_system_JTAG_UART:jtag_uart|nios_system_JTAG_UART_scfifo_r:the_nios_system_JTAG_UART_scfifo_r|scfifo:rfifo|scfifo_1n21:auto_generated|a_dpfifo_8t21:dpfifo|cntr_fjb:rd_ptr_count                                                                                                                           ; work         ;
;                      |cntr_fjb:wr_ptr|                                                                                                                                                     ; 6 (6)       ; 6 (6)                     ; 0 (0)         ; 0           ; 0    ; 0            ; 0       ; 0         ; 0    ; 0            ; 0 (0)        ; 0 (0)             ; 6 (6)            ; |component_tutorial|nios_system:U0|nios_system_JTAG_UART:jtag_uart|nios_system_JTAG_UART_scfifo_r:the_nios_system_JTAG_UART_scfifo_r|scfifo:rfifo|scfifo_1n21:auto_generated|a_dpfifo_8t21:dpfifo|cntr_fjb:wr_ptr                                                                                                                                 ; work         ;
;                      |dpram_5h21:FIFOram|                                                                                                                                                  ; 0 (0)       ; 0 (0)                     ; 0 (0)         ; 512         ; 1    ; 0            ; 0       ; 0         ; 0    ; 0            ; 0 (0)        ; 0 (0)             ; 0 (0)            ; |component_tutorial|nios_system:U0|nios_system_JTAG_UART:jtag_uart|nios_system_JTAG_UART_scfifo_r:the_nios_system_JTAG_UART_scfifo_r|scfifo:rfifo|scfifo_1n21:auto_generated|a_dpfifo_8t21:dpfifo|dpram_5h21:FIFOram                                                                                                                              ; work         ;
;                         |altsyncram_9tl1:altsyncram2|                                                                                                                                      ; 0 (0)       ; 0 (0)                     ; 0 (0)         ; 512         ; 1    ; 0            ; 0       ; 0         ; 0    ; 0            ; 0 (0)        ; 0 (0)             ; 0 (0)            ; |component_tutorial|nios_system:U0|nios_system_JTAG_UART:jtag_uart|nios_system_JTAG_UART_scfifo_r:the_nios_system_JTAG_UART_scfifo_r|scfifo:rfifo|scfifo_1n21:auto_generated|a_dpfifo_8t21:dpfifo|dpram_5h21:FIFOram|altsyncram_9tl1:altsyncram2                                                                                                  ; work         ;
;          |nios_system_JTAG_UART_scfifo_w:the_nios_system_JTAG_UART_scfifo_w|                                                                                                               ; 25 (0)      ; 20 (0)                    ; 0 (0)         ; 512         ; 1    ; 0            ; 0       ; 0         ; 0    ; 0            ; 5 (0)        ; 0 (0)             ; 20 (0)           ; |component_tutorial|nios_system:U0|nios_system_JTAG_UART:jtag_uart|nios_system_JTAG_UART_scfifo_w:the_nios_system_JTAG_UART_scfifo_w                                                                                                                                                                                                              ; nios_system  ;
;             |scfifo:wfifo|                                                                                                                                                                 ; 25 (0)      ; 20 (0)                    ; 0 (0)         ; 512         ; 1    ; 0            ; 0       ; 0         ; 0    ; 0            ; 5 (0)        ; 0 (0)             ; 20 (0)           ; |component_tutorial|nios_system:U0|nios_system_JTAG_UART:jtag_uart|nios_system_JTAG_UART_scfifo_w:the_nios_system_JTAG_UART_scfifo_w|scfifo:wfifo                                                                                                                                                                                                 ; work         ;
;                |scfifo_1n21:auto_generated|                                                                                                                                                ; 25 (0)      ; 20 (0)                    ; 0 (0)         ; 512         ; 1    ; 0            ; 0       ; 0         ; 0    ; 0            ; 5 (0)        ; 0 (0)             ; 20 (0)           ; |component_tutorial|nios_system:U0|nios_system_JTAG_UART:jtag_uart|nios_system_JTAG_UART_scfifo_w:the_nios_system_JTAG_UART_scfifo_w|scfifo:wfifo|scfifo_1n21:auto_generated                                                                                                                                                                      ; work         ;
;                   |a_dpfifo_8t21:dpfifo|                                                                                                                                                   ; 25 (0)      ; 20 (0)                    ; 0 (0)         ; 512         ; 1    ; 0            ; 0       ; 0         ; 0    ; 0            ; 5 (0)        ; 0 (0)             ; 20 (0)           ; |component_tutorial|nios_system:U0|nios_system_JTAG_UART:jtag_uart|nios_system_JTAG_UART_scfifo_w:the_nios_system_JTAG_UART_scfifo_w|scfifo:wfifo|scfifo_1n21:auto_generated|a_dpfifo_8t21:dpfifo                                                                                                                                                 ; work         ;
;                      |a_fefifo_7cf:fifo_state|                                                                                                                                             ; 13 (7)      ; 8 (2)                     ; 0 (0)         ; 0           ; 0    ; 0            ; 0       ; 0         ; 0    ; 0            ; 5 (5)        ; 0 (0)             ; 8 (2)            ; |component_tutorial|nios_system:U0|nios_system_JTAG_UART:jtag_uart|nios_system_JTAG_UART_scfifo_w:the_nios_system_JTAG_UART_scfifo_w|scfifo:wfifo|scfifo_1n21:auto_generated|a_dpfifo_8t21:dpfifo|a_fefifo_7cf:fifo_state                                                                                                                         ; work         ;
;                         |cntr_rj7:count_usedw|                                                                                                                                             ; 6 (6)       ; 6 (6)                     ; 0 (0)         ; 0           ; 0    ; 0            ; 0       ; 0         ; 0    ; 0            ; 0 (0)        ; 0 (0)             ; 6 (6)            ; |component_tutorial|nios_system:U0|nios_system_JTAG_UART:jtag_uart|nios_system_JTAG_UART_scfifo_w:the_nios_system_JTAG_UART_scfifo_w|scfifo:wfifo|scfifo_1n21:auto_generated|a_dpfifo_8t21:dpfifo|a_fefifo_7cf:fifo_state|cntr_rj7:count_usedw                                                                                                    ; work         ;
;                      |cntr_fjb:rd_ptr_count|                                                                                                                                               ; 6 (6)       ; 6 (6)                     ; 0 (0)         ; 0           ; 0    ; 0            ; 0       ; 0         ; 0    ; 0            ; 0 (0)        ; 0 (0)             ; 6 (6)            ; |component_tutorial|nios_system:U0|nios_system_JTAG_UART:jtag_uart|nios_system_JTAG_UART_scfifo_w:the_nios_system_JTAG_UART_scfifo_w|scfifo:wfifo|scfifo_1n21:auto_generated|a_dpfifo_8t21:dpfifo|cntr_fjb:rd_ptr_count                                                                                                                           ; work         ;
;                      |cntr_fjb:wr_ptr|                                                                                                                                                     ; 6 (6)       ; 6 (6)                     ; 0 (0)         ; 0           ; 0    ; 0            ; 0       ; 0         ; 0    ; 0            ; 0 (0)        ; 0 (0)             ; 6 (6)            ; |component_tutorial|nios_system:U0|nios_system_JTAG_UART:jtag_uart|nios_system_JTAG_UART_scfifo_w:the_nios_system_JTAG_UART_scfifo_w|scfifo:wfifo|scfifo_1n21:auto_generated|a_dpfifo_8t21:dpfifo|cntr_fjb:wr_ptr                                                                                                                                 ; work         ;
;                      |dpram_5h21:FIFOram|                                                                                                                                                  ; 0 (0)       ; 0 (0)                     ; 0 (0)         ; 512         ; 1    ; 0            ; 0       ; 0         ; 0    ; 0            ; 0 (0)        ; 0 (0)             ; 0 (0)            ; |component_tutorial|nios_system:U0|nios_system_JTAG_UART:jtag_uart|nios_system_JTAG_UART_scfifo_w:the_nios_system_JTAG_UART_scfifo_w|scfifo:wfifo|scfifo_1n21:auto_generated|a_dpfifo_8t21:dpfifo|dpram_5h21:FIFOram                                                                                                                              ; work         ;
;                         |altsyncram_9tl1:altsyncram2|                                                                                                                                      ; 0 (0)       ; 0 (0)                     ; 0 (0)         ; 512         ; 1    ; 0            ; 0       ; 0         ; 0    ; 0            ; 0 (0)        ; 0 (0)             ; 0 (0)            ; |component_tutorial|nios_system:U0|nios_system_JTAG_UART:jtag_uart|nios_system_JTAG_UART_scfifo_w:the_nios_system_JTAG_UART_scfifo_w|scfifo:wfifo|scfifo_1n21:auto_generated|a_dpfifo_8t21:dpfifo|dpram_5h21:FIFOram|altsyncram_9tl1:altsyncram2                                                                                                  ; work         ;
;       |nios_system_Onchip_memory:onchip_memory|                                                                                                                                            ; 1 (1)       ; 0 (0)                     ; 0 (0)         ; 65536       ; 16   ; 0            ; 0       ; 0         ; 0    ; 0            ; 1 (1)        ; 0 (0)             ; 0 (0)            ; |component_tutorial|nios_system:U0|nios_system_Onchip_memory:onchip_memory                                                                                                                                                                                                                                                                        ; nios_system  ;
;          |altsyncram:the_altsyncram|                                                                                                                                                       ; 0 (0)       ; 0 (0)                     ; 0 (0)         ; 65536       ; 16   ; 0            ; 0       ; 0         ; 0    ; 0            ; 0 (0)        ; 0 (0)             ; 0 (0)            ; |component_tutorial|nios_system:U0|nios_system_Onchip_memory:onchip_memory|altsyncram:the_altsyncram                                                                                                                                                                                                                                              ; work         ;
;             |altsyncram_ld32:auto_generated|                                                                                                                                               ; 0 (0)       ; 0 (0)                     ; 0 (0)         ; 65536       ; 16   ; 0            ; 0       ; 0         ; 0    ; 0            ; 0 (0)        ; 0 (0)             ; 0 (0)            ; |component_tutorial|nios_system:U0|nios_system_Onchip_memory:onchip_memory|altsyncram:the_altsyncram|altsyncram_ld32:auto_generated                                                                                                                                                                                                               ; work         ;
;       |nios_system_Pushbuttons:pushbuttons|                                                                                                                                                ; 11 (11)     ; 8 (8)                     ; 0 (0)         ; 0           ; 0    ; 0            ; 0       ; 0         ; 0    ; 0            ; 2 (2)        ; 4 (4)             ; 5 (5)            ; |component_tutorial|nios_system:U0|nios_system_Pushbuttons:pushbuttons                                                                                                                                                                                                                                                                            ; nios_system  ;
;       |nios_system_Red_LEDs:red_leds|                                                                                                                                                      ; 35 (35)     ; 30 (30)                   ; 0 (0)         ; 0           ; 0    ; 0            ; 0       ; 0         ; 0    ; 0            ; 5 (5)        ; 20 (20)           ; 10 (10)          ; |component_tutorial|nios_system:U0|nios_system_Red_LEDs:red_leds                                                                                                                                                                                                                                                                                  ; nios_system  ;
;       |nios_system_SRAM:sram|                                                                                                                                                              ; 34 (34)     ; 34 (34)                   ; 0 (0)         ; 0           ; 0    ; 0            ; 0       ; 0         ; 0    ; 0            ; 0 (0)        ; 0 (0)             ; 34 (34)          ; |component_tutorial|nios_system:U0|nios_system_SRAM:sram                                                                                                                                                                                                                                                                                          ; nios_system  ;
;       |nios_system_Serial_port:serial_port|                                                                                                                                                ; 174 (34)    ; 116 (25)                  ; 0 (0)         ; 1152        ; 1    ; 0            ; 0       ; 0         ; 0    ; 0            ; 58 (9)       ; 3 (3)             ; 113 (22)         ; |component_tutorial|nios_system:U0|nios_system_Serial_port:serial_port                                                                                                                                                                                                                                                                            ; nios_system  ;
;          |altera_up_rs232_in_deserializer:RS232_In_Deserializer|                                                                                                                           ; 86 (12)     ; 56 (9)                    ; 0 (0)         ; 1152        ; 1    ; 0            ; 0       ; 0         ; 0    ; 0            ; 30 (3)       ; 0 (0)             ; 56 (9)           ; |component_tutorial|nios_system:U0|nios_system_Serial_port:serial_port|altera_up_rs232_in_deserializer:RS232_In_Deserializer                                                                                                                                                                                                                      ; nios_system  ;
;             |altera_up_rs232_counters:RS232_In_Counters|                                                                                                                                   ; 22 (22)     ; 14 (14)                   ; 0 (0)         ; 0           ; 0    ; 0            ; 0       ; 0         ; 0    ; 0            ; 8 (8)        ; 0 (0)             ; 14 (14)          ; |component_tutorial|nios_system:U0|nios_system_Serial_port:serial_port|altera_up_rs232_in_deserializer:RS232_In_Deserializer|altera_up_rs232_counters:RS232_In_Counters                                                                                                                                                                           ; nios_system  ;
;             |altera_up_sync_fifo:RS232_In_FIFO|                                                                                                                                            ; 52 (0)      ; 33 (0)                    ; 0 (0)         ; 1152        ; 1    ; 0            ; 0       ; 0         ; 0    ; 0            ; 19 (0)       ; 0 (0)             ; 33 (0)           ; |component_tutorial|nios_system:U0|nios_system_Serial_port:serial_port|altera_up_rs232_in_deserializer:RS232_In_Deserializer|altera_up_sync_fifo:RS232_In_FIFO                                                                                                                                                                                    ; nios_system  ;
;                |scfifo:Sync_FIFO|                                                                                                                                                          ; 52 (0)      ; 33 (0)                    ; 0 (0)         ; 1152        ; 1    ; 0            ; 0       ; 0         ; 0    ; 0            ; 19 (0)       ; 0 (0)             ; 33 (0)           ; |component_tutorial|nios_system:U0|nios_system_Serial_port:serial_port|altera_up_rs232_in_deserializer:RS232_In_Deserializer|altera_up_sync_fifo:RS232_In_FIFO|scfifo:Sync_FIFO                                                                                                                                                                   ; work         ;
;                   |scfifo_pu31:auto_generated|                                                                                                                                             ; 52 (0)      ; 33 (0)                    ; 0 (0)         ; 1152        ; 1    ; 0            ; 0       ; 0         ; 0    ; 0            ; 19 (0)       ; 0 (0)             ; 33 (0)           ; |component_tutorial|nios_system:U0|nios_system_Serial_port:serial_port|altera_up_rs232_in_deserializer:RS232_In_Deserializer|altera_up_sync_fifo:RS232_In_FIFO|scfifo:Sync_FIFO|scfifo_pu31:auto_generated                                                                                                                                        ; work         ;
;                      |a_dpfifo_cm31:dpfifo|                                                                                                                                                ; 52 (29)     ; 33 (13)                   ; 0 (0)         ; 1152        ; 1    ; 0            ; 0       ; 0         ; 0    ; 0            ; 19 (16)      ; 0 (0)             ; 33 (13)          ; |component_tutorial|nios_system:U0|nios_system_Serial_port:serial_port|altera_up_rs232_in_deserializer:RS232_In_Deserializer|altera_up_sync_fifo:RS232_In_FIFO|scfifo:Sync_FIFO|scfifo_pu31:auto_generated|a_dpfifo_cm31:dpfifo                                                                                                                   ; work         ;
;                         |altsyncram_3a81:FIFOram|                                                                                                                                          ; 0 (0)       ; 0 (0)                     ; 0 (0)         ; 1152        ; 1    ; 0            ; 0       ; 0         ; 0    ; 0            ; 0 (0)        ; 0 (0)             ; 0 (0)            ; |component_tutorial|nios_system:U0|nios_system_Serial_port:serial_port|altera_up_rs232_in_deserializer:RS232_In_Deserializer|altera_up_sync_fifo:RS232_In_FIFO|scfifo:Sync_FIFO|scfifo_pu31:auto_generated|a_dpfifo_cm31:dpfifo|altsyncram_3a81:FIFOram                                                                                           ; work         ;
;                         |cntr_d5b:rd_ptr_msb|                                                                                                                                              ; 7 (7)       ; 6 (6)                     ; 0 (0)         ; 0           ; 0    ; 0            ; 0       ; 0         ; 0    ; 0            ; 1 (1)        ; 0 (0)             ; 6 (6)            ; |component_tutorial|nios_system:U0|nios_system_Serial_port:serial_port|altera_up_rs232_in_deserializer:RS232_In_Deserializer|altera_up_sync_fifo:RS232_In_FIFO|scfifo:Sync_FIFO|scfifo_pu31:auto_generated|a_dpfifo_cm31:dpfifo|cntr_d5b:rd_ptr_msb                                                                                               ; work         ;
;                         |cntr_e5b:wr_ptr|                                                                                                                                                  ; 8 (8)       ; 7 (7)                     ; 0 (0)         ; 0           ; 0    ; 0            ; 0       ; 0         ; 0    ; 0            ; 1 (1)        ; 0 (0)             ; 7 (7)            ; |component_tutorial|nios_system:U0|nios_system_Serial_port:serial_port|altera_up_rs232_in_deserializer:RS232_In_Deserializer|altera_up_sync_fifo:RS232_In_FIFO|scfifo:Sync_FIFO|scfifo_pu31:auto_generated|a_dpfifo_cm31:dpfifo|cntr_e5b:wr_ptr                                                                                                   ; work         ;
;                         |cntr_q57:usedw_counter|                                                                                                                                           ; 8 (8)       ; 7 (7)                     ; 0 (0)         ; 0           ; 0    ; 0            ; 0       ; 0         ; 0    ; 0            ; 1 (1)        ; 0 (0)             ; 7 (7)            ; |component_tutorial|nios_system:U0|nios_system_Serial_port:serial_port|altera_up_rs232_in_deserializer:RS232_In_Deserializer|altera_up_sync_fifo:RS232_In_FIFO|scfifo:Sync_FIFO|scfifo_pu31:auto_generated|a_dpfifo_cm31:dpfifo|cntr_q57:usedw_counter                                                                                            ; work         ;
;          |altera_up_rs232_out_serializer:RS232_Out_Serializer|                                                                                                                             ; 54 (11)     ; 35 (9)                    ; 0 (0)         ; 0           ; 0    ; 0            ; 0       ; 0         ; 0    ; 0            ; 19 (2)       ; 0 (0)             ; 35 (9)           ; |component_tutorial|nios_system:U0|nios_system_Serial_port:serial_port|altera_up_rs232_out_serializer:RS232_Out_Serializer                                                                                                                                                                                                                        ; nios_system  ;
;             |altera_up_rs232_counters:RS232_Out_Counters|                                                                                                                                  ; 22 (22)     ; 14 (14)                   ; 0 (0)         ; 0           ; 0    ; 0            ; 0       ; 0         ; 0    ; 0            ; 8 (8)        ; 0 (0)             ; 14 (14)          ; |component_tutorial|nios_system:U0|nios_system_Serial_port:serial_port|altera_up_rs232_out_serializer:RS232_Out_Serializer|altera_up_rs232_counters:RS232_Out_Counters                                                                                                                                                                            ; nios_system  ;
;             |altera_up_sync_fifo:RS232_Out_FIFO|                                                                                                                                           ; 21 (0)      ; 12 (0)                    ; 0 (0)         ; 0           ; 0    ; 0            ; 0       ; 0         ; 0    ; 0            ; 9 (0)        ; 0 (0)             ; 12 (0)           ; |component_tutorial|nios_system:U0|nios_system_Serial_port:serial_port|altera_up_rs232_out_serializer:RS232_Out_Serializer|altera_up_sync_fifo:RS232_Out_FIFO                                                                                                                                                                                     ; nios_system  ;
;                |scfifo:Sync_FIFO|                                                                                                                                                          ; 21 (0)      ; 12 (0)                    ; 0 (0)         ; 0           ; 0    ; 0            ; 0       ; 0         ; 0    ; 0            ; 9 (0)        ; 0 (0)             ; 12 (0)           ; |component_tutorial|nios_system:U0|nios_system_Serial_port:serial_port|altera_up_rs232_out_serializer:RS232_Out_Serializer|altera_up_sync_fifo:RS232_Out_FIFO|scfifo:Sync_FIFO                                                                                                                                                                    ; work         ;
;                   |scfifo_pu31:auto_generated|                                                                                                                                             ; 21 (0)      ; 12 (0)                    ; 0 (0)         ; 0           ; 0    ; 0            ; 0       ; 0         ; 0    ; 0            ; 9 (0)        ; 0 (0)             ; 12 (0)           ; |component_tutorial|nios_system:U0|nios_system_Serial_port:serial_port|altera_up_rs232_out_serializer:RS232_Out_Serializer|altera_up_sync_fifo:RS232_Out_FIFO|scfifo:Sync_FIFO|scfifo_pu31:auto_generated                                                                                                                                         ; work         ;
;                      |a_dpfifo_cm31:dpfifo|                                                                                                                                                ; 21 (13)     ; 12 (5)                    ; 0 (0)         ; 0           ; 0    ; 0            ; 0       ; 0         ; 0    ; 0            ; 9 (8)        ; 0 (0)             ; 12 (5)           ; |component_tutorial|nios_system:U0|nios_system_Serial_port:serial_port|altera_up_rs232_out_serializer:RS232_Out_Serializer|altera_up_sync_fifo:RS232_Out_FIFO|scfifo:Sync_FIFO|scfifo_pu31:auto_generated|a_dpfifo_cm31:dpfifo                                                                                                                    ; work         ;
;                         |cntr_q57:usedw_counter|                                                                                                                                           ; 8 (8)       ; 7 (7)                     ; 0 (0)         ; 0           ; 0    ; 0            ; 0       ; 0         ; 0    ; 0            ; 1 (1)        ; 0 (0)             ; 7 (7)            ; |component_tutorial|nios_system:U0|nios_system_Serial_port:serial_port|altera_up_rs232_out_serializer:RS232_Out_Serializer|altera_up_sync_fifo:RS232_Out_FIFO|scfifo:Sync_FIFO|scfifo_pu31:auto_generated|a_dpfifo_cm31:dpfifo|cntr_q57:usedw_counter                                                                                             ; work         ;
;       |nios_system_addr_router:addr_router|                                                                                                                                                ; 10 (10)     ; 0 (0)                     ; 0 (0)         ; 0           ; 0    ; 0            ; 0       ; 0         ; 0    ; 0            ; 10 (10)      ; 0 (0)             ; 0 (0)            ; |component_tutorial|nios_system:U0|nios_system_addr_router:addr_router                                                                                                                                                                                                                                                                            ; nios_system  ;
;       |nios_system_addr_router_001:addr_router_001|                                                                                                                                        ; 34 (34)     ; 0 (0)                     ; 0 (0)         ; 0           ; 0    ; 0            ; 0       ; 0         ; 0    ; 0            ; 34 (34)      ; 0 (0)             ; 0 (0)            ; |component_tutorial|nios_system:U0|nios_system_addr_router_001:addr_router_001                                                                                                                                                                                                                                                                    ; nios_system  ;
;       |nios_system_cmd_xbar_demux:cmd_xbar_demux|                                                                                                                                          ; 7 (7)       ; 0 (0)                     ; 0 (0)         ; 0           ; 0    ; 0            ; 0       ; 0         ; 0    ; 0            ; 7 (7)        ; 0 (0)             ; 0 (0)            ; |component_tutorial|nios_system:U0|nios_system_cmd_xbar_demux:cmd_xbar_demux                                                                                                                                                                                                                                                                      ; nios_system  ;
;       |nios_system_cmd_xbar_demux_001:cmd_xbar_demux_001|                                                                                                                                  ; 17 (17)     ; 0 (0)                     ; 0 (0)         ; 0           ; 0    ; 0            ; 0       ; 0         ; 0    ; 0            ; 17 (17)      ; 0 (0)             ; 0 (0)            ; |component_tutorial|nios_system:U0|nios_system_cmd_xbar_demux_001:cmd_xbar_demux_001                                                                                                                                                                                                                                                              ; nios_system  ;
;       |nios_system_cmd_xbar_mux:cmd_xbar_mux_002|                                                                                                                                          ; 46 (37)     ; 2 (0)                     ; 0 (0)         ; 0           ; 0    ; 0            ; 0       ; 0         ; 0    ; 0            ; 11 (4)       ; 0 (0)             ; 35 (33)          ; |component_tutorial|nios_system:U0|nios_system_cmd_xbar_mux:cmd_xbar_mux_002                                                                                                                                                                                                                                                                      ; nios_system  ;
;          |altera_merlin_arbitrator:arb|                                                                                                                                                    ; 9 (9)       ; 2 (2)                     ; 0 (0)         ; 0           ; 0    ; 0            ; 0       ; 0         ; 0    ; 0            ; 7 (7)        ; 0 (0)             ; 2 (2)            ; |component_tutorial|nios_system:U0|nios_system_cmd_xbar_mux:cmd_xbar_mux_002|altera_merlin_arbitrator:arb                                                                                                                                                                                                                                         ; nios_system  ;
;       |nios_system_cmd_xbar_mux:cmd_xbar_mux_003|                                                                                                                                          ; 46 (36)     ; 2 (0)                     ; 0 (0)         ; 0           ; 0    ; 0            ; 0       ; 0         ; 0    ; 0            ; 9 (1)        ; 0 (0)             ; 37 (35)          ; |component_tutorial|nios_system:U0|nios_system_cmd_xbar_mux:cmd_xbar_mux_003                                                                                                                                                                                                                                                                      ; nios_system  ;
;          |altera_merlin_arbitrator:arb|                                                                                                                                                    ; 10 (10)     ; 2 (2)                     ; 0 (0)         ; 0           ; 0    ; 0            ; 0       ; 0         ; 0    ; 0            ; 8 (8)        ; 0 (0)             ; 2 (2)            ; |component_tutorial|nios_system:U0|nios_system_cmd_xbar_mux:cmd_xbar_mux_003|altera_merlin_arbitrator:arb                                                                                                                                                                                                                                         ; nios_system  ;
;       |nios_system_cmd_xbar_mux:cmd_xbar_mux|                                                                                                                                              ; 55 (48)     ; 2 (0)                     ; 0 (0)         ; 0           ; 0    ; 0            ; 0       ; 0         ; 0    ; 0            ; 7 (2)        ; 0 (0)             ; 48 (46)          ; |component_tutorial|nios_system:U0|nios_system_cmd_xbar_mux:cmd_xbar_mux                                                                                                                                                                                                                                                                          ; nios_system  ;
;          |altera_merlin_arbitrator:arb|                                                                                                                                                    ; 7 (7)       ; 2 (2)                     ; 0 (0)         ; 0           ; 0    ; 0            ; 0       ; 0         ; 0    ; 0            ; 5 (5)        ; 0 (0)             ; 2 (2)            ; |component_tutorial|nios_system:U0|nios_system_cmd_xbar_mux:cmd_xbar_mux|altera_merlin_arbitrator:arb                                                                                                                                                                                                                                             ; nios_system  ;
;       |nios_system_cpu:cpu|                                                                                                                                                                ; 1096 (706)  ; 603 (328)                 ; 0 (0)         ; 10240       ; 4    ; 0            ; 0       ; 0         ; 0    ; 0            ; 460 (345)    ; 69 (21)           ; 567 (341)        ; |component_tutorial|nios_system:U0|nios_system_cpu:cpu                                                                                                                                                                                                                                                                                            ; nios_system  ;
;          |nios_system_cpu_nios2_oci:the_nios_system_cpu_nios2_oci|                                                                                                                         ; 389 (86)    ; 274 (80)                  ; 0 (0)         ; 8192        ; 2    ; 0            ; 0       ; 0         ; 0    ; 0            ; 115 (6)      ; 48 (4)            ; 226 (76)         ; |component_tutorial|nios_system:U0|nios_system_cpu:cpu|nios_system_cpu_nios2_oci:the_nios_system_cpu_nios2_oci                                                                                                                                                                                                                                    ; nios_system  ;
;             |nios_system_cpu_jtag_debug_module_wrapper:the_nios_system_cpu_jtag_debug_module_wrapper|                                                                                      ; 138 (0)     ; 96 (0)                    ; 0 (0)         ; 0           ; 0    ; 0            ; 0       ; 0         ; 0    ; 0            ; 42 (0)       ; 42 (0)            ; 54 (0)           ; |component_tutorial|nios_system:U0|nios_system_cpu:cpu|nios_system_cpu_nios2_oci:the_nios_system_cpu_nios2_oci|nios_system_cpu_jtag_debug_module_wrapper:the_nios_system_cpu_jtag_debug_module_wrapper                                                                                                                                            ; nios_system  ;
;                |nios_system_cpu_jtag_debug_module_sysclk:the_nios_system_cpu_jtag_debug_module_sysclk|                                                                                     ; 49 (45)     ; 49 (45)                   ; 0 (0)         ; 0           ; 0    ; 0            ; 0       ; 0         ; 0    ; 0            ; 0 (0)        ; 38 (36)           ; 11 (9)           ; |component_tutorial|nios_system:U0|nios_system_cpu:cpu|nios_system_cpu_nios2_oci:the_nios_system_cpu_nios2_oci|nios_system_cpu_jtag_debug_module_wrapper:the_nios_system_cpu_jtag_debug_module_wrapper|nios_system_cpu_jtag_debug_module_sysclk:the_nios_system_cpu_jtag_debug_module_sysclk                                                      ; nios_system  ;
;                   |altera_std_synchronizer:the_altera_std_synchronizer3|                                                                                                                   ; 2 (2)       ; 2 (2)                     ; 0 (0)         ; 0           ; 0    ; 0            ; 0       ; 0         ; 0    ; 0            ; 0 (0)        ; 1 (1)             ; 1 (1)            ; |component_tutorial|nios_system:U0|nios_system_cpu:cpu|nios_system_cpu_nios2_oci:the_nios_system_cpu_nios2_oci|nios_system_cpu_jtag_debug_module_wrapper:the_nios_system_cpu_jtag_debug_module_wrapper|nios_system_cpu_jtag_debug_module_sysclk:the_nios_system_cpu_jtag_debug_module_sysclk|altera_std_synchronizer:the_altera_std_synchronizer3 ; work         ;
;                   |altera_std_synchronizer:the_altera_std_synchronizer4|                                                                                                                   ; 2 (2)       ; 2 (2)                     ; 0 (0)         ; 0           ; 0    ; 0            ; 0       ; 0         ; 0    ; 0            ; 0 (0)        ; 1 (1)             ; 1 (1)            ; |component_tutorial|nios_system:U0|nios_system_cpu:cpu|nios_system_cpu_nios2_oci:the_nios_system_cpu_nios2_oci|nios_system_cpu_jtag_debug_module_wrapper:the_nios_system_cpu_jtag_debug_module_wrapper|nios_system_cpu_jtag_debug_module_sysclk:the_nios_system_cpu_jtag_debug_module_sysclk|altera_std_synchronizer:the_altera_std_synchronizer4 ; work         ;
;                |nios_system_cpu_jtag_debug_module_tck:the_nios_system_cpu_jtag_debug_module_tck|                                                                                           ; 87 (83)     ; 47 (43)                   ; 0 (0)         ; 0           ; 0    ; 0            ; 0       ; 0         ; 0    ; 0            ; 40 (40)      ; 4 (2)             ; 43 (43)          ; |component_tutorial|nios_system:U0|nios_system_cpu:cpu|nios_system_cpu_nios2_oci:the_nios_system_cpu_nios2_oci|nios_system_cpu_jtag_debug_module_wrapper:the_nios_system_cpu_jtag_debug_module_wrapper|nios_system_cpu_jtag_debug_module_tck:the_nios_system_cpu_jtag_debug_module_tck                                                            ; nios_system  ;
;                   |altera_std_synchronizer:the_altera_std_synchronizer1|                                                                                                                   ; 2 (2)       ; 2 (2)                     ; 0 (0)         ; 0           ; 0    ; 0            ; 0       ; 0         ; 0    ; 0            ; 0 (0)        ; 1 (1)             ; 1 (1)            ; |component_tutorial|nios_system:U0|nios_system_cpu:cpu|nios_system_cpu_nios2_oci:the_nios_system_cpu_nios2_oci|nios_system_cpu_jtag_debug_module_wrapper:the_nios_system_cpu_jtag_debug_module_wrapper|nios_system_cpu_jtag_debug_module_tck:the_nios_system_cpu_jtag_debug_module_tck|altera_std_synchronizer:the_altera_std_synchronizer1       ; work         ;
;                   |altera_std_synchronizer:the_altera_std_synchronizer2|                                                                                                                   ; 2 (2)       ; 2 (2)                     ; 0 (0)         ; 0           ; 0    ; 0            ; 0       ; 0         ; 0    ; 0            ; 0 (0)        ; 1 (1)             ; 1 (1)            ; |component_tutorial|nios_system:U0|nios_system_cpu:cpu|nios_system_cpu_nios2_oci:the_nios_system_cpu_nios2_oci|nios_system_cpu_jtag_debug_module_wrapper:the_nios_system_cpu_jtag_debug_module_wrapper|nios_system_cpu_jtag_debug_module_tck:the_nios_system_cpu_jtag_debug_module_tck|altera_std_synchronizer:the_altera_std_synchronizer2       ; work         ;
;                |sld_virtual_jtag_basic:nios_system_cpu_jtag_debug_module_phy|                                                                                                              ; 4 (4)       ; 0 (0)                     ; 0 (0)         ; 0           ; 0    ; 0            ; 0       ; 0         ; 0    ; 0            ; 2 (2)        ; 0 (0)             ; 2 (2)            ; |component_tutorial|nios_system:U0|nios_system_cpu:cpu|nios_system_cpu_nios2_oci:the_nios_system_cpu_nios2_oci|nios_system_cpu_jtag_debug_module_wrapper:the_nios_system_cpu_jtag_debug_module_wrapper|sld_virtual_jtag_basic:nios_system_cpu_jtag_debug_module_phy                                                                               ; work         ;
;             |nios_system_cpu_nios2_avalon_reg:the_nios_system_cpu_nios2_avalon_reg|                                                                                                        ; 13 (13)     ; 8 (8)                     ; 0 (0)         ; 0           ; 0    ; 0            ; 0       ; 0         ; 0    ; 0            ; 5 (5)        ; 0 (0)             ; 8 (8)            ; |component_tutorial|nios_system:U0|nios_system_cpu:cpu|nios_system_cpu_nios2_oci:the_nios_system_cpu_nios2_oci|nios_system_cpu_nios2_avalon_reg:the_nios_system_cpu_nios2_avalon_reg                                                                                                                                                              ; nios_system  ;
;             |nios_system_cpu_nios2_oci_break:the_nios_system_cpu_nios2_oci_break|                                                                                                          ; 32 (32)     ; 32 (32)                   ; 0 (0)         ; 0           ; 0    ; 0            ; 0       ; 0         ; 0    ; 0            ; 0 (0)        ; 0 (0)             ; 32 (32)          ; |component_tutorial|nios_system:U0|nios_system_cpu:cpu|nios_system_cpu_nios2_oci:the_nios_system_cpu_nios2_oci|nios_system_cpu_nios2_oci_break:the_nios_system_cpu_nios2_oci_break                                                                                                                                                                ; nios_system  ;
;             |nios_system_cpu_nios2_oci_debug:the_nios_system_cpu_nios2_oci_debug|                                                                                                          ; 11 (9)      ; 9 (7)                     ; 0 (0)         ; 0           ; 0    ; 0            ; 0       ; 0         ; 0    ; 0            ; 0 (0)        ; 1 (0)             ; 10 (9)           ; |component_tutorial|nios_system:U0|nios_system_cpu:cpu|nios_system_cpu_nios2_oci:the_nios_system_cpu_nios2_oci|nios_system_cpu_nios2_oci_debug:the_nios_system_cpu_nios2_oci_debug                                                                                                                                                                ; nios_system  ;
;                |altera_std_synchronizer:the_altera_std_synchronizer|                                                                                                                       ; 2 (2)       ; 2 (2)                     ; 0 (0)         ; 0           ; 0    ; 0            ; 0       ; 0         ; 0    ; 0            ; 0 (0)        ; 1 (1)             ; 1 (1)            ; |component_tutorial|nios_system:U0|nios_system_cpu:cpu|nios_system_cpu_nios2_oci:the_nios_system_cpu_nios2_oci|nios_system_cpu_nios2_oci_debug:the_nios_system_cpu_nios2_oci_debug|altera_std_synchronizer:the_altera_std_synchronizer                                                                                                            ; work         ;
;             |nios_system_cpu_nios2_ocimem:the_nios_system_cpu_nios2_ocimem|                                                                                                                ; 112 (112)   ; 49 (49)                   ; 0 (0)         ; 8192        ; 2    ; 0            ; 0       ; 0         ; 0    ; 0            ; 62 (62)      ; 1 (1)             ; 49 (49)          ; |component_tutorial|nios_system:U0|nios_system_cpu:cpu|nios_system_cpu_nios2_oci:the_nios_system_cpu_nios2_oci|nios_system_cpu_nios2_ocimem:the_nios_system_cpu_nios2_ocimem                                                                                                                                                                      ; nios_system  ;
;                |nios_system_cpu_ociram_sp_ram_module:nios_system_cpu_ociram_sp_ram|                                                                                                        ; 0 (0)       ; 0 (0)                     ; 0 (0)         ; 8192        ; 2    ; 0            ; 0       ; 0         ; 0    ; 0            ; 0 (0)        ; 0 (0)             ; 0 (0)            ; |component_tutorial|nios_system:U0|nios_system_cpu:cpu|nios_system_cpu_nios2_oci:the_nios_system_cpu_nios2_oci|nios_system_cpu_nios2_ocimem:the_nios_system_cpu_nios2_ocimem|nios_system_cpu_ociram_sp_ram_module:nios_system_cpu_ociram_sp_ram                                                                                                   ; nios_system  ;
;                   |altsyncram:the_altsyncram|                                                                                                                                              ; 0 (0)       ; 0 (0)                     ; 0 (0)         ; 8192        ; 2    ; 0            ; 0       ; 0         ; 0    ; 0            ; 0 (0)        ; 0 (0)             ; 0 (0)            ; |component_tutorial|nios_system:U0|nios_system_cpu:cpu|nios_system_cpu_nios2_oci:the_nios_system_cpu_nios2_oci|nios_system_cpu_nios2_ocimem:the_nios_system_cpu_nios2_ocimem|nios_system_cpu_ociram_sp_ram_module:nios_system_cpu_ociram_sp_ram|altsyncram:the_altsyncram                                                                         ; work         ;
;                      |altsyncram_gs71:auto_generated|                                                                                                                                      ; 0 (0)       ; 0 (0)                     ; 0 (0)         ; 8192        ; 2    ; 0            ; 0       ; 0         ; 0    ; 0            ; 0 (0)        ; 0 (0)             ; 0 (0)            ; |component_tutorial|nios_system:U0|nios_system_cpu:cpu|nios_system_cpu_nios2_oci:the_nios_system_cpu_nios2_oci|nios_system_cpu_nios2_ocimem:the_nios_system_cpu_nios2_ocimem|nios_system_cpu_ociram_sp_ram_module:nios_system_cpu_ociram_sp_ram|altsyncram:the_altsyncram|altsyncram_gs71:auto_generated                                          ; work         ;
;          |nios_system_cpu_register_bank_a_module:nios_system_cpu_register_bank_a|                                                                                                          ; 0 (0)       ; 0 (0)                     ; 0 (0)         ; 1024        ; 1    ; 0            ; 0       ; 0         ; 0    ; 0            ; 0 (0)        ; 0 (0)             ; 0 (0)            ; |component_tutorial|nios_system:U0|nios_system_cpu:cpu|nios_system_cpu_register_bank_a_module:nios_system_cpu_register_bank_a                                                                                                                                                                                                                     ; nios_system  ;
;             |altsyncram:the_altsyncram|                                                                                                                                                    ; 0 (0)       ; 0 (0)                     ; 0 (0)         ; 1024        ; 1    ; 0            ; 0       ; 0         ; 0    ; 0            ; 0 (0)        ; 0 (0)             ; 0 (0)            ; |component_tutorial|nios_system:U0|nios_system_cpu:cpu|nios_system_cpu_register_bank_a_module:nios_system_cpu_register_bank_a|altsyncram:the_altsyncram                                                                                                                                                                                           ; work         ;
;                |altsyncram_cfg1:auto_generated|                                                                                                                                            ; 0 (0)       ; 0 (0)                     ; 0 (0)         ; 1024        ; 1    ; 0            ; 0       ; 0         ; 0    ; 0            ; 0 (0)        ; 0 (0)             ; 0 (0)            ; |component_tutorial|nios_system:U0|nios_system_cpu:cpu|nios_system_cpu_register_bank_a_module:nios_system_cpu_register_bank_a|altsyncram:the_altsyncram|altsyncram_cfg1:auto_generated                                                                                                                                                            ; work         ;
;          |nios_system_cpu_register_bank_b_module:nios_system_cpu_register_bank_b|                                                                                                          ; 0 (0)       ; 0 (0)                     ; 0 (0)         ; 1024        ; 1    ; 0            ; 0       ; 0         ; 0    ; 0            ; 0 (0)        ; 0 (0)             ; 0 (0)            ; |component_tutorial|nios_system:U0|nios_system_cpu:cpu|nios_system_cpu_register_bank_b_module:nios_system_cpu_register_bank_b                                                                                                                                                                                                                     ; nios_system  ;
;             |altsyncram:the_altsyncram|                                                                                                                                                    ; 0 (0)       ; 0 (0)                     ; 0 (0)         ; 1024        ; 1    ; 0            ; 0       ; 0         ; 0    ; 0            ; 0 (0)        ; 0 (0)             ; 0 (0)            ; |component_tutorial|nios_system:U0|nios_system_cpu:cpu|nios_system_cpu_register_bank_b_module:nios_system_cpu_register_bank_b|altsyncram:the_altsyncram                                                                                                                                                                                           ; work         ;
;                |altsyncram_dfg1:auto_generated|                                                                                                                                            ; 0 (0)       ; 0 (0)                     ; 0 (0)         ; 1024        ; 1    ; 0            ; 0       ; 0         ; 0    ; 0            ; 0 (0)        ; 0 (0)             ; 0 (0)            ; |component_tutorial|nios_system:U0|nios_system_cpu:cpu|nios_system_cpu_register_bank_b_module:nios_system_cpu_register_bank_b|altsyncram:the_altsyncram|altsyncram_dfg1:auto_generated                                                                                                                                                            ; work         ;
;          |nios_system_cpu_test_bench:the_nios_system_cpu_test_bench|                                                                                                                       ; 1 (1)       ; 1 (1)                     ; 0 (0)         ; 0           ; 0    ; 0            ; 0       ; 0         ; 0    ; 0            ; 0 (0)        ; 0 (0)             ; 1 (1)            ; |component_tutorial|nios_system:U0|nios_system_cpu:cpu|nios_system_cpu_test_bench:the_nios_system_cpu_test_bench                                                                                                                                                                                                                                  ; nios_system  ;
;       |nios_system_cpu_data_master_translator:cpu_data_master_translator|                                                                                                                  ; 12 (0)      ; 3 (0)                     ; 0 (0)         ; 0           ; 0    ; 0            ; 0       ; 0         ; 0    ; 0            ; 9 (0)        ; 0 (0)             ; 3 (0)            ; |component_tutorial|nios_system:U0|nios_system_cpu_data_master_translator:cpu_data_master_translator                                                                                                                                                                                                                                              ; nios_system  ;
;          |altera_merlin_master_translator:cpu_data_master_translator|                                                                                                                      ; 12 (12)     ; 3 (3)                     ; 0 (0)         ; 0           ; 0    ; 0            ; 0       ; 0         ; 0    ; 0            ; 9 (9)        ; 0 (0)             ; 3 (3)            ; |component_tutorial|nios_system:U0|nios_system_cpu_data_master_translator:cpu_data_master_translator|altera_merlin_master_translator:cpu_data_master_translator                                                                                                                                                                                   ; nios_system  ;
;       |nios_system_cpu_instruction_master_translator:cpu_instruction_master_translator|                                                                                                    ; 6 (0)       ; 1 (0)                     ; 0 (0)         ; 0           ; 0    ; 0            ; 0       ; 0         ; 0    ; 0            ; 5 (0)        ; 0 (0)             ; 1 (0)            ; |component_tutorial|nios_system:U0|nios_system_cpu_instruction_master_translator:cpu_instruction_master_translator                                                                                                                                                                                                                                ; nios_system  ;
;          |altera_merlin_master_translator:cpu_instruction_master_translator|                                                                                                               ; 6 (6)       ; 1 (1)                     ; 0 (0)         ; 0           ; 0    ; 0            ; 0       ; 0         ; 0    ; 0            ; 5 (5)        ; 0 (0)             ; 1 (1)            ; |component_tutorial|nios_system:U0|nios_system_cpu_instruction_master_translator:cpu_instruction_master_translator|altera_merlin_master_translator:cpu_instruction_master_translator                                                                                                                                                              ; nios_system  ;
;       |nios_system_cpu_jtag_debug_module_translator:cpu_jtag_debug_module_translator|                                                                                                      ; 33 (0)      ; 33 (0)                    ; 0 (0)         ; 0           ; 0    ; 0            ; 0       ; 0         ; 0    ; 0            ; 0 (0)        ; 0 (0)             ; 33 (0)           ; |component_tutorial|nios_system:U0|nios_system_cpu_jtag_debug_module_translator:cpu_jtag_debug_module_translator                                                                                                                                                                                                                                  ; nios_system  ;
;          |altera_merlin_slave_translator:cpu_jtag_debug_module_translator|                                                                                                                 ; 33 (33)     ; 33 (33)                   ; 0 (0)         ; 0           ; 0    ; 0            ; 0       ; 0         ; 0    ; 0            ; 0 (0)        ; 0 (0)             ; 33 (33)          ; |component_tutorial|nios_system:U0|nios_system_cpu_jtag_debug_module_translator:cpu_jtag_debug_module_translator|altera_merlin_slave_translator:cpu_jtag_debug_module_translator                                                                                                                                                                  ; nios_system  ;
;       |nios_system_cpu_jtag_debug_module_translator_avalon_universal_slave_0_agent:cpu_jtag_debug_module_translator_avalon_universal_slave_0_agent|                                        ; 2 (0)       ; 0 (0)                     ; 0 (0)         ; 0           ; 0    ; 0            ; 0       ; 0         ; 0    ; 0            ; 2 (0)        ; 0 (0)             ; 0 (0)            ; |component_tutorial|nios_system:U0|nios_system_cpu_jtag_debug_module_translator_avalon_universal_slave_0_agent:cpu_jtag_debug_module_translator_avalon_universal_slave_0_agent                                                                                                                                                                    ; nios_system  ;
;          |altera_merlin_slave_agent:cpu_jtag_debug_module_translator_avalon_universal_slave_0_agent|                                                                                       ; 2 (2)       ; 0 (0)                     ; 0 (0)         ; 0           ; 0    ; 0            ; 0       ; 0         ; 0    ; 0            ; 2 (2)        ; 0 (0)             ; 0 (0)            ; |component_tutorial|nios_system:U0|nios_system_cpu_jtag_debug_module_translator_avalon_universal_slave_0_agent:cpu_jtag_debug_module_translator_avalon_universal_slave_0_agent|altera_merlin_slave_agent:cpu_jtag_debug_module_translator_avalon_universal_slave_0_agent                                                                          ; nios_system  ;
;       |nios_system_cpu_jtag_debug_module_translator_avalon_universal_slave_0_agent:interval_timer_s1_translator_avalon_universal_slave_0_agent|                                            ; 1 (0)       ; 0 (0)                     ; 0 (0)         ; 0           ; 0    ; 0            ; 0       ; 0         ; 0    ; 0            ; 1 (0)        ; 0 (0)             ; 0 (0)            ; |component_tutorial|nios_system:U0|nios_system_cpu_jtag_debug_module_translator_avalon_universal_slave_0_agent:interval_timer_s1_translator_avalon_universal_slave_0_agent                                                                                                                                                                        ; nios_system  ;
;          |altera_merlin_slave_agent:cpu_jtag_debug_module_translator_avalon_universal_slave_0_agent|                                                                                       ; 1 (1)       ; 0 (0)                     ; 0 (0)         ; 0           ; 0    ; 0            ; 0       ; 0         ; 0    ; 0            ; 1 (1)        ; 0 (0)             ; 0 (0)            ; |component_tutorial|nios_system:U0|nios_system_cpu_jtag_debug_module_translator_avalon_universal_slave_0_agent:interval_timer_s1_translator_avalon_universal_slave_0_agent|altera_merlin_slave_agent:cpu_jtag_debug_module_translator_avalon_universal_slave_0_agent                                                                              ; nios_system  ;
;       |nios_system_cpu_jtag_debug_module_translator_avalon_universal_slave_0_agent_rsp_fifo:cpu_jtag_debug_module_translator_avalon_universal_slave_0_agent_rsp_fifo|                      ; 11 (0)      ; 6 (0)                     ; 0 (0)         ; 0           ; 0    ; 0            ; 0       ; 0         ; 0    ; 0            ; 5 (0)        ; 0 (0)             ; 6 (0)            ; |component_tutorial|nios_system:U0|nios_system_cpu_jtag_debug_module_translator_avalon_universal_slave_0_agent_rsp_fifo:cpu_jtag_debug_module_translator_avalon_universal_slave_0_agent_rsp_fifo                                                                                                                                                  ; nios_system  ;
;          |altera_avalon_sc_fifo:cpu_jtag_debug_module_translator_avalon_universal_slave_0_agent_rsp_fifo|                                                                                  ; 11 (11)     ; 6 (6)                     ; 0 (0)         ; 0           ; 0    ; 0            ; 0       ; 0         ; 0    ; 0            ; 5 (5)        ; 0 (0)             ; 6 (6)            ; |component_tutorial|nios_system:U0|nios_system_cpu_jtag_debug_module_translator_avalon_universal_slave_0_agent_rsp_fifo:cpu_jtag_debug_module_translator_avalon_universal_slave_0_agent_rsp_fifo|altera_avalon_sc_fifo:cpu_jtag_debug_module_translator_avalon_universal_slave_0_agent_rsp_fifo                                                   ; nios_system  ;
;       |nios_system_cpu_jtag_debug_module_translator_avalon_universal_slave_0_agent_rsp_fifo:expansion_jp1_avalon_parallel_port_slave_translator_avalon_universal_slave_0_agent_rsp_fifo|   ; 6 (0)       ; 4 (0)                     ; 0 (0)         ; 0           ; 0    ; 0            ; 0       ; 0         ; 0    ; 0            ; 2 (0)        ; 0 (0)             ; 4 (0)            ; |component_tutorial|nios_system:U0|nios_system_cpu_jtag_debug_module_translator_avalon_universal_slave_0_agent_rsp_fifo:expansion_jp1_avalon_parallel_port_slave_translator_avalon_universal_slave_0_agent_rsp_fifo                                                                                                                               ; nios_system  ;
;          |altera_avalon_sc_fifo:cpu_jtag_debug_module_translator_avalon_universal_slave_0_agent_rsp_fifo|                                                                                  ; 6 (6)       ; 4 (4)                     ; 0 (0)         ; 0           ; 0    ; 0            ; 0       ; 0         ; 0    ; 0            ; 2 (2)        ; 0 (0)             ; 4 (4)            ; |component_tutorial|nios_system:U0|nios_system_cpu_jtag_debug_module_translator_avalon_universal_slave_0_agent_rsp_fifo:expansion_jp1_avalon_parallel_port_slave_translator_avalon_universal_slave_0_agent_rsp_fifo|altera_avalon_sc_fifo:cpu_jtag_debug_module_translator_avalon_universal_slave_0_agent_rsp_fifo                                ; nios_system  ;
;       |nios_system_cpu_jtag_debug_module_translator_avalon_universal_slave_0_agent_rsp_fifo:expansion_jp2_avalon_parallel_port_slave_translator_avalon_universal_slave_0_agent_rsp_fifo|   ; 6 (0)       ; 4 (0)                     ; 0 (0)         ; 0           ; 0    ; 0            ; 0       ; 0         ; 0    ; 0            ; 2 (0)        ; 0 (0)             ; 4 (0)            ; |component_tutorial|nios_system:U0|nios_system_cpu_jtag_debug_module_translator_avalon_universal_slave_0_agent_rsp_fifo:expansion_jp2_avalon_parallel_port_slave_translator_avalon_universal_slave_0_agent_rsp_fifo                                                                                                                               ; nios_system  ;
;          |altera_avalon_sc_fifo:cpu_jtag_debug_module_translator_avalon_universal_slave_0_agent_rsp_fifo|                                                                                  ; 6 (6)       ; 4 (4)                     ; 0 (0)         ; 0           ; 0    ; 0            ; 0       ; 0         ; 0    ; 0            ; 2 (2)        ; 0 (0)             ; 4 (4)            ; |component_tutorial|nios_system:U0|nios_system_cpu_jtag_debug_module_translator_avalon_universal_slave_0_agent_rsp_fifo:expansion_jp2_avalon_parallel_port_slave_translator_avalon_universal_slave_0_agent_rsp_fifo|altera_avalon_sc_fifo:cpu_jtag_debug_module_translator_avalon_universal_slave_0_agent_rsp_fifo                                ; nios_system  ;
;       |nios_system_cpu_jtag_debug_module_translator_avalon_universal_slave_0_agent_rsp_fifo:green_leds_avalon_parallel_port_slave_translator_avalon_universal_slave_0_agent_rsp_fifo|      ; 5 (0)       ; 4 (0)                     ; 0 (0)         ; 0           ; 0    ; 0            ; 0       ; 0         ; 0    ; 0            ; 1 (0)        ; 0 (0)             ; 4 (0)            ; |component_tutorial|nios_system:U0|nios_system_cpu_jtag_debug_module_translator_avalon_universal_slave_0_agent_rsp_fifo:green_leds_avalon_parallel_port_slave_translator_avalon_universal_slave_0_agent_rsp_fifo                                                                                                                                  ; nios_system  ;
;          |altera_avalon_sc_fifo:cpu_jtag_debug_module_translator_avalon_universal_slave_0_agent_rsp_fifo|                                                                                  ; 5 (5)       ; 4 (4)                     ; 0 (0)         ; 0           ; 0    ; 0            ; 0       ; 0         ; 0    ; 0            ; 1 (1)        ; 0 (0)             ; 4 (4)            ; |component_tutorial|nios_system:U0|nios_system_cpu_jtag_debug_module_translator_avalon_universal_slave_0_agent_rsp_fifo:green_leds_avalon_parallel_port_slave_translator_avalon_universal_slave_0_agent_rsp_fifo|altera_avalon_sc_fifo:cpu_jtag_debug_module_translator_avalon_universal_slave_0_agent_rsp_fifo                                   ; nios_system  ;
;       |nios_system_cpu_jtag_debug_module_translator_avalon_universal_slave_0_agent_rsp_fifo:hex3_hex0_avalon_parallel_port_slave_translator_avalon_universal_slave_0_agent_rsp_fifo|       ; 5 (0)       ; 4 (0)                     ; 0 (0)         ; 0           ; 0    ; 0            ; 0       ; 0         ; 0    ; 0            ; 1 (0)        ; 0 (0)             ; 4 (0)            ; |component_tutorial|nios_system:U0|nios_system_cpu_jtag_debug_module_translator_avalon_universal_slave_0_agent_rsp_fifo:hex3_hex0_avalon_parallel_port_slave_translator_avalon_universal_slave_0_agent_rsp_fifo                                                                                                                                   ; nios_system  ;
;          |altera_avalon_sc_fifo:cpu_jtag_debug_module_translator_avalon_universal_slave_0_agent_rsp_fifo|                                                                                  ; 5 (5)       ; 4 (4)                     ; 0 (0)         ; 0           ; 0    ; 0            ; 0       ; 0         ; 0    ; 0            ; 1 (1)        ; 0 (0)             ; 4 (4)            ; |component_tutorial|nios_system:U0|nios_system_cpu_jtag_debug_module_translator_avalon_universal_slave_0_agent_rsp_fifo:hex3_hex0_avalon_parallel_port_slave_translator_avalon_universal_slave_0_agent_rsp_fifo|altera_avalon_sc_fifo:cpu_jtag_debug_module_translator_avalon_universal_slave_0_agent_rsp_fifo                                    ; nios_system  ;
;       |nios_system_cpu_jtag_debug_module_translator_avalon_universal_slave_0_agent_rsp_fifo:interval_timer_s1_translator_avalon_universal_slave_0_agent_rsp_fifo|                          ; 5 (0)       ; 4 (0)                     ; 0 (0)         ; 0           ; 0    ; 0            ; 0       ; 0         ; 0    ; 0            ; 1 (0)        ; 0 (0)             ; 4 (0)            ; |component_tutorial|nios_system:U0|nios_system_cpu_jtag_debug_module_translator_avalon_universal_slave_0_agent_rsp_fifo:interval_timer_s1_translator_avalon_universal_slave_0_agent_rsp_fifo                                                                                                                                                      ; nios_system  ;
;          |altera_avalon_sc_fifo:cpu_jtag_debug_module_translator_avalon_universal_slave_0_agent_rsp_fifo|                                                                                  ; 5 (5)       ; 4 (4)                     ; 0 (0)         ; 0           ; 0    ; 0            ; 0       ; 0         ; 0    ; 0            ; 1 (1)        ; 0 (0)             ; 4 (4)            ; |component_tutorial|nios_system:U0|nios_system_cpu_jtag_debug_module_translator_avalon_universal_slave_0_agent_rsp_fifo:interval_timer_s1_translator_avalon_universal_slave_0_agent_rsp_fifo|altera_avalon_sc_fifo:cpu_jtag_debug_module_translator_avalon_universal_slave_0_agent_rsp_fifo                                                       ; nios_system  ;
;       |nios_system_cpu_jtag_debug_module_translator_avalon_universal_slave_0_agent_rsp_fifo:jtag_uart_avalon_jtag_slave_translator_avalon_universal_slave_0_agent_rsp_fifo|                ; 7 (0)       ; 4 (0)                     ; 0 (0)         ; 0           ; 0    ; 0            ; 0       ; 0         ; 0    ; 0            ; 3 (0)        ; 0 (0)             ; 4 (0)            ; |component_tutorial|nios_system:U0|nios_system_cpu_jtag_debug_module_translator_avalon_universal_slave_0_agent_rsp_fifo:jtag_uart_avalon_jtag_slave_translator_avalon_universal_slave_0_agent_rsp_fifo                                                                                                                                            ; nios_system  ;
;          |altera_avalon_sc_fifo:cpu_jtag_debug_module_translator_avalon_universal_slave_0_agent_rsp_fifo|                                                                                  ; 7 (7)       ; 4 (4)                     ; 0 (0)         ; 0           ; 0    ; 0            ; 0       ; 0         ; 0    ; 0            ; 3 (3)        ; 0 (0)             ; 4 (4)            ; |component_tutorial|nios_system:U0|nios_system_cpu_jtag_debug_module_translator_avalon_universal_slave_0_agent_rsp_fifo:jtag_uart_avalon_jtag_slave_translator_avalon_universal_slave_0_agent_rsp_fifo|altera_avalon_sc_fifo:cpu_jtag_debug_module_translator_avalon_universal_slave_0_agent_rsp_fifo                                             ; nios_system  ;
;       |nios_system_cpu_jtag_debug_module_translator_avalon_universal_slave_0_agent_rsp_fifo:onchip_memory_s1_translator_avalon_universal_slave_0_agent_rsp_fifo|                           ; 3 (0)       ; 2 (0)                     ; 0 (0)         ; 0           ; 0    ; 0            ; 0       ; 0         ; 0    ; 0            ; 1 (0)        ; 0 (0)             ; 2 (0)            ; |component_tutorial|nios_system:U0|nios_system_cpu_jtag_debug_module_translator_avalon_universal_slave_0_agent_rsp_fifo:onchip_memory_s1_translator_avalon_universal_slave_0_agent_rsp_fifo                                                                                                                                                       ; nios_system  ;
;          |altera_avalon_sc_fifo:cpu_jtag_debug_module_translator_avalon_universal_slave_0_agent_rsp_fifo|                                                                                  ; 3 (3)       ; 2 (2)                     ; 0 (0)         ; 0           ; 0    ; 0            ; 0       ; 0         ; 0    ; 0            ; 1 (1)        ; 0 (0)             ; 2 (2)            ; |component_tutorial|nios_system:U0|nios_system_cpu_jtag_debug_module_translator_avalon_universal_slave_0_agent_rsp_fifo:onchip_memory_s1_translator_avalon_universal_slave_0_agent_rsp_fifo|altera_avalon_sc_fifo:cpu_jtag_debug_module_translator_avalon_universal_slave_0_agent_rsp_fifo                                                        ; nios_system  ;
;       |nios_system_cpu_jtag_debug_module_translator_avalon_universal_slave_0_agent_rsp_fifo:onchip_memory_s2_translator_avalon_universal_slave_0_agent_rsp_fifo|                           ; 5 (0)       ; 4 (0)                     ; 0 (0)         ; 0           ; 0    ; 0            ; 0       ; 0         ; 0    ; 0            ; 1 (0)        ; 0 (0)             ; 4 (0)            ; |component_tutorial|nios_system:U0|nios_system_cpu_jtag_debug_module_translator_avalon_universal_slave_0_agent_rsp_fifo:onchip_memory_s2_translator_avalon_universal_slave_0_agent_rsp_fifo                                                                                                                                                       ; nios_system  ;
;          |altera_avalon_sc_fifo:cpu_jtag_debug_module_translator_avalon_universal_slave_0_agent_rsp_fifo|                                                                                  ; 5 (5)       ; 4 (4)                     ; 0 (0)         ; 0           ; 0    ; 0            ; 0       ; 0         ; 0    ; 0            ; 1 (1)        ; 0 (0)             ; 4 (4)            ; |component_tutorial|nios_system:U0|nios_system_cpu_jtag_debug_module_translator_avalon_universal_slave_0_agent_rsp_fifo:onchip_memory_s2_translator_avalon_universal_slave_0_agent_rsp_fifo|altera_avalon_sc_fifo:cpu_jtag_debug_module_translator_avalon_universal_slave_0_agent_rsp_fifo                                                        ; nios_system  ;
;       |nios_system_cpu_jtag_debug_module_translator_avalon_universal_slave_0_agent_rsp_fifo:pushbuttons_avalon_parallel_port_slave_translator_avalon_universal_slave_0_agent_rsp_fifo|     ; 6 (0)       ; 4 (0)                     ; 0 (0)         ; 0           ; 0    ; 0            ; 0       ; 0         ; 0    ; 0            ; 2 (0)        ; 0 (0)             ; 4 (0)            ; |component_tutorial|nios_system:U0|nios_system_cpu_jtag_debug_module_translator_avalon_universal_slave_0_agent_rsp_fifo:pushbuttons_avalon_parallel_port_slave_translator_avalon_universal_slave_0_agent_rsp_fifo                                                                                                                                 ; nios_system  ;
;          |altera_avalon_sc_fifo:cpu_jtag_debug_module_translator_avalon_universal_slave_0_agent_rsp_fifo|                                                                                  ; 6 (6)       ; 4 (4)                     ; 0 (0)         ; 0           ; 0    ; 0            ; 0       ; 0         ; 0    ; 0            ; 2 (2)        ; 0 (0)             ; 4 (4)            ; |component_tutorial|nios_system:U0|nios_system_cpu_jtag_debug_module_translator_avalon_universal_slave_0_agent_rsp_fifo:pushbuttons_avalon_parallel_port_slave_translator_avalon_universal_slave_0_agent_rsp_fifo|altera_avalon_sc_fifo:cpu_jtag_debug_module_translator_avalon_universal_slave_0_agent_rsp_fifo                                  ; nios_system  ;
;       |nios_system_cpu_jtag_debug_module_translator_avalon_universal_slave_0_agent_rsp_fifo:red_leds_avalon_parallel_port_slave_translator_avalon_universal_slave_0_agent_rsp_fifo|        ; 5 (0)       ; 4 (0)                     ; 0 (0)         ; 0           ; 0    ; 0            ; 0       ; 0         ; 0    ; 0            ; 1 (0)        ; 0 (0)             ; 4 (0)            ; |component_tutorial|nios_system:U0|nios_system_cpu_jtag_debug_module_translator_avalon_universal_slave_0_agent_rsp_fifo:red_leds_avalon_parallel_port_slave_translator_avalon_universal_slave_0_agent_rsp_fifo                                                                                                                                    ; nios_system  ;
;          |altera_avalon_sc_fifo:cpu_jtag_debug_module_translator_avalon_universal_slave_0_agent_rsp_fifo|                                                                                  ; 5 (5)       ; 4 (4)                     ; 0 (0)         ; 0           ; 0    ; 0            ; 0       ; 0         ; 0    ; 0            ; 1 (1)        ; 0 (0)             ; 4 (4)            ; |component_tutorial|nios_system:U0|nios_system_cpu_jtag_debug_module_translator_avalon_universal_slave_0_agent_rsp_fifo:red_leds_avalon_parallel_port_slave_translator_avalon_universal_slave_0_agent_rsp_fifo|altera_avalon_sc_fifo:cpu_jtag_debug_module_translator_avalon_universal_slave_0_agent_rsp_fifo                                     ; nios_system  ;
;       |nios_system_cpu_jtag_debug_module_translator_avalon_universal_slave_0_agent_rsp_fifo:serial_port_avalon_rs232_slave_translator_avalon_universal_slave_0_agent_rsp_fifo|             ; 5 (0)       ; 4 (0)                     ; 0 (0)         ; 0           ; 0    ; 0            ; 0       ; 0         ; 0    ; 0            ; 1 (0)        ; 0 (0)             ; 4 (0)            ; |component_tutorial|nios_system:U0|nios_system_cpu_jtag_debug_module_translator_avalon_universal_slave_0_agent_rsp_fifo:serial_port_avalon_rs232_slave_translator_avalon_universal_slave_0_agent_rsp_fifo                                                                                                                                         ; nios_system  ;
;          |altera_avalon_sc_fifo:cpu_jtag_debug_module_translator_avalon_universal_slave_0_agent_rsp_fifo|                                                                                  ; 5 (5)       ; 4 (4)                     ; 0 (0)         ; 0           ; 0    ; 0            ; 0       ; 0         ; 0    ; 0            ; 1 (1)        ; 0 (0)             ; 4 (4)            ; |component_tutorial|nios_system:U0|nios_system_cpu_jtag_debug_module_translator_avalon_universal_slave_0_agent_rsp_fifo:serial_port_avalon_rs232_slave_translator_avalon_universal_slave_0_agent_rsp_fifo|altera_avalon_sc_fifo:cpu_jtag_debug_module_translator_avalon_universal_slave_0_agent_rsp_fifo                                          ; nios_system  ;
;       |nios_system_cpu_jtag_debug_module_translator_avalon_universal_slave_0_agent_rsp_fifo:slider_switches_avalon_parallel_port_slave_translator_avalon_universal_slave_0_agent_rsp_fifo| ; 4 (0)       ; 4 (0)                     ; 0 (0)         ; 0           ; 0    ; 0            ; 0       ; 0         ; 0    ; 0            ; 0 (0)        ; 0 (0)             ; 4 (0)            ; |component_tutorial|nios_system:U0|nios_system_cpu_jtag_debug_module_translator_avalon_universal_slave_0_agent_rsp_fifo:slider_switches_avalon_parallel_port_slave_translator_avalon_universal_slave_0_agent_rsp_fifo                                                                                                                             ; nios_system  ;
;          |altera_avalon_sc_fifo:cpu_jtag_debug_module_translator_avalon_universal_slave_0_agent_rsp_fifo|                                                                                  ; 4 (4)       ; 4 (4)                     ; 0 (0)         ; 0           ; 0    ; 0            ; 0       ; 0         ; 0    ; 0            ; 0 (0)        ; 0 (0)             ; 4 (4)            ; |component_tutorial|nios_system:U0|nios_system_cpu_jtag_debug_module_translator_avalon_universal_slave_0_agent_rsp_fifo:slider_switches_avalon_parallel_port_slave_translator_avalon_universal_slave_0_agent_rsp_fifo|altera_avalon_sc_fifo:cpu_jtag_debug_module_translator_avalon_universal_slave_0_agent_rsp_fifo                              ; nios_system  ;
;       |nios_system_interval_timer_s1_translator:interval_timer_s1_translator|                                                                                                              ; 23 (0)      ; 19 (0)                    ; 0 (0)         ; 0           ; 0    ; 0            ; 0       ; 0         ; 0    ; 0            ; 4 (0)        ; 0 (0)             ; 19 (0)           ; |component_tutorial|nios_system:U0|nios_system_interval_timer_s1_translator:interval_timer_s1_translator                                                                                                                                                                                                                                          ; nios_system  ;
;          |altera_merlin_slave_translator:interval_timer_s1_translator|                                                                                                                     ; 23 (23)     ; 19 (19)                   ; 0 (0)         ; 0           ; 0    ; 0            ; 0       ; 0         ; 0    ; 0            ; 4 (4)        ; 0 (0)             ; 19 (19)          ; |component_tutorial|nios_system:U0|nios_system_interval_timer_s1_translator:interval_timer_s1_translator|altera_merlin_slave_translator:interval_timer_s1_translator                                                                                                                                                                              ; nios_system  ;
;       |nios_system_jtag_uart_avalon_jtag_slave_translator:jtag_uart_avalon_jtag_slave_translator|                                                                                          ; 23 (0)      ; 23 (0)                    ; 0 (0)         ; 0           ; 0    ; 0            ; 0       ; 0         ; 0    ; 0            ; 0 (0)        ; 0 (0)             ; 23 (0)           ; |component_tutorial|nios_system:U0|nios_system_jtag_uart_avalon_jtag_slave_translator:jtag_uart_avalon_jtag_slave_translator                                                                                                                                                                                                                      ; nios_system  ;
;          |altera_merlin_slave_translator:jtag_uart_avalon_jtag_slave_translator|                                                                                                           ; 23 (23)     ; 23 (23)                   ; 0 (0)         ; 0           ; 0    ; 0            ; 0       ; 0         ; 0    ; 0            ; 0 (0)        ; 0 (0)             ; 23 (23)          ; |component_tutorial|nios_system:U0|nios_system_jtag_uart_avalon_jtag_slave_translator:jtag_uart_avalon_jtag_slave_translator|altera_merlin_slave_translator:jtag_uart_avalon_jtag_slave_translator                                                                                                                                                ; nios_system  ;
;       |nios_system_onchip_memory_s1_translator:onchip_memory_s1_translator|                                                                                                                ; 1 (0)       ; 1 (0)                     ; 0 (0)         ; 0           ; 0    ; 0            ; 0       ; 0         ; 0    ; 0            ; 0 (0)        ; 0 (0)             ; 1 (0)            ; |component_tutorial|nios_system:U0|nios_system_onchip_memory_s1_translator:onchip_memory_s1_translator                                                                                                                                                                                                                                            ; nios_system  ;
;          |altera_merlin_slave_translator:onchip_memory_s1_translator|                                                                                                                      ; 1 (1)       ; 1 (1)                     ; 0 (0)         ; 0           ; 0    ; 0            ; 0       ; 0         ; 0    ; 0            ; 0 (0)        ; 0 (0)             ; 1 (1)            ; |component_tutorial|nios_system:U0|nios_system_onchip_memory_s1_translator:onchip_memory_s1_translator|altera_merlin_slave_translator:onchip_memory_s1_translator                                                                                                                                                                                 ; nios_system  ;
;       |nios_system_onchip_memory_s1_translator:onchip_memory_s2_translator|                                                                                                                ; 3 (0)       ; 1 (0)                     ; 0 (0)         ; 0           ; 0    ; 0            ; 0       ; 0         ; 0    ; 0            ; 2 (0)        ; 0 (0)             ; 1 (0)            ; |component_tutorial|nios_system:U0|nios_system_onchip_memory_s1_translator:onchip_memory_s2_translator                                                                                                                                                                                                                                            ; nios_system  ;
;          |altera_merlin_slave_translator:onchip_memory_s1_translator|                                                                                                                      ; 3 (3)       ; 1 (1)                     ; 0 (0)         ; 0           ; 0    ; 0            ; 0       ; 0         ; 0    ; 0            ; 2 (2)        ; 0 (0)             ; 1 (1)            ; |component_tutorial|nios_system:U0|nios_system_onchip_memory_s1_translator:onchip_memory_s2_translator|altera_merlin_slave_translator:onchip_memory_s1_translator                                                                                                                                                                                 ; nios_system  ;
;       |nios_system_red_leds_avalon_parallel_port_slave_translator:expansion_jp1_avalon_parallel_port_slave_translator|                                                                     ; 2 (0)       ; 1 (0)                     ; 0 (0)         ; 0           ; 0    ; 0            ; 0       ; 0         ; 0    ; 0            ; 1 (0)        ; 0 (0)             ; 1 (0)            ; |component_tutorial|nios_system:U0|nios_system_red_leds_avalon_parallel_port_slave_translator:expansion_jp1_avalon_parallel_port_slave_translator                                                                                                                                                                                                 ; nios_system  ;
;          |altera_merlin_slave_translator:red_leds_avalon_parallel_port_slave_translator|                                                                                                   ; 2 (2)       ; 1 (1)                     ; 0 (0)         ; 0           ; 0    ; 0            ; 0       ; 0         ; 0    ; 0            ; 1 (1)        ; 0 (0)             ; 1 (1)            ; |component_tutorial|nios_system:U0|nios_system_red_leds_avalon_parallel_port_slave_translator:expansion_jp1_avalon_parallel_port_slave_translator|altera_merlin_slave_translator:red_leds_avalon_parallel_port_slave_translator                                                                                                                   ; nios_system  ;
;       |nios_system_red_leds_avalon_parallel_port_slave_translator:expansion_jp2_avalon_parallel_port_slave_translator|                                                                     ; 2 (0)       ; 1 (0)                     ; 0 (0)         ; 0           ; 0    ; 0            ; 0       ; 0         ; 0    ; 0            ; 1 (0)        ; 0 (0)             ; 1 (0)            ; |component_tutorial|nios_system:U0|nios_system_red_leds_avalon_parallel_port_slave_translator:expansion_jp2_avalon_parallel_port_slave_translator                                                                                                                                                                                                 ; nios_system  ;
;          |altera_merlin_slave_translator:red_leds_avalon_parallel_port_slave_translator|                                                                                                   ; 2 (2)       ; 1 (1)                     ; 0 (0)         ; 0           ; 0    ; 0            ; 0       ; 0         ; 0    ; 0            ; 1 (1)        ; 0 (0)             ; 1 (1)            ; |component_tutorial|nios_system:U0|nios_system_red_leds_avalon_parallel_port_slave_translator:expansion_jp2_avalon_parallel_port_slave_translator|altera_merlin_slave_translator:red_leds_avalon_parallel_port_slave_translator                                                                                                                   ; nios_system  ;
;       |nios_system_red_leds_avalon_parallel_port_slave_translator:green_leds_avalon_parallel_port_slave_translator|                                                                        ; 2 (0)       ; 1 (0)                     ; 0 (0)         ; 0           ; 0    ; 0            ; 0       ; 0         ; 0    ; 0            ; 1 (0)        ; 0 (0)             ; 1 (0)            ; |component_tutorial|nios_system:U0|nios_system_red_leds_avalon_parallel_port_slave_translator:green_leds_avalon_parallel_port_slave_translator                                                                                                                                                                                                    ; nios_system  ;
;          |altera_merlin_slave_translator:red_leds_avalon_parallel_port_slave_translator|                                                                                                   ; 2 (2)       ; 1 (1)                     ; 0 (0)         ; 0           ; 0    ; 0            ; 0       ; 0         ; 0    ; 0            ; 1 (1)        ; 0 (0)             ; 1 (1)            ; |component_tutorial|nios_system:U0|nios_system_red_leds_avalon_parallel_port_slave_translator:green_leds_avalon_parallel_port_slave_translator|altera_merlin_slave_translator:red_leds_avalon_parallel_port_slave_translator                                                                                                                      ; nios_system  ;
;       |nios_system_red_leds_avalon_parallel_port_slave_translator:hex3_hex0_avalon_parallel_port_slave_translator|                                                                         ; 1 (0)       ; 1 (0)                     ; 0 (0)         ; 0           ; 0    ; 0            ; 0       ; 0         ; 0    ; 0            ; 0 (0)        ; 0 (0)             ; 1 (0)            ; |component_tutorial|nios_system:U0|nios_system_red_leds_avalon_parallel_port_slave_translator:hex3_hex0_avalon_parallel_port_slave_translator                                                                                                                                                                                                     ; nios_system  ;
;          |altera_merlin_slave_translator:red_leds_avalon_parallel_port_slave_translator|                                                                                                   ; 1 (1)       ; 1 (1)                     ; 0 (0)         ; 0           ; 0    ; 0            ; 0       ; 0         ; 0    ; 0            ; 0 (0)        ; 0 (0)             ; 1 (1)            ; |component_tutorial|nios_system:U0|nios_system_red_leds_avalon_parallel_port_slave_translator:hex3_hex0_avalon_parallel_port_slave_translator|altera_merlin_slave_translator:red_leds_avalon_parallel_port_slave_translator                                                                                                                       ; nios_system  ;
;       |nios_system_red_leds_avalon_parallel_port_slave_translator:pushbuttons_avalon_parallel_port_slave_translator|                                                                       ; 2 (0)       ; 1 (0)                     ; 0 (0)         ; 0           ; 0    ; 0            ; 0       ; 0         ; 0    ; 0            ; 1 (0)        ; 0 (0)             ; 1 (0)            ; |component_tutorial|nios_system:U0|nios_system_red_leds_avalon_parallel_port_slave_translator:pushbuttons_avalon_parallel_port_slave_translator                                                                                                                                                                                                   ; nios_system  ;
;          |altera_merlin_slave_translator:red_leds_avalon_parallel_port_slave_translator|                                                                                                   ; 2 (2)       ; 1 (1)                     ; 0 (0)         ; 0           ; 0    ; 0            ; 0       ; 0         ; 0    ; 0            ; 1 (1)        ; 0 (0)             ; 1 (1)            ; |component_tutorial|nios_system:U0|nios_system_red_leds_avalon_parallel_port_slave_translator:pushbuttons_avalon_parallel_port_slave_translator|altera_merlin_slave_translator:red_leds_avalon_parallel_port_slave_translator                                                                                                                     ; nios_system  ;
;       |nios_system_red_leds_avalon_parallel_port_slave_translator:red_leds_avalon_parallel_port_slave_translator|                                                                          ; 1 (0)       ; 1 (0)                     ; 0 (0)         ; 0           ; 0    ; 0            ; 0       ; 0         ; 0    ; 0            ; 0 (0)        ; 0 (0)             ; 1 (0)            ; |component_tutorial|nios_system:U0|nios_system_red_leds_avalon_parallel_port_slave_translator:red_leds_avalon_parallel_port_slave_translator                                                                                                                                                                                                      ; nios_system  ;
;          |altera_merlin_slave_translator:red_leds_avalon_parallel_port_slave_translator|                                                                                                   ; 1 (1)       ; 1 (1)                     ; 0 (0)         ; 0           ; 0    ; 0            ; 0       ; 0         ; 0    ; 0            ; 0 (0)        ; 0 (0)             ; 1 (1)            ; |component_tutorial|nios_system:U0|nios_system_red_leds_avalon_parallel_port_slave_translator:red_leds_avalon_parallel_port_slave_translator|altera_merlin_slave_translator:red_leds_avalon_parallel_port_slave_translator                                                                                                                        ; nios_system  ;
;       |nios_system_red_leds_avalon_parallel_port_slave_translator:slider_switches_avalon_parallel_port_slave_translator|                                                                   ; 2 (0)       ; 1 (0)                     ; 0 (0)         ; 0           ; 0    ; 0            ; 0       ; 0         ; 0    ; 0            ; 1 (0)        ; 0 (0)             ; 1 (0)            ; |component_tutorial|nios_system:U0|nios_system_red_leds_avalon_parallel_port_slave_translator:slider_switches_avalon_parallel_port_slave_translator                                                                                                                                                                                               ; nios_system  ;
;          |altera_merlin_slave_translator:red_leds_avalon_parallel_port_slave_translator|                                                                                                   ; 2 (2)       ; 1 (1)                     ; 0 (0)         ; 0           ; 0    ; 0            ; 0       ; 0         ; 0    ; 0            ; 1 (1)        ; 0 (0)             ; 1 (1)            ; |component_tutorial|nios_system:U0|nios_system_red_leds_avalon_parallel_port_slave_translator:slider_switches_avalon_parallel_port_slave_translator|altera_merlin_slave_translator:red_leds_avalon_parallel_port_slave_translator                                                                                                                 ; nios_system  ;
;       |nios_system_reg16_avalon_interface_0_avalon_slave_0_translator:reg16_avalon_interface_0_avalon_slave_0_translator|                                                                  ; 22 (0)      ; 20 (0)                    ; 0 (0)         ; 0           ; 0    ; 0            ; 0       ; 0         ; 0    ; 0            ; 2 (0)        ; 0 (0)             ; 20 (0)           ; |component_tutorial|nios_system:U0|nios_system_reg16_avalon_interface_0_avalon_slave_0_translator:reg16_avalon_interface_0_avalon_slave_0_translator                                                                                                                                                                                              ; nios_system  ;
;          |altera_merlin_slave_translator:reg16_avalon_interface_0_avalon_slave_0_translator|                                                                                               ; 22 (22)     ; 20 (20)                   ; 0 (0)         ; 0           ; 0    ; 0            ; 0       ; 0         ; 0    ; 0            ; 2 (2)        ; 0 (0)             ; 20 (20)          ; |component_tutorial|nios_system:U0|nios_system_reg16_avalon_interface_0_avalon_slave_0_translator:reg16_avalon_interface_0_avalon_slave_0_translator|altera_merlin_slave_translator:reg16_avalon_interface_0_avalon_slave_0_translator                                                                                                            ; nios_system  ;
;       |nios_system_rsp_xbar_demux:rsp_xbar_demux_002|                                                                                                                                      ; 2 (2)       ; 0 (0)                     ; 0 (0)         ; 0           ; 0    ; 0            ; 0       ; 0         ; 0    ; 0            ; 2 (2)        ; 0 (0)             ; 0 (0)            ; |component_tutorial|nios_system:U0|nios_system_rsp_xbar_demux:rsp_xbar_demux_002                                                                                                                                                                                                                                                                  ; nios_system  ;
;       |nios_system_rsp_xbar_demux:rsp_xbar_demux_003|                                                                                                                                      ; 2 (2)       ; 0 (0)                     ; 0 (0)         ; 0           ; 0    ; 0            ; 0       ; 0         ; 0    ; 0            ; 2 (2)        ; 0 (0)             ; 0 (0)            ; |component_tutorial|nios_system:U0|nios_system_rsp_xbar_demux:rsp_xbar_demux_003                                                                                                                                                                                                                                                                  ; nios_system  ;
;       |nios_system_rsp_xbar_demux:rsp_xbar_demux|                                                                                                                                          ; 2 (2)       ; 0 (0)                     ; 0 (0)         ; 0           ; 0    ; 0            ; 0       ; 0         ; 0    ; 0            ; 2 (2)        ; 0 (0)             ; 0 (0)            ; |component_tutorial|nios_system:U0|nios_system_rsp_xbar_demux:rsp_xbar_demux                                                                                                                                                                                                                                                                      ; nios_system  ;
;       |nios_system_rsp_xbar_mux:rsp_xbar_mux|                                                                                                                                              ; 6 (6)       ; 0 (0)                     ; 0 (0)         ; 0           ; 0    ; 0            ; 0       ; 0         ; 0    ; 0            ; 4 (4)        ; 0 (0)             ; 2 (2)            ; |component_tutorial|nios_system:U0|nios_system_rsp_xbar_mux:rsp_xbar_mux                                                                                                                                                                                                                                                                          ; nios_system  ;
;       |nios_system_rsp_xbar_mux_001:rsp_xbar_mux_001|                                                                                                                                      ; 244 (244)   ; 0 (0)                     ; 0 (0)         ; 0           ; 0    ; 0            ; 0       ; 0         ; 0    ; 0            ; 217 (217)    ; 0 (0)             ; 27 (27)          ; |component_tutorial|nios_system:U0|nios_system_rsp_xbar_mux_001:rsp_xbar_mux_001                                                                                                                                                                                                                                                                  ; nios_system  ;
;       |nios_system_rst_controller:rst_controller|                                                                                                                                          ; 10 (0)      ; 9 (0)                     ; 0 (0)         ; 0           ; 0    ; 0            ; 0       ; 0         ; 0    ; 0            ; 0 (0)        ; 7 (0)             ; 3 (0)            ; |component_tutorial|nios_system:U0|nios_system_rst_controller:rst_controller                                                                                                                                                                                                                                                                      ; nios_system  ;
;          |altera_reset_controller:rst_controller|                                                                                                                                          ; 10 (7)      ; 9 (6)                     ; 0 (0)         ; 0           ; 0    ; 0            ; 0       ; 0         ; 0    ; 0            ; 0 (0)        ; 7 (5)             ; 3 (2)            ; |component_tutorial|nios_system:U0|nios_system_rst_controller:rst_controller|altera_reset_controller:rst_controller                                                                                                                                                                                                                               ; nios_system  ;
;             |altera_reset_synchronizer:alt_rst_sync_uq1|                                                                                                                                   ; 3 (3)       ; 3 (3)                     ; 0 (0)         ; 0           ; 0    ; 0            ; 0       ; 0         ; 0    ; 0            ; 0 (0)        ; 2 (2)             ; 1 (1)            ; |component_tutorial|nios_system:U0|nios_system_rst_controller:rst_controller|altera_reset_controller:rst_controller|altera_reset_synchronizer:alt_rst_sync_uq1                                                                                                                                                                                    ; nios_system  ;
;       |nios_system_rst_controller_001:rst_controller_001|                                                                                                                                  ; 3 (0)       ; 3 (0)                     ; 0 (0)         ; 0           ; 0    ; 0            ; 0       ; 0         ; 0    ; 0            ; 0 (0)        ; 1 (0)             ; 2 (0)            ; |component_tutorial|nios_system:U0|nios_system_rst_controller_001:rst_controller_001                                                                                                                                                                                                                                                              ; nios_system  ;
;          |altera_reset_controller:rst_controller_001|                                                                                                                                      ; 3 (0)       ; 3 (0)                     ; 0 (0)         ; 0           ; 0    ; 0            ; 0       ; 0         ; 0    ; 0            ; 0 (0)        ; 1 (0)             ; 2 (0)            ; |component_tutorial|nios_system:U0|nios_system_rst_controller_001:rst_controller_001|altera_reset_controller:rst_controller_001                                                                                                                                                                                                                   ; nios_system  ;
;             |altera_reset_synchronizer:alt_rst_sync_uq1|                                                                                                                                   ; 3 (3)       ; 3 (3)                     ; 0 (0)         ; 0           ; 0    ; 0            ; 0       ; 0         ; 0    ; 0            ; 0 (0)        ; 1 (1)             ; 2 (2)            ; |component_tutorial|nios_system:U0|nios_system_rst_controller_001:rst_controller_001|altera_reset_controller:rst_controller_001|altera_reset_synchronizer:alt_rst_sync_uq1                                                                                                                                                                        ; nios_system  ;
;       |nios_system_sdram:sdram|                                                                                                                                                            ; 283 (194)   ; 188 (122)                 ; 0 (0)         ; 0           ; 0    ; 0            ; 0       ; 0         ; 0    ; 0            ; 95 (88)      ; 49 (18)           ; 139 (73)         ; |component_tutorial|nios_system:U0|nios_system_sdram:sdram                                                                                                                                                                                                                                                                                        ; nios_system  ;
;          |nios_system_sdram_input_efifo_module:the_nios_system_sdram_input_efifo_module|                                                                                                   ; 104 (104)   ; 66 (66)                   ; 0 (0)         ; 0           ; 0    ; 0            ; 0       ; 0         ; 0    ; 0            ; 7 (7)        ; 31 (31)           ; 66 (66)          ; |component_tutorial|nios_system:U0|nios_system_sdram:sdram|nios_system_sdram_input_efifo_module:the_nios_system_sdram_input_efifo_module                                                                                                                                                                                                          ; nios_system  ;
;       |nios_system_sdram_s1_translator_avalon_universal_slave_0_agent:reg16_avalon_interface_0_avalon_slave_0_translator_avalon_universal_slave_0_agent|                                   ; 13 (0)      ; 3 (0)                     ; 0 (0)         ; 0           ; 0    ; 0            ; 0       ; 0         ; 0    ; 0            ; 8 (0)        ; 0 (0)             ; 5 (0)            ; |component_tutorial|nios_system:U0|nios_system_sdram_s1_translator_avalon_universal_slave_0_agent:reg16_avalon_interface_0_avalon_slave_0_translator_avalon_universal_slave_0_agent                                                                                                                                                               ; nios_system  ;
;          |altera_merlin_slave_agent:sdram_s1_translator_avalon_universal_slave_0_agent|                                                                                                    ; 13 (7)      ; 3 (0)                     ; 0 (0)         ; 0           ; 0    ; 0            ; 0       ; 0         ; 0    ; 0            ; 8 (6)        ; 0 (0)             ; 5 (1)            ; |component_tutorial|nios_system:U0|nios_system_sdram_s1_translator_avalon_universal_slave_0_agent:reg16_avalon_interface_0_avalon_slave_0_translator_avalon_universal_slave_0_agent|altera_merlin_slave_agent:sdram_s1_translator_avalon_universal_slave_0_agent                                                                                  ; nios_system  ;
;             |altera_merlin_burst_uncompressor:uncompressor|                                                                                                                                ; 6 (6)       ; 3 (3)                     ; 0 (0)         ; 0           ; 0    ; 0            ; 0       ; 0         ; 0    ; 0            ; 2 (2)        ; 0 (0)             ; 4 (4)            ; |component_tutorial|nios_system:U0|nios_system_sdram_s1_translator_avalon_universal_slave_0_agent:reg16_avalon_interface_0_avalon_slave_0_translator_avalon_universal_slave_0_agent|altera_merlin_slave_agent:sdram_s1_translator_avalon_universal_slave_0_agent|altera_merlin_burst_uncompressor:uncompressor                                    ; nios_system  ;
;       |nios_system_sdram_s1_translator_avalon_universal_slave_0_agent:sdram_s1_translator_avalon_universal_slave_0_agent|                                                                  ; 19 (0)      ; 3 (0)                     ; 0 (0)         ; 0           ; 0    ; 0            ; 0       ; 0         ; 0    ; 0            ; 14 (0)       ; 0 (0)             ; 5 (0)            ; |component_tutorial|nios_system:U0|nios_system_sdram_s1_translator_avalon_universal_slave_0_agent:sdram_s1_translator_avalon_universal_slave_0_agent                                                                                                                                                                                              ; nios_system  ;
;          |altera_merlin_slave_agent:sdram_s1_translator_avalon_universal_slave_0_agent|                                                                                                    ; 19 (11)     ; 3 (0)                     ; 0 (0)         ; 0           ; 0    ; 0            ; 0       ; 0         ; 0    ; 0            ; 14 (9)       ; 0 (0)             ; 5 (2)            ; |component_tutorial|nios_system:U0|nios_system_sdram_s1_translator_avalon_universal_slave_0_agent:sdram_s1_translator_avalon_universal_slave_0_agent|altera_merlin_slave_agent:sdram_s1_translator_avalon_universal_slave_0_agent                                                                                                                 ; nios_system  ;
;             |altera_merlin_burst_uncompressor:uncompressor|                                                                                                                                ; 8 (8)       ; 3 (3)                     ; 0 (0)         ; 0           ; 0    ; 0            ; 0       ; 0         ; 0    ; 0            ; 5 (5)        ; 0 (0)             ; 3 (3)            ; |component_tutorial|nios_system:U0|nios_system_sdram_s1_translator_avalon_universal_slave_0_agent:sdram_s1_translator_avalon_universal_slave_0_agent|altera_merlin_slave_agent:sdram_s1_translator_avalon_universal_slave_0_agent|altera_merlin_burst_uncompressor:uncompressor                                                                   ; nios_system  ;
;       |nios_system_sdram_s1_translator_avalon_universal_slave_0_agent:sram_avalon_sram_slave_translator_avalon_universal_slave_0_agent|                                                    ; 18 (0)      ; 3 (0)                     ; 0 (0)         ; 0           ; 0    ; 0            ; 0       ; 0         ; 0    ; 0            ; 13 (0)       ; 0 (0)             ; 5 (0)            ; |component_tutorial|nios_system:U0|nios_system_sdram_s1_translator_avalon_universal_slave_0_agent:sram_avalon_sram_slave_translator_avalon_universal_slave_0_agent                                                                                                                                                                                ; nios_system  ;
;          |altera_merlin_slave_agent:sdram_s1_translator_avalon_universal_slave_0_agent|                                                                                                    ; 18 (10)     ; 3 (0)                     ; 0 (0)         ; 0           ; 0    ; 0            ; 0       ; 0         ; 0    ; 0            ; 13 (8)       ; 0 (0)             ; 5 (2)            ; |component_tutorial|nios_system:U0|nios_system_sdram_s1_translator_avalon_universal_slave_0_agent:sram_avalon_sram_slave_translator_avalon_universal_slave_0_agent|altera_merlin_slave_agent:sdram_s1_translator_avalon_universal_slave_0_agent                                                                                                   ; nios_system  ;
;             |altera_merlin_burst_uncompressor:uncompressor|                                                                                                                                ; 8 (8)       ; 3 (3)                     ; 0 (0)         ; 0           ; 0    ; 0            ; 0       ; 0         ; 0    ; 0            ; 5 (5)        ; 0 (0)             ; 3 (3)            ; |component_tutorial|nios_system:U0|nios_system_sdram_s1_translator_avalon_universal_slave_0_agent:sram_avalon_sram_slave_translator_avalon_universal_slave_0_agent|altera_merlin_slave_agent:sdram_s1_translator_avalon_universal_slave_0_agent|altera_merlin_burst_uncompressor:uncompressor                                                     ; nios_system  ;
;       |nios_system_sdram_s1_translator_avalon_universal_slave_0_agent_rdata_fifo:sdram_s1_translator_avalon_universal_slave_0_agent_rdata_fifo|                                            ; 186 (0)     ; 170 (0)                   ; 0 (0)         ; 0           ; 0    ; 0            ; 0       ; 0         ; 0    ; 0            ; 15 (0)       ; 64 (0)            ; 107 (0)          ; |component_tutorial|nios_system:U0|nios_system_sdram_s1_translator_avalon_universal_slave_0_agent_rdata_fifo:sdram_s1_translator_avalon_universal_slave_0_agent_rdata_fifo                                                                                                                                                                        ; nios_system  ;
;          |altera_avalon_sc_fifo:sdram_s1_translator_avalon_universal_slave_0_agent_rdata_fifo|                                                                                             ; 186 (186)   ; 170 (170)                 ; 0 (0)         ; 0           ; 0    ; 0            ; 0       ; 0         ; 0    ; 0            ; 15 (15)      ; 64 (64)           ; 107 (107)        ; |component_tutorial|nios_system:U0|nios_system_sdram_s1_translator_avalon_universal_slave_0_agent_rdata_fifo:sdram_s1_translator_avalon_universal_slave_0_agent_rdata_fifo|altera_avalon_sc_fifo:sdram_s1_translator_avalon_universal_slave_0_agent_rdata_fifo                                                                                    ; nios_system  ;
;       |nios_system_sdram_s1_translator_avalon_universal_slave_0_agent_rdata_fifo:sram_avalon_sram_slave_translator_avalon_universal_slave_0_agent_rdata_fifo|                              ; 55 (0)      ; 51 (0)                    ; 0 (0)         ; 0           ; 0    ; 0            ; 0       ; 0         ; 0    ; 0            ; 4 (0)        ; 16 (0)            ; 35 (0)           ; |component_tutorial|nios_system:U0|nios_system_sdram_s1_translator_avalon_universal_slave_0_agent_rdata_fifo:sram_avalon_sram_slave_translator_avalon_universal_slave_0_agent_rdata_fifo                                                                                                                                                          ; nios_system  ;
;          |altera_avalon_sc_fifo:sdram_s1_translator_avalon_universal_slave_0_agent_rdata_fifo|                                                                                             ; 55 (55)     ; 51 (51)                   ; 0 (0)         ; 0           ; 0    ; 0            ; 0       ; 0         ; 0    ; 0            ; 4 (4)        ; 16 (16)           ; 35 (35)          ; |component_tutorial|nios_system:U0|nios_system_sdram_s1_translator_avalon_universal_slave_0_agent_rdata_fifo:sram_avalon_sram_slave_translator_avalon_universal_slave_0_agent_rdata_fifo|altera_avalon_sc_fifo:sdram_s1_translator_avalon_universal_slave_0_agent_rdata_fifo                                                                      ; nios_system  ;
;       |nios_system_sdram_s1_translator_avalon_universal_slave_0_agent_rsp_fifo:reg16_avalon_interface_0_avalon_slave_0_translator_avalon_universal_slave_0_agent_rsp_fifo|                 ; 17 (0)      ; 12 (0)                    ; 0 (0)         ; 0           ; 0    ; 0            ; 0       ; 0         ; 0    ; 0            ; 5 (0)        ; 1 (0)             ; 11 (0)           ; |component_tutorial|nios_system:U0|nios_system_sdram_s1_translator_avalon_universal_slave_0_agent_rsp_fifo:reg16_avalon_interface_0_avalon_slave_0_translator_avalon_universal_slave_0_agent_rsp_fifo                                                                                                                                             ; nios_system  ;
;          |altera_avalon_sc_fifo:sdram_s1_translator_avalon_universal_slave_0_agent_rsp_fifo|                                                                                               ; 17 (17)     ; 12 (12)                   ; 0 (0)         ; 0           ; 0    ; 0            ; 0       ; 0         ; 0    ; 0            ; 5 (5)        ; 1 (1)             ; 11 (11)          ; |component_tutorial|nios_system:U0|nios_system_sdram_s1_translator_avalon_universal_slave_0_agent_rsp_fifo:reg16_avalon_interface_0_avalon_slave_0_translator_avalon_universal_slave_0_agent_rsp_fifo|altera_avalon_sc_fifo:sdram_s1_translator_avalon_universal_slave_0_agent_rsp_fifo                                                           ; nios_system  ;
;       |nios_system_sdram_s1_translator_avalon_universal_slave_0_agent_rsp_fifo:sdram_s1_translator_avalon_universal_slave_0_agent_rsp_fifo|                                                ; 74 (0)      ; 64 (0)                    ; 0 (0)         ; 0           ; 0    ; 0            ; 0       ; 0         ; 0    ; 0            ; 10 (0)       ; 7 (0)             ; 57 (0)           ; |component_tutorial|nios_system:U0|nios_system_sdram_s1_translator_avalon_universal_slave_0_agent_rsp_fifo:sdram_s1_translator_avalon_universal_slave_0_agent_rsp_fifo                                                                                                                                                                            ; nios_system  ;
;          |altera_avalon_sc_fifo:sdram_s1_translator_avalon_universal_slave_0_agent_rsp_fifo|                                                                                               ; 74 (74)     ; 64 (64)                   ; 0 (0)         ; 0           ; 0    ; 0            ; 0       ; 0         ; 0    ; 0            ; 10 (10)      ; 7 (7)             ; 57 (57)          ; |component_tutorial|nios_system:U0|nios_system_sdram_s1_translator_avalon_universal_slave_0_agent_rsp_fifo:sdram_s1_translator_avalon_universal_slave_0_agent_rsp_fifo|altera_avalon_sc_fifo:sdram_s1_translator_avalon_universal_slave_0_agent_rsp_fifo                                                                                          ; nios_system  ;
;       |nios_system_sdram_s1_translator_avalon_universal_slave_0_agent_rsp_fifo:sram_avalon_sram_slave_translator_avalon_universal_slave_0_agent_rsp_fifo|                                  ; 29 (0)      ; 24 (0)                    ; 0 (0)         ; 0           ; 0    ; 0            ; 0       ; 0         ; 0    ; 0            ; 5 (0)        ; 7 (0)             ; 17 (0)           ; |component_tutorial|nios_system:U0|nios_system_sdram_s1_translator_avalon_universal_slave_0_agent_rsp_fifo:sram_avalon_sram_slave_translator_avalon_universal_slave_0_agent_rsp_fifo                                                                                                                                                              ; nios_system  ;
;          |altera_avalon_sc_fifo:sdram_s1_translator_avalon_universal_slave_0_agent_rsp_fifo|                                                                                               ; 29 (29)     ; 24 (24)                   ; 0 (0)         ; 0           ; 0    ; 0            ; 0       ; 0         ; 0    ; 0            ; 5 (5)        ; 7 (7)             ; 17 (17)          ; |component_tutorial|nios_system:U0|nios_system_sdram_s1_translator_avalon_universal_slave_0_agent_rsp_fifo:sram_avalon_sram_slave_translator_avalon_universal_slave_0_agent_rsp_fifo|altera_avalon_sc_fifo:sdram_s1_translator_avalon_universal_slave_0_agent_rsp_fifo                                                                            ; nios_system  ;
;       |nios_system_serial_port_avalon_rs232_slave_translator:serial_port_avalon_rs232_slave_translator|                                                                                    ; 1 (0)       ; 1 (0)                     ; 0 (0)         ; 0           ; 0    ; 0            ; 0       ; 0         ; 0    ; 0            ; 0 (0)        ; 0 (0)             ; 1 (0)            ; |component_tutorial|nios_system:U0|nios_system_serial_port_avalon_rs232_slave_translator:serial_port_avalon_rs232_slave_translator                                                                                                                                                                                                                ; nios_system  ;
;          |altera_merlin_slave_translator:serial_port_avalon_rs232_slave_translator|                                                                                                        ; 1 (1)       ; 1 (1)                     ; 0 (0)         ; 0           ; 0    ; 0            ; 0       ; 0         ; 0    ; 0            ; 0 (0)        ; 0 (0)             ; 1 (1)            ; |component_tutorial|nios_system:U0|nios_system_serial_port_avalon_rs232_slave_translator:serial_port_avalon_rs232_slave_translator|altera_merlin_slave_translator:serial_port_avalon_rs232_slave_translator                                                                                                                                       ; nios_system  ;
;       |nios_system_width_adapter:width_adapter_002|                                                                                                                                        ; 23 (0)      ; 22 (0)                    ; 0 (0)         ; 0           ; 0    ; 0            ; 0       ; 0         ; 0    ; 0            ; 1 (0)        ; 0 (0)             ; 22 (0)           ; |component_tutorial|nios_system:U0|nios_system_width_adapter:width_adapter_002                                                                                                                                                                                                                                                                    ; nios_system  ;
;          |altera_merlin_width_adapter:width_adapter|                                                                                                                                       ; 23 (23)     ; 22 (22)                   ; 0 (0)         ; 0           ; 0    ; 0            ; 0       ; 0         ; 0    ; 0            ; 1 (1)        ; 0 (0)             ; 22 (22)          ; |component_tutorial|nios_system:U0|nios_system_width_adapter:width_adapter_002|altera_merlin_width_adapter:width_adapter                                                                                                                                                                                                                          ; nios_system  ;
;       |nios_system_width_adapter:width_adapter_004|                                                                                                                                        ; 27 (0)      ; 22 (0)                    ; 0 (0)         ; 0           ; 0    ; 0            ; 0       ; 0         ; 0    ; 0            ; 5 (0)        ; 0 (0)             ; 22 (0)           ; |component_tutorial|nios_system:U0|nios_system_width_adapter:width_adapter_004                                                                                                                                                                                                                                                                    ; nios_system  ;
;          |altera_merlin_width_adapter:width_adapter|                                                                                                                                       ; 27 (27)     ; 22 (22)                   ; 0 (0)         ; 0           ; 0    ; 0            ; 0       ; 0         ; 0    ; 0            ; 5 (5)        ; 0 (0)             ; 22 (22)          ; |component_tutorial|nios_system:U0|nios_system_width_adapter:width_adapter_004|altera_merlin_width_adapter:width_adapter                                                                                                                                                                                                                          ; nios_system  ;
;       |nios_system_width_adapter:width_adapter|                                                                                                                                            ; 68 (0)      ; 36 (0)                    ; 0 (0)         ; 0           ; 0    ; 0            ; 0       ; 0         ; 0    ; 0            ; 2 (0)        ; 0 (0)             ; 66 (0)           ; |component_tutorial|nios_system:U0|nios_system_width_adapter:width_adapter                                                                                                                                                                                                                                                                        ; nios_system  ;
;          |altera_merlin_width_adapter:width_adapter|                                                                                                                                       ; 68 (68)     ; 36 (36)                   ; 0 (0)         ; 0           ; 0    ; 0            ; 0       ; 0         ; 0    ; 0            ; 2 (2)        ; 0 (0)             ; 66 (66)          ; |component_tutorial|nios_system:U0|nios_system_width_adapter:width_adapter|altera_merlin_width_adapter:width_adapter                                                                                                                                                                                                                              ; nios_system  ;
;       |nios_system_width_adapter_001:width_adapter_001|                                                                                                                                    ; 32 (0)      ; 16 (0)                    ; 0 (0)         ; 0           ; 0    ; 0            ; 0       ; 0         ; 0    ; 0            ; 0 (0)        ; 0 (0)             ; 32 (0)           ; |component_tutorial|nios_system:U0|nios_system_width_adapter_001:width_adapter_001                                                                                                                                                                                                                                                                ; nios_system  ;
;          |altera_merlin_width_adapter:width_adapter_001|                                                                                                                                   ; 32 (32)     ; 16 (16)                   ; 0 (0)         ; 0           ; 0    ; 0            ; 0       ; 0         ; 0    ; 0            ; 0 (0)        ; 0 (0)             ; 32 (32)          ; |component_tutorial|nios_system:U0|nios_system_width_adapter_001:width_adapter_001|altera_merlin_width_adapter:width_adapter_001                                                                                                                                                                                                                  ; nios_system  ;
;       |nios_system_width_adapter_001:width_adapter_003|                                                                                                                                    ; 49 (0)      ; 16 (0)                    ; 0 (0)         ; 0           ; 0    ; 0            ; 0       ; 0         ; 0    ; 0            ; 17 (0)       ; 0 (0)             ; 32 (0)           ; |component_tutorial|nios_system:U0|nios_system_width_adapter_001:width_adapter_003                                                                                                                                                                                                                                                                ; nios_system  ;
;          |altera_merlin_width_adapter:width_adapter_001|                                                                                                                                   ; 49 (49)     ; 16 (16)                   ; 0 (0)         ; 0           ; 0    ; 0            ; 0       ; 0         ; 0    ; 0            ; 17 (17)      ; 0 (0)             ; 32 (32)          ; |component_tutorial|nios_system:U0|nios_system_width_adapter_001:width_adapter_003|altera_merlin_width_adapter:width_adapter_001                                                                                                                                                                                                                  ; nios_system  ;
;       |nios_system_width_adapter_001:width_adapter_005|                                                                                                                                    ; 28 (0)      ; 16 (0)                    ; 0 (0)         ; 0           ; 0    ; 0            ; 0       ; 0         ; 0    ; 0            ; 2 (0)        ; 0 (0)             ; 26 (0)           ; |component_tutorial|nios_system:U0|nios_system_width_adapter_001:width_adapter_005                                                                                                                                                                                                                                                                ; nios_system  ;
;          |altera_merlin_width_adapter:width_adapter_001|                                                                                                                                   ; 28 (28)     ; 16 (16)                   ; 0 (0)         ; 0           ; 0    ; 0            ; 0       ; 0         ; 0    ; 0            ; 2 (2)        ; 0 (0)             ; 26 (26)          ; |component_tutorial|nios_system:U0|nios_system_width_adapter_001:width_adapter_005|altera_merlin_width_adapter:width_adapter_001                                                                                                                                                                                                                  ; nios_system  ;
;       |reg16_avalon_interface:reg16_avalon_interface_0|                                                                                                                                    ; 19 (0)      ; 16 (0)                    ; 0 (0)         ; 0           ; 0    ; 0            ; 0       ; 0         ; 0    ; 0            ; 2 (0)        ; 0 (0)             ; 17 (0)           ; |component_tutorial|nios_system:U0|reg16_avalon_interface:reg16_avalon_interface_0                                                                                                                                                                                                                                                                ; nios_system  ;
;          |reg16:reg_instance|                                                                                                                                                              ; 19 (19)     ; 16 (16)                   ; 0 (0)         ; 0           ; 0    ; 0            ; 0       ; 0         ; 0    ; 0            ; 2 (2)        ; 0 (0)             ; 17 (17)          ; |component_tutorial|nios_system:U0|reg16_avalon_interface:reg16_avalon_interface_0|reg16:reg_instance                                                                                                                                                                                                                                             ; nios_system  ;
;    |sld_hub:auto_hub|                                                                                                                                                                      ; 174 (1)     ; 97 (0)                    ; 0 (0)         ; 0           ; 0    ; 0            ; 0       ; 0         ; 0    ; 0            ; 77 (1)       ; 13 (0)            ; 84 (0)           ; |component_tutorial|sld_hub:auto_hub                                                                                                                                                                                                                                                                                                              ; work         ;
;       |sld_jtag_hub:\jtag_hub_gen:sld_jtag_hub_inst|                                                                                                                                       ; 173 (129)   ; 97 (69)                   ; 0 (0)         ; 0           ; 0    ; 0            ; 0       ; 0         ; 0    ; 0            ; 76 (60)      ; 13 (13)           ; 84 (59)          ; |component_tutorial|sld_hub:auto_hub|sld_jtag_hub:\jtag_hub_gen:sld_jtag_hub_inst                                                                                                                                                                                                                                                                 ; work         ;
;          |sld_rom_sr:hub_info_reg|                                                                                                                                                         ; 24 (24)     ; 9 (9)                     ; 0 (0)         ; 0           ; 0    ; 0            ; 0       ; 0         ; 0    ; 0            ; 15 (15)      ; 0 (0)             ; 9 (9)            ; |component_tutorial|sld_hub:auto_hub|sld_jtag_hub:\jtag_hub_gen:sld_jtag_hub_inst|sld_rom_sr:hub_info_reg                                                                                                                                                                                                                                         ; work         ;
;          |sld_shadow_jsm:shadow_jsm|                                                                                                                                                       ; 20 (20)     ; 19 (19)                   ; 0 (0)         ; 0           ; 0    ; 0            ; 0       ; 0         ; 0    ; 0            ; 1 (1)        ; 0 (0)             ; 19 (19)          ; |component_tutorial|sld_hub:auto_hub|sld_jtag_hub:\jtag_hub_gen:sld_jtag_hub_inst|sld_shadow_jsm:shadow_jsm                                                                                                                                                                                                                                       ; work         ;
+--------------------------------------------------------------------------------------------------------------------------------------------------------------------------------------------+-------------+---------------------------+---------------+-------------+------+--------------+---------+-----------+------+--------------+--------------+-------------------+------------------+---------------------------------------------------------------------------------------------------------------------------------------------------------------------------------------------------------------------------------------------------------------------------------------------------------------------------------------------------+--------------+
Note: For table entries with two numbers listed, the numbers in parentheses indicate the number of resources of the given type used by the specific entity alone. The numbers listed outside of parentheses indicate the total resources of the given type used by the specific entity and all of its sub-entities in the hierarchy.


+-----------------------------------------------------------------------------------+
; Delay Chain Summary                                                               ;
+----------+----------+---------------+---------------+-----------------------+-----+
; Name     ; Pin Type ; Pad to Core 0 ; Pad to Core 1 ; Pad to Input Register ; TCO ;
+----------+----------+---------------+---------------+-----------------------+-----+
; HEX0[6]  ; Output   ; --            ; --            ; --                    ; --  ;
; HEX0[5]  ; Output   ; --            ; --            ; --                    ; --  ;
; HEX0[4]  ; Output   ; --            ; --            ; --                    ; --  ;
; HEX0[3]  ; Output   ; --            ; --            ; --                    ; --  ;
; HEX0[2]  ; Output   ; --            ; --            ; --                    ; --  ;
; HEX0[1]  ; Output   ; --            ; --            ; --                    ; --  ;
; HEX0[0]  ; Output   ; --            ; --            ; --                    ; --  ;
; HEX1[6]  ; Output   ; --            ; --            ; --                    ; --  ;
; HEX1[5]  ; Output   ; --            ; --            ; --                    ; --  ;
; HEX1[4]  ; Output   ; --            ; --            ; --                    ; --  ;
; HEX1[3]  ; Output   ; --            ; --            ; --                    ; --  ;
; HEX1[2]  ; Output   ; --            ; --            ; --                    ; --  ;
; HEX1[1]  ; Output   ; --            ; --            ; --                    ; --  ;
; HEX1[0]  ; Output   ; --            ; --            ; --                    ; --  ;
; HEX2[6]  ; Output   ; --            ; --            ; --                    ; --  ;
; HEX2[5]  ; Output   ; --            ; --            ; --                    ; --  ;
; HEX2[4]  ; Output   ; --            ; --            ; --                    ; --  ;
; HEX2[3]  ; Output   ; --            ; --            ; --                    ; --  ;
; HEX2[2]  ; Output   ; --            ; --            ; --                    ; --  ;
; HEX2[1]  ; Output   ; --            ; --            ; --                    ; --  ;
; HEX2[0]  ; Output   ; --            ; --            ; --                    ; --  ;
; HEX3[6]  ; Output   ; --            ; --            ; --                    ; --  ;
; HEX3[5]  ; Output   ; --            ; --            ; --                    ; --  ;
; HEX3[4]  ; Output   ; --            ; --            ; --                    ; --  ;
; HEX3[3]  ; Output   ; --            ; --            ; --                    ; --  ;
; HEX3[2]  ; Output   ; --            ; --            ; --                    ; --  ;
; HEX3[1]  ; Output   ; --            ; --            ; --                    ; --  ;
; HEX3[0]  ; Output   ; --            ; --            ; --                    ; --  ;
; CLOCK_50 ; Input    ; (0) 171 ps    ; (0) 171 ps    ; --                    ; --  ;
; KEY[0]   ; Input    ; (6) 2523 ps   ; (6) 2523 ps   ; --                    ; --  ;
+----------+----------+---------------+---------------+-----------------------+-----+


+-------------------------------------------------------------------------------------------------------------------------------------------------------------------------------------------------------------------------------------+
; Pad To Core Delay Chain Fanout                                                                                                                                                                                                      ;
+-------------------------------------------------------------------------------------------------------------------------------------------------------------------------------------------------------+-------------------+---------+
; Source Pin / Fanout                                                                                                                                                                                   ; Pad To Core Index ; Setting ;
+-------------------------------------------------------------------------------------------------------------------------------------------------------------------------------------------------------+-------------------+---------+
; CLOCK_50                                                                                                                                                                                              ;                   ;         ;
; KEY[0]                                                                                                                                                                                                ;                   ;         ;
;      - nios_system:U0|nios_system_rst_controller_001:rst_controller_001|altera_reset_controller:rst_controller_001|altera_reset_synchronizer:alt_rst_sync_uq1|altera_reset_synchronizer_int_chain_out ; 0                 ; 6       ;
;      - nios_system:U0|nios_system_rst_controller_001:rst_controller_001|altera_reset_controller:rst_controller_001|altera_reset_synchronizer:alt_rst_sync_uq1|altera_reset_synchronizer_int_chain[0]  ; 0                 ; 6       ;
;      - nios_system:U0|nios_system_rst_controller_001:rst_controller_001|altera_reset_controller:rst_controller_001|altera_reset_synchronizer:alt_rst_sync_uq1|altera_reset_synchronizer_int_chain[1]  ; 0                 ; 6       ;
;      - nios_system:U0|nios_system_rst_controller:rst_controller|altera_reset_controller:rst_controller|merged_reset~0                                                                                 ; 0                 ; 6       ;
+-------------------------------------------------------------------------------------------------------------------------------------------------------------------------------------------------------+-------------------+---------+


+---------------------------------------------------------------------------------------------------------------------------------------------------------------------------------------------------------------------------------------------------------------------------------------------------------------------------------------------------------------------------------------------------------------------------------------------------------+
; Control Signals                                                                                                                                                                                                                                                                                                                                                                                                                                         ;
+---------------------------------------------------------------------------------------------------------------------------------------------------------------------------------------------------------------------------------------------------------------------------------------------------+--------------------+---------+---------------------------------------+--------+----------------------+------------------+---------------------------+
; Name                                                                                                                                                                                                                                                                                              ; Location           ; Fan-Out ; Usage                                 ; Global ; Global Resource Used ; Global Line Name ; Enable Signal Source Name ;
+---------------------------------------------------------------------------------------------------------------------------------------------------------------------------------------------------------------------------------------------------------------------------------------------------+--------------------+---------+---------------------------------------+--------+----------------------+------------------+---------------------------+
; CLOCK_50                                                                                                                                                                                                                                                                                          ; PIN_L1             ; 2436    ; Clock                                 ; yes    ; Global Clock         ; GCLK2            ; --                        ;
; KEY[0]                                                                                                                                                                                                                                                                                            ; PIN_R22            ; 4       ; Async. clear                          ; no     ; --                   ; --               ; --                        ;
; altera_internal_jtag~TCKUTAP                                                                                                                                                                                                                                                                      ; JTAG_X1_Y14_N0     ; 183     ; Clock                                 ; yes    ; Global Clock         ; GCLK1            ; --                        ;
; altera_internal_jtag~TMSUTAP                                                                                                                                                                                                                                                                      ; JTAG_X1_Y14_N0     ; 22      ; Sync. clear                           ; no     ; --                   ; --               ; --                        ;
; nios_system:U0|nios_system_Expansion_JP1:expansion_jp1|data[20]~2                                                                                                                                                                                                                                 ; LCCOMB_X20_Y19_N24 ; 8       ; Clock enable                          ; no     ; --                   ; --               ; --                        ;
; nios_system:U0|nios_system_Expansion_JP1:expansion_jp1|data[26]~3                                                                                                                                                                                                                                 ; LCCOMB_X20_Y19_N14 ; 8       ; Clock enable                          ; no     ; --                   ; --               ; --                        ;
; nios_system:U0|nios_system_Expansion_JP1:expansion_jp1|data[5]~0                                                                                                                                                                                                                                  ; LCCOMB_X20_Y19_N8  ; 8       ; Clock enable                          ; no     ; --                   ; --               ; --                        ;
; nios_system:U0|nios_system_Expansion_JP1:expansion_jp1|data[8]~1                                                                                                                                                                                                                                  ; LCCOMB_X20_Y19_N22 ; 8       ; Clock enable                          ; no     ; --                   ; --               ; --                        ;
; nios_system:U0|nios_system_Expansion_JP1:expansion_jp1|direction[11]~1                                                                                                                                                                                                                            ; LCCOMB_X21_Y19_N22 ; 8       ; Clock enable                          ; no     ; --                   ; --               ; --                        ;
; nios_system:U0|nios_system_Expansion_JP1:expansion_jp1|direction[21]~2                                                                                                                                                                                                                            ; LCCOMB_X21_Y19_N0  ; 8       ; Clock enable                          ; no     ; --                   ; --               ; --                        ;
; nios_system:U0|nios_system_Expansion_JP1:expansion_jp1|direction[31]~3                                                                                                                                                                                                                            ; LCCOMB_X21_Y19_N10 ; 8       ; Clock enable                          ; no     ; --                   ; --               ; --                        ;
; nios_system:U0|nios_system_Expansion_JP1:expansion_jp1|direction[6]~0                                                                                                                                                                                                                             ; LCCOMB_X21_Y19_N8  ; 8       ; Clock enable                          ; no     ; --                   ; --               ; --                        ;
; nios_system:U0|nios_system_Expansion_JP1:expansion_jp1|interrupt[0]~0                                                                                                                                                                                                                             ; LCCOMB_X20_Y19_N0  ; 8       ; Clock enable                          ; no     ; --                   ; --               ; --                        ;
; nios_system:U0|nios_system_Expansion_JP1:expansion_jp1|interrupt[11]~1                                                                                                                                                                                                                            ; LCCOMB_X20_Y19_N2  ; 8       ; Clock enable                          ; no     ; --                   ; --               ; --                        ;
; nios_system:U0|nios_system_Expansion_JP1:expansion_jp1|interrupt[18]~2                                                                                                                                                                                                                            ; LCCOMB_X20_Y19_N12 ; 8       ; Clock enable                          ; no     ; --                   ; --               ; --                        ;
; nios_system:U0|nios_system_Expansion_JP1:expansion_jp1|interrupt[31]~3                                                                                                                                                                                                                            ; LCCOMB_X20_Y19_N6  ; 8       ; Clock enable                          ; no     ; --                   ; --               ; --                        ;
; nios_system:U0|nios_system_Expansion_JP1:expansion_jp1|readdata[6]~3                                                                                                                                                                                                                              ; LCCOMB_X22_Y19_N10 ; 32      ; Clock enable                          ; no     ; --                   ; --               ; --                        ;
; nios_system:U0|nios_system_Expansion_JP2:expansion_jp2|data[18]~2                                                                                                                                                                                                                                 ; LCCOMB_X20_Y19_N26 ; 8       ; Clock enable                          ; no     ; --                   ; --               ; --                        ;
; nios_system:U0|nios_system_Expansion_JP2:expansion_jp2|data[31]~3                                                                                                                                                                                                                                 ; LCCOMB_X20_Y19_N4  ; 8       ; Clock enable                          ; no     ; --                   ; --               ; --                        ;
; nios_system:U0|nios_system_Expansion_JP2:expansion_jp2|data[3]~0                                                                                                                                                                                                                                  ; LCCOMB_X20_Y19_N10 ; 8       ; Clock enable                          ; no     ; --                   ; --               ; --                        ;
; nios_system:U0|nios_system_Expansion_JP2:expansion_jp2|data[9]~1                                                                                                                                                                                                                                  ; LCCOMB_X20_Y19_N28 ; 8       ; Clock enable                          ; no     ; --                   ; --               ; --                        ;
; nios_system:U0|nios_system_Expansion_JP2:expansion_jp2|direction[10]~1                                                                                                                                                                                                                            ; LCCOMB_X21_Y19_N12 ; 8       ; Clock enable                          ; no     ; --                   ; --               ; --                        ;
; nios_system:U0|nios_system_Expansion_JP2:expansion_jp2|direction[21]~2                                                                                                                                                                                                                            ; LCCOMB_X21_Y19_N26 ; 8       ; Clock enable                          ; no     ; --                   ; --               ; --                        ;
; nios_system:U0|nios_system_Expansion_JP2:expansion_jp2|direction[27]~3                                                                                                                                                                                                                            ; LCCOMB_X21_Y19_N24 ; 8       ; Clock enable                          ; no     ; --                   ; --               ; --                        ;
; nios_system:U0|nios_system_Expansion_JP2:expansion_jp2|direction[3]~0                                                                                                                                                                                                                             ; LCCOMB_X21_Y19_N2  ; 8       ; Clock enable                          ; no     ; --                   ; --               ; --                        ;
; nios_system:U0|nios_system_Expansion_JP2:expansion_jp2|interrupt[10]~9                                                                                                                                                                                                                            ; LCCOMB_X20_Y19_N20 ; 8       ; Clock enable                          ; no     ; --                   ; --               ; --                        ;
; nios_system:U0|nios_system_Expansion_JP2:expansion_jp2|interrupt[16]~18                                                                                                                                                                                                                           ; LCCOMB_X20_Y19_N30 ; 8       ; Clock enable                          ; no     ; --                   ; --               ; --                        ;
; nios_system:U0|nios_system_Expansion_JP2:expansion_jp2|interrupt[2]~1                                                                                                                                                                                                                             ; LCCOMB_X20_Y19_N18 ; 8       ; Clock enable                          ; no     ; --                   ; --               ; --                        ;
; nios_system:U0|nios_system_Expansion_JP2:expansion_jp2|interrupt[31]~27                                                                                                                                                                                                                           ; LCCOMB_X20_Y19_N16 ; 8       ; Clock enable                          ; no     ; --                   ; --               ; --                        ;
; nios_system:U0|nios_system_Expansion_JP2:expansion_jp2|readdata[6]~2                                                                                                                                                                                                                              ; LCCOMB_X22_Y19_N20 ; 32      ; Clock enable                          ; no     ; --                   ; --               ; --                        ;
; nios_system:U0|nios_system_Green_LEDs:green_leds|data[6]~0                                                                                                                                                                                                                                        ; LCCOMB_X21_Y19_N6  ; 8       ; Clock enable                          ; no     ; --                   ; --               ; --                        ;
; nios_system:U0|nios_system_Green_LEDs:green_leds|readdata[1]~1                                                                                                                                                                                                                                    ; LCCOMB_X22_Y22_N4  ; 8       ; Clock enable                          ; no     ; --                   ; --               ; --                        ;
; nios_system:U0|nios_system_HEX3_HEX0:hex3_hex0|data[11]~1                                                                                                                                                                                                                                         ; LCCOMB_X21_Y19_N28 ; 8       ; Clock enable                          ; no     ; --                   ; --               ; --                        ;
; nios_system:U0|nios_system_HEX3_HEX0:hex3_hex0|data[20]~2                                                                                                                                                                                                                                         ; LCCOMB_X21_Y19_N30 ; 8       ; Clock enable                          ; no     ; --                   ; --               ; --                        ;
; nios_system:U0|nios_system_HEX3_HEX0:hex3_hex0|data[25]~3                                                                                                                                                                                                                                         ; LCCOMB_X21_Y19_N16 ; 8       ; Clock enable                          ; no     ; --                   ; --               ; --                        ;
; nios_system:U0|nios_system_HEX3_HEX0:hex3_hex0|data[7]~0                                                                                                                                                                                                                                          ; LCCOMB_X21_Y19_N20 ; 8       ; Clock enable                          ; no     ; --                   ; --               ; --                        ;
; nios_system:U0|nios_system_HEX3_HEX0:hex3_hex0|readdata[1]~1                                                                                                                                                                                                                                      ; LCCOMB_X29_Y19_N22 ; 32      ; Clock enable                          ; no     ; --                   ; --               ; --                        ;
; nios_system:U0|nios_system_Interval_timer:interval_timer|always0~0                                                                                                                                                                                                                                ; LCCOMB_X30_Y21_N14 ; 32      ; Sync. load                            ; no     ; --                   ; --               ; --                        ;
; nios_system:U0|nios_system_Interval_timer:interval_timer|always0~1                                                                                                                                                                                                                                ; LCCOMB_X30_Y21_N18 ; 32      ; Clock enable                          ; no     ; --                   ; --               ; --                        ;
; nios_system:U0|nios_system_Interval_timer:interval_timer|control_wr_strobe                                                                                                                                                                                                                        ; LCCOMB_X30_Y21_N10 ; 5       ; Clock enable                          ; no     ; --                   ; --               ; --                        ;
; nios_system:U0|nios_system_Interval_timer:interval_timer|period_h_wr_strobe                                                                                                                                                                                                                       ; LCCOMB_X30_Y21_N22 ; 16      ; Clock enable                          ; no     ; --                   ; --               ; --                        ;
; nios_system:U0|nios_system_Interval_timer:interval_timer|period_l_wr_strobe                                                                                                                                                                                                                       ; LCCOMB_X30_Y21_N20 ; 16      ; Clock enable                          ; no     ; --                   ; --               ; --                        ;
; nios_system:U0|nios_system_Interval_timer:interval_timer|snap_strobe~0                                                                                                                                                                                                                            ; LCCOMB_X30_Y21_N28 ; 32      ; Clock enable                          ; no     ; --                   ; --               ; --                        ;
; nios_system:U0|nios_system_JTAG_UART:jtag_uart|alt_jtag_atlantic:nios_system_JTAG_UART_alt_jtag_atlantic|r_ena~0                                                                                                                                                                                  ; LCCOMB_X25_Y17_N10 ; 9       ; Clock enable                          ; no     ; --                   ; --               ; --                        ;
; nios_system:U0|nios_system_JTAG_UART:jtag_uart|alt_jtag_atlantic:nios_system_JTAG_UART_alt_jtag_atlantic|td_shift[0]~4                                                                                                                                                                            ; LCCOMB_X38_Y11_N0  ; 21      ; Clock enable                          ; no     ; --                   ; --               ; --                        ;
; nios_system:U0|nios_system_JTAG_UART:jtag_uart|alt_jtag_atlantic:nios_system_JTAG_UART_alt_jtag_atlantic|wdata[3]~0                                                                                                                                                                               ; LCCOMB_X30_Y17_N26 ; 8       ; Clock enable                          ; no     ; --                   ; --               ; --                        ;
; nios_system:U0|nios_system_JTAG_UART:jtag_uart|alt_jtag_atlantic:nios_system_JTAG_UART_alt_jtag_atlantic|write_stalled~1                                                                                                                                                                          ; LCCOMB_X30_Y17_N20 ; 5       ; Clock enable                          ; no     ; --                   ; --               ; --                        ;
; nios_system:U0|nios_system_JTAG_UART:jtag_uart|fifo_rd~1                                                                                                                                                                                                                                          ; LCCOMB_X24_Y18_N24 ; 8       ; Clock enable                          ; no     ; --                   ; --               ; --                        ;
; nios_system:U0|nios_system_JTAG_UART:jtag_uart|fifo_wr                                                                                                                                                                                                                                            ; LCFF_X25_Y17_N19   ; 15      ; Clock enable, Write enable            ; no     ; --                   ; --               ; --                        ;
; nios_system:U0|nios_system_JTAG_UART:jtag_uart|ien_AE~0                                                                                                                                                                                                                                           ; LCCOMB_X27_Y17_N12 ; 3       ; Clock enable                          ; no     ; --                   ; --               ; --                        ;
; nios_system:U0|nios_system_JTAG_UART:jtag_uart|nios_system_JTAG_UART_scfifo_r:the_nios_system_JTAG_UART_scfifo_r|scfifo:rfifo|scfifo_1n21:auto_generated|a_dpfifo_8t21:dpfifo|a_fefifo_7cf:fifo_state|_~4                                                                                         ; LCCOMB_X24_Y18_N14 ; 6       ; Clock enable                          ; no     ; --                   ; --               ; --                        ;
; nios_system:U0|nios_system_JTAG_UART:jtag_uart|nios_system_JTAG_UART_scfifo_w:the_nios_system_JTAG_UART_scfifo_w|scfifo:wfifo|scfifo_1n21:auto_generated|a_dpfifo_8t21:dpfifo|a_fefifo_7cf:fifo_state|_~0                                                                                         ; LCCOMB_X24_Y17_N2  ; 6       ; Clock enable                          ; no     ; --                   ; --               ; --                        ;
; nios_system:U0|nios_system_JTAG_UART:jtag_uart|r_val~0                                                                                                                                                                                                                                            ; LCCOMB_X25_Y17_N22 ; 11      ; Clock enable                          ; no     ; --                   ; --               ; --                        ;
; nios_system:U0|nios_system_JTAG_UART:jtag_uart|read_0                                                                                                                                                                                                                                             ; LCFF_X24_Y18_N9    ; 16      ; Sync. load                            ; no     ; --                   ; --               ; --                        ;
; nios_system:U0|nios_system_JTAG_UART:jtag_uart|wr_rfifo                                                                                                                                                                                                                                           ; LCCOMB_X18_Y21_N24 ; 13      ; Clock enable, Write enable            ; no     ; --                   ; --               ; --                        ;
; nios_system:U0|nios_system_Onchip_memory:onchip_memory|wren2~0                                                                                                                                                                                                                                    ; LCCOMB_X27_Y16_N28 ; 16      ; Write enable                          ; no     ; --                   ; --               ; --                        ;
; nios_system:U0|nios_system_Pushbuttons:pushbuttons|interrupt[3]~0                                                                                                                                                                                                                                 ; LCCOMB_X23_Y21_N4  ; 4       ; Clock enable                          ; no     ; --                   ; --               ; --                        ;
; nios_system:U0|nios_system_Pushbuttons:pushbuttons|readdata[0]~1                                                                                                                                                                                                                                  ; LCCOMB_X23_Y21_N20 ; 4       ; Clock enable                          ; no     ; --                   ; --               ; --                        ;
; nios_system:U0|nios_system_Red_LEDs:red_leds|data[7]~0                                                                                                                                                                                                                                            ; LCCOMB_X26_Y21_N22 ; 8       ; Clock enable                          ; no     ; --                   ; --               ; --                        ;
; nios_system:U0|nios_system_Red_LEDs:red_leds|data[9]~1                                                                                                                                                                                                                                            ; LCCOMB_X24_Y21_N16 ; 2       ; Clock enable                          ; no     ; --                   ; --               ; --                        ;
; nios_system:U0|nios_system_Red_LEDs:red_leds|readdata[1]~1                                                                                                                                                                                                                                        ; LCCOMB_X25_Y21_N0  ; 10      ; Clock enable                          ; no     ; --                   ; --               ; --                        ;
; nios_system:U0|nios_system_Serial_port:serial_port|altera_up_rs232_in_deserializer:RS232_In_Deserializer|altera_up_rs232_counters:RS232_In_Counters|baud_counter[5]~12                                                                                                                            ; LCCOMB_X34_Y18_N6  ; 9       ; Sync. clear                           ; no     ; --                   ; --               ; --                        ;
; nios_system:U0|nios_system_Serial_port:serial_port|altera_up_rs232_in_deserializer:RS232_In_Deserializer|altera_up_sync_fifo:RS232_In_FIFO|scfifo:Sync_FIFO|scfifo_pu31:auto_generated|a_dpfifo_cm31:dpfifo|cntr_d5b:rd_ptr_msb|_~0                                                               ; LCCOMB_X42_Y16_N20 ; 6       ; Clock enable                          ; no     ; --                   ; --               ; --                        ;
; nios_system:U0|nios_system_Serial_port:serial_port|altera_up_rs232_in_deserializer:RS232_In_Deserializer|altera_up_sync_fifo:RS232_In_FIFO|scfifo:Sync_FIFO|scfifo_pu31:auto_generated|a_dpfifo_cm31:dpfifo|cntr_e5b:wr_ptr|_~0                                                                   ; LCCOMB_X31_Y16_N22 ; 7       ; Clock enable                          ; no     ; --                   ; --               ; --                        ;
; nios_system:U0|nios_system_Serial_port:serial_port|altera_up_rs232_in_deserializer:RS232_In_Deserializer|altera_up_sync_fifo:RS232_In_FIFO|scfifo:Sync_FIFO|scfifo_pu31:auto_generated|a_dpfifo_cm31:dpfifo|cntr_q57:usedw_counter|_~2                                                            ; LCCOMB_X31_Y16_N20 ; 7       ; Clock enable                          ; no     ; --                   ; --               ; --                        ;
; nios_system:U0|nios_system_Serial_port:serial_port|altera_up_rs232_in_deserializer:RS232_In_Deserializer|altera_up_sync_fifo:RS232_In_FIFO|scfifo:Sync_FIFO|scfifo_pu31:auto_generated|a_dpfifo_cm31:dpfifo|rd_ptr_lsb~1                                                                          ; LCCOMB_X42_Y16_N18 ; 1       ; Clock enable                          ; no     ; --                   ; --               ; --                        ;
; nios_system:U0|nios_system_Serial_port:serial_port|altera_up_rs232_in_deserializer:RS232_In_Deserializer|comb~1                                                                                                                                                                                   ; LCCOMB_X31_Y16_N10 ; 13      ; Write enable                          ; no     ; --                   ; --               ; --                        ;
; nios_system:U0|nios_system_Serial_port:serial_port|altera_up_rs232_out_serializer:RS232_Out_Serializer|altera_up_rs232_counters:RS232_Out_Counters|baud_counter[6]~12                                                                                                                             ; LCCOMB_X42_Y13_N24 ; 9       ; Sync. clear                           ; no     ; --                   ; --               ; --                        ;
; nios_system:U0|nios_system_Serial_port:serial_port|altera_up_rs232_out_serializer:RS232_Out_Serializer|altera_up_sync_fifo:RS232_Out_FIFO|scfifo:Sync_FIFO|scfifo_pu31:auto_generated|a_dpfifo_cm31:dpfifo|cntr_q57:usedw_counter|_~2                                                             ; LCCOMB_X39_Y15_N16 ; 7       ; Clock enable                          ; no     ; --                   ; --               ; --                        ;
; nios_system:U0|nios_system_Serial_port:serial_port|read_interrupt_en~1                                                                                                                                                                                                                            ; LCCOMB_X31_Y16_N8  ; 2       ; Clock enable                          ; no     ; --                   ; --               ; --                        ;
; nios_system:U0|nios_system_Serial_port:serial_port|readdata[6]~1                                                                                                                                                                                                                                  ; LCCOMB_X22_Y19_N30 ; 19      ; Clock enable                          ; no     ; --                   ; --               ; --                        ;
; nios_system:U0|nios_system_cpu:cpu|D_iw[4]                                                                                                                                                                                                                                                        ; LCFF_X22_Y13_N17   ; 41      ; Sync. load                            ; no     ; --                   ; --               ; --                        ;
; nios_system:U0|nios_system_cpu:cpu|E_alu_result~10                                                                                                                                                                                                                                                ; LCCOMB_X21_Y11_N26 ; 54      ; Sync. clear                           ; no     ; --                   ; --               ; --                        ;
; nios_system:U0|nios_system_cpu:cpu|E_new_inst                                                                                                                                                                                                                                                     ; LCFF_X23_Y10_N1    ; 42      ; Sync. load                            ; no     ; --                   ; --               ; --                        ;
; nios_system:U0|nios_system_cpu:cpu|E_valid                                                                                                                                                                                                                                                        ; LCFF_X23_Y10_N23   ; 16      ; Clock enable                          ; no     ; --                   ; --               ; --                        ;
; nios_system:U0|nios_system_cpu:cpu|F_pc_sel_nxt.10~0                                                                                                                                                                                                                                              ; LCCOMB_X24_Y8_N14  ; 25      ; Sync. load                            ; no     ; --                   ; --               ; --                        ;
; nios_system:U0|nios_system_cpu:cpu|F_valid~0                                                                                                                                                                                                                                                      ; LCCOMB_X30_Y14_N18 ; 34      ; Clock enable                          ; no     ; --                   ; --               ; --                        ;
; nios_system:U0|nios_system_cpu:cpu|R_ctrl_hi_imm16                                                                                                                                                                                                                                                ; LCFF_X22_Y7_N11    ; 17      ; Sync. load                            ; no     ; --                   ; --               ; --                        ;
; nios_system:U0|nios_system_cpu:cpu|R_ctrl_shift_rot                                                                                                                                                                                                                                               ; LCFF_X22_Y6_N25    ; 31      ; Sync. load                            ; no     ; --                   ; --               ; --                        ;
; nios_system:U0|nios_system_cpu:cpu|R_src1~13                                                                                                                                                                                                                                                      ; LCCOMB_X23_Y10_N26 ; 32      ; Sync. load                            ; no     ; --                   ; --               ; --                        ;
; nios_system:U0|nios_system_cpu:cpu|R_src2_hi~0                                                                                                                                                                                                                                                    ; LCCOMB_X22_Y7_N16  ; 15      ; Sync. clear                           ; no     ; --                   ; --               ; --                        ;
; nios_system:U0|nios_system_cpu:cpu|W_alu_result[2]                                                                                                                                                                                                                                                ; LCFF_X22_Y10_N25   ; 187     ; Sync. load                            ; no     ; --                   ; --               ; --                        ;
; nios_system:U0|nios_system_cpu:cpu|W_ienable_reg_nxt~0                                                                                                                                                                                                                                            ; LCCOMB_X25_Y9_N4   ; 6       ; Clock enable                          ; no     ; --                   ; --               ; --                        ;
; nios_system:U0|nios_system_cpu:cpu|W_rf_wren                                                                                                                                                                                                                                                      ; LCCOMB_X23_Y18_N26 ; 2       ; Write enable                          ; no     ; --                   ; --               ; --                        ;
; nios_system:U0|nios_system_cpu:cpu|W_status_reg_pie_inst_nxt~0                                                                                                                                                                                                                                    ; LCCOMB_X24_Y8_N26  ; 25      ; Sync. clear                           ; no     ; --                   ; --               ; --                        ;
; nios_system:U0|nios_system_cpu:cpu|W_valid                                                                                                                                                                                                                                                        ; LCFF_X23_Y10_N29   ; 29      ; Clock enable                          ; no     ; --                   ; --               ; --                        ;
; nios_system:U0|nios_system_cpu:cpu|av_ld_byte0_data[2]~0                                                                                                                                                                                                                                          ; LCCOMB_X24_Y12_N26 ; 8       ; Clock enable                          ; no     ; --                   ; --               ; --                        ;
; nios_system:U0|nios_system_cpu:cpu|av_ld_byte1_data_en~0                                                                                                                                                                                                                                          ; LCCOMB_X24_Y12_N10 ; 8       ; Clock enable                          ; no     ; --                   ; --               ; --                        ;
; nios_system:U0|nios_system_cpu:cpu|av_ld_rshift8~1                                                                                                                                                                                                                                                ; LCCOMB_X24_Y12_N14 ; 32      ; Clock enable, Sync. load              ; no     ; --                   ; --               ; --                        ;
; nios_system:U0|nios_system_cpu:cpu|nios_system_cpu_nios2_oci:the_nios_system_cpu_nios2_oci|address[8]                                                                                                                                                                                             ; LCFF_X40_Y13_N1    ; 37      ; Sync. load                            ; no     ; --                   ; --               ; --                        ;
; nios_system:U0|nios_system_cpu:cpu|nios_system_cpu_nios2_oci:the_nios_system_cpu_nios2_oci|nios_system_cpu_jtag_debug_module_wrapper:the_nios_system_cpu_jtag_debug_module_wrapper|nios_system_cpu_jtag_debug_module_sysclk:the_nios_system_cpu_jtag_debug_module_sysclk|jxuir                    ; LCFF_X36_Y11_N5    ; 2       ; Clock enable                          ; no     ; --                   ; --               ; --                        ;
; nios_system:U0|nios_system_cpu:cpu|nios_system_cpu_nios2_oci:the_nios_system_cpu_nios2_oci|nios_system_cpu_jtag_debug_module_wrapper:the_nios_system_cpu_jtag_debug_module_wrapper|nios_system_cpu_jtag_debug_module_sysclk:the_nios_system_cpu_jtag_debug_module_sysclk|take_action_ocimem_a     ; LCCOMB_X35_Y12_N6  ; 15      ; Clock enable, Sync. load              ; no     ; --                   ; --               ; --                        ;
; nios_system:U0|nios_system_cpu:cpu|nios_system_cpu_nios2_oci:the_nios_system_cpu_nios2_oci|nios_system_cpu_jtag_debug_module_wrapper:the_nios_system_cpu_jtag_debug_module_wrapper|nios_system_cpu_jtag_debug_module_sysclk:the_nios_system_cpu_jtag_debug_module_sysclk|take_action_ocimem_a~0   ; LCCOMB_X36_Y12_N18 ; 16      ; Clock enable                          ; no     ; --                   ; --               ; --                        ;
; nios_system:U0|nios_system_cpu:cpu|nios_system_cpu_nios2_oci:the_nios_system_cpu_nios2_oci|nios_system_cpu_jtag_debug_module_wrapper:the_nios_system_cpu_jtag_debug_module_wrapper|nios_system_cpu_jtag_debug_module_sysclk:the_nios_system_cpu_jtag_debug_module_sysclk|take_action_ocimem_b     ; LCCOMB_X36_Y12_N14 ; 33      ; Sync. load                            ; no     ; --                   ; --               ; --                        ;
; nios_system:U0|nios_system_cpu:cpu|nios_system_cpu_nios2_oci:the_nios_system_cpu_nios2_oci|nios_system_cpu_jtag_debug_module_wrapper:the_nios_system_cpu_jtag_debug_module_wrapper|nios_system_cpu_jtag_debug_module_sysclk:the_nios_system_cpu_jtag_debug_module_sysclk|take_no_action_break_a~0 ; LCCOMB_X36_Y12_N22 ; 64      ; Clock enable                          ; no     ; --                   ; --               ; --                        ;
; nios_system:U0|nios_system_cpu:cpu|nios_system_cpu_nios2_oci:the_nios_system_cpu_nios2_oci|nios_system_cpu_jtag_debug_module_wrapper:the_nios_system_cpu_jtag_debug_module_wrapper|nios_system_cpu_jtag_debug_module_sysclk:the_nios_system_cpu_jtag_debug_module_sysclk|update_jdo_strobe        ; LCFF_X36_Y11_N3    ; 39      ; Clock enable                          ; no     ; --                   ; --               ; --                        ;
; nios_system:U0|nios_system_cpu:cpu|nios_system_cpu_nios2_oci:the_nios_system_cpu_nios2_oci|nios_system_cpu_jtag_debug_module_wrapper:the_nios_system_cpu_jtag_debug_module_wrapper|nios_system_cpu_jtag_debug_module_tck:the_nios_system_cpu_jtag_debug_module_tck|sr[17]~29                      ; LCCOMB_X37_Y11_N8  ; 18      ; Clock enable                          ; no     ; --                   ; --               ; --                        ;
; nios_system:U0|nios_system_cpu:cpu|nios_system_cpu_nios2_oci:the_nios_system_cpu_nios2_oci|nios_system_cpu_jtag_debug_module_wrapper:the_nios_system_cpu_jtag_debug_module_wrapper|nios_system_cpu_jtag_debug_module_tck:the_nios_system_cpu_jtag_debug_module_tck|sr[36]~21                      ; LCCOMB_X38_Y11_N6  ; 2       ; Clock enable                          ; no     ; --                   ; --               ; --                        ;
; nios_system:U0|nios_system_cpu:cpu|nios_system_cpu_nios2_oci:the_nios_system_cpu_nios2_oci|nios_system_cpu_jtag_debug_module_wrapper:the_nios_system_cpu_jtag_debug_module_wrapper|nios_system_cpu_jtag_debug_module_tck:the_nios_system_cpu_jtag_debug_module_tck|sr[3]~13                       ; LCCOMB_X38_Y11_N2  ; 13      ; Clock enable                          ; no     ; --                   ; --               ; --                        ;
; nios_system:U0|nios_system_cpu:cpu|nios_system_cpu_nios2_oci:the_nios_system_cpu_nios2_oci|nios_system_cpu_jtag_debug_module_wrapper:the_nios_system_cpu_jtag_debug_module_wrapper|sld_virtual_jtag_basic:nios_system_cpu_jtag_debug_module_phy|virtual_state_sdr~0                               ; LCCOMB_X38_Y11_N12 ; 39      ; Sync. load                            ; no     ; --                   ; --               ; --                        ;
; nios_system:U0|nios_system_cpu:cpu|nios_system_cpu_nios2_oci:the_nios_system_cpu_nios2_oci|nios_system_cpu_jtag_debug_module_wrapper:the_nios_system_cpu_jtag_debug_module_wrapper|sld_virtual_jtag_basic:nios_system_cpu_jtag_debug_module_phy|virtual_state_uir~0                               ; LCCOMB_X36_Y11_N24 ; 4       ; Clock enable                          ; no     ; --                   ; --               ; --                        ;
; nios_system:U0|nios_system_cpu:cpu|nios_system_cpu_nios2_oci:the_nios_system_cpu_nios2_oci|nios_system_cpu_nios2_avalon_reg:the_nios_system_cpu_nios2_avalon_reg|take_action_oci_intr_mask_reg~0                                                                                                  ; LCCOMB_X35_Y12_N14 ; 7       ; Clock enable                          ; no     ; --                   ; --               ; --                        ;
; nios_system:U0|nios_system_cpu:cpu|nios_system_cpu_nios2_oci:the_nios_system_cpu_nios2_oci|nios_system_cpu_nios2_ocimem:the_nios_system_cpu_nios2_ocimem|MonDReg[0]~11                                                                                                                            ; LCCOMB_X36_Y12_N10 ; 32      ; Clock enable                          ; no     ; --                   ; --               ; --                        ;
; nios_system:U0|nios_system_cpu:cpu|nios_system_cpu_nios2_oci:the_nios_system_cpu_nios2_oci|nios_system_cpu_nios2_ocimem:the_nios_system_cpu_nios2_ocimem|ociram_wr_en                                                                                                                             ; LCCOMB_X36_Y12_N24 ; 2       ; Write enable                          ; no     ; --                   ; --               ; --                        ;
; nios_system:U0|nios_system_cpu_jtag_debug_module_translator_avalon_universal_slave_0_agent_rsp_fifo:cpu_jtag_debug_module_translator_avalon_universal_slave_0_agent_rsp_fifo|altera_avalon_sc_fifo:cpu_jtag_debug_module_translator_avalon_universal_slave_0_agent_rsp_fifo|mem_used[1]~2         ; LCCOMB_X21_Y14_N18 ; 3       ; Clock enable                          ; no     ; --                   ; --               ; --                        ;
; nios_system:U0|nios_system_rst_controller:rst_controller|altera_reset_controller:rst_controller|merged_reset~0                                                                                                                                                                                    ; LCCOMB_X33_Y12_N16 ; 3       ; Async. clear                          ; yes    ; Global Clock         ; GCLK12           ; --                        ;
; nios_system:U0|nios_system_rst_controller:rst_controller|altera_reset_controller:rst_controller|r_sync_rst                                                                                                                                                                                        ; LCFF_X30_Y19_N17   ; 363     ; Clock enable, Sync. clear, Sync. load ; no     ; --                   ; --               ; --                        ;
; nios_system:U0|nios_system_rst_controller:rst_controller|altera_reset_controller:rst_controller|r_sync_rst                                                                                                                                                                                        ; LCFF_X30_Y19_N17   ; 1030    ; Async. clear                          ; yes    ; Global Clock         ; GCLK11           ; --                        ;
; nios_system:U0|nios_system_rst_controller:rst_controller|altera_reset_controller:rst_controller|r_sync_rst_dly                                                                                                                                                                                    ; LCFF_X30_Y19_N19   ; 17      ; Clock enable                          ; no     ; --                   ; --               ; --                        ;
; nios_system:U0|nios_system_rst_controller_001:rst_controller_001|altera_reset_controller:rst_controller_001|altera_reset_synchronizer:alt_rst_sync_uq1|altera_reset_synchronizer_int_chain_out                                                                                                    ; LCFF_X22_Y15_N1    ; 19      ; Sync. clear                           ; no     ; --                   ; --               ; --                        ;
; nios_system:U0|nios_system_rst_controller_001:rst_controller_001|altera_reset_controller:rst_controller_001|altera_reset_synchronizer:alt_rst_sync_uq1|altera_reset_synchronizer_int_chain_out                                                                                                    ; LCFF_X22_Y15_N1    ; 73      ; Async. clear                          ; yes    ; Global Clock         ; GCLK8            ; --                        ;
; nios_system:U0|nios_system_sdram:sdram|Selector27~3                                                                                                                                                                                                                                               ; LCCOMB_X33_Y17_N0  ; 2       ; Clock enable                          ; no     ; --                   ; --               ; --                        ;
; nios_system:U0|nios_system_sdram:sdram|Selector34~4                                                                                                                                                                                                                                               ; LCCOMB_X34_Y17_N4  ; 2       ; Clock enable                          ; no     ; --                   ; --               ; --                        ;
; nios_system:U0|nios_system_sdram:sdram|WideOr17~0                                                                                                                                                                                                                                                 ; LCCOMB_X32_Y11_N22 ; 16      ; Clock enable                          ; no     ; --                   ; --               ; --                        ;
; nios_system:U0|nios_system_sdram:sdram|active_rnw~3                                                                                                                                                                                                                                               ; LCCOMB_X35_Y17_N26 ; 31      ; Clock enable                          ; no     ; --                   ; --               ; --                        ;
; nios_system:U0|nios_system_sdram:sdram|nios_system_sdram_input_efifo_module:the_nios_system_sdram_input_efifo_module|entry_0[40]~1                                                                                                                                                                ; LCCOMB_X32_Y14_N30 ; 31      ; Clock enable                          ; no     ; --                   ; --               ; --                        ;
; nios_system:U0|nios_system_sdram:sdram|nios_system_sdram_input_efifo_module:the_nios_system_sdram_input_efifo_module|entry_1[40]~1                                                                                                                                                                ; LCCOMB_X32_Y14_N18 ; 31      ; Clock enable                          ; no     ; --                   ; --               ; --                        ;
; nios_system:U0|nios_system_sdram_s1_translator_avalon_universal_slave_0_agent:reg16_avalon_interface_0_avalon_slave_0_translator_avalon_universal_slave_0_agent|altera_merlin_slave_agent:sdram_s1_translator_avalon_universal_slave_0_agent|comb~0                                               ; LCCOMB_X21_Y12_N4  ; 6       ; Clock enable                          ; no     ; --                   ; --               ; --                        ;
; nios_system:U0|nios_system_sdram_s1_translator_avalon_universal_slave_0_agent:reg16_avalon_interface_0_avalon_slave_0_translator_avalon_universal_slave_0_agent|altera_merlin_slave_agent:sdram_s1_translator_avalon_universal_slave_0_agent|rp_valid                                             ; LCCOMB_X21_Y12_N20 ; 33      ; Clock enable                          ; no     ; --                   ; --               ; --                        ;
; nios_system:U0|nios_system_sdram_s1_translator_avalon_universal_slave_0_agent:sdram_s1_translator_avalon_universal_slave_0_agent|altera_merlin_slave_agent:sdram_s1_translator_avalon_universal_slave_0_agent|comb~0                                                                              ; LCCOMB_X33_Y13_N10 ; 7       ; Clock enable                          ; no     ; --                   ; --               ; --                        ;
; nios_system:U0|nios_system_sdram_s1_translator_avalon_universal_slave_0_agent:sdram_s1_translator_avalon_universal_slave_0_agent|altera_merlin_slave_agent:sdram_s1_translator_avalon_universal_slave_0_agent|rp_valid                                                                            ; LCCOMB_X16_Y12_N0  ; 29      ; Clock enable                          ; no     ; --                   ; --               ; --                        ;
; nios_system:U0|nios_system_sdram_s1_translator_avalon_universal_slave_0_agent:sram_avalon_sram_slave_translator_avalon_universal_slave_0_agent|altera_merlin_slave_agent:sdram_s1_translator_avalon_universal_slave_0_agent|comb~0                                                                ; LCCOMB_X27_Y18_N28 ; 9       ; Clock enable                          ; no     ; --                   ; --               ; --                        ;
; nios_system:U0|nios_system_sdram_s1_translator_avalon_universal_slave_0_agent:sram_avalon_sram_slave_translator_avalon_universal_slave_0_agent|altera_merlin_slave_agent:sdram_s1_translator_avalon_universal_slave_0_agent|rp_valid                                                              ; LCCOMB_X27_Y18_N16 ; 18      ; Clock enable                          ; no     ; --                   ; --               ; --                        ;
; nios_system:U0|nios_system_sdram_s1_translator_avalon_universal_slave_0_agent_rdata_fifo:sdram_s1_translator_avalon_universal_slave_0_agent_rdata_fifo|altera_avalon_sc_fifo:sdram_s1_translator_avalon_universal_slave_0_agent_rdata_fifo|internal_out_ready~0                                   ; LCCOMB_X33_Y13_N22 ; 20      ; Clock enable                          ; no     ; --                   ; --               ; --                        ;
; nios_system:U0|nios_system_sdram_s1_translator_avalon_universal_slave_0_agent_rdata_fifo:sdram_s1_translator_avalon_universal_slave_0_agent_rdata_fifo|altera_avalon_sc_fifo:sdram_s1_translator_avalon_universal_slave_0_agent_rdata_fifo|mem~168                                                ; LCCOMB_X15_Y12_N18 ; 16      ; Clock enable                          ; no     ; --                   ; --               ; --                        ;
; nios_system:U0|nios_system_sdram_s1_translator_avalon_universal_slave_0_agent_rdata_fifo:sdram_s1_translator_avalon_universal_slave_0_agent_rdata_fifo|altera_avalon_sc_fifo:sdram_s1_translator_avalon_universal_slave_0_agent_rdata_fifo|mem~169                                                ; LCCOMB_X15_Y12_N12 ; 16      ; Clock enable                          ; no     ; --                   ; --               ; --                        ;
; nios_system:U0|nios_system_sdram_s1_translator_avalon_universal_slave_0_agent_rdata_fifo:sdram_s1_translator_avalon_universal_slave_0_agent_rdata_fifo|altera_avalon_sc_fifo:sdram_s1_translator_avalon_universal_slave_0_agent_rdata_fifo|mem~170                                                ; LCCOMB_X15_Y12_N30 ; 16      ; Clock enable                          ; no     ; --                   ; --               ; --                        ;
; nios_system:U0|nios_system_sdram_s1_translator_avalon_universal_slave_0_agent_rdata_fifo:sdram_s1_translator_avalon_universal_slave_0_agent_rdata_fifo|altera_avalon_sc_fifo:sdram_s1_translator_avalon_universal_slave_0_agent_rdata_fifo|mem~171                                                ; LCCOMB_X15_Y12_N16 ; 16      ; Clock enable                          ; no     ; --                   ; --               ; --                        ;
; nios_system:U0|nios_system_sdram_s1_translator_avalon_universal_slave_0_agent_rdata_fifo:sdram_s1_translator_avalon_universal_slave_0_agent_rdata_fifo|altera_avalon_sc_fifo:sdram_s1_translator_avalon_universal_slave_0_agent_rdata_fifo|mem~172                                                ; LCCOMB_X15_Y12_N2  ; 16      ; Clock enable                          ; no     ; --                   ; --               ; --                        ;
; nios_system:U0|nios_system_sdram_s1_translator_avalon_universal_slave_0_agent_rdata_fifo:sdram_s1_translator_avalon_universal_slave_0_agent_rdata_fifo|altera_avalon_sc_fifo:sdram_s1_translator_avalon_universal_slave_0_agent_rdata_fifo|mem~173                                                ; LCCOMB_X15_Y12_N4  ; 16      ; Clock enable                          ; no     ; --                   ; --               ; --                        ;
; nios_system:U0|nios_system_sdram_s1_translator_avalon_universal_slave_0_agent_rdata_fifo:sdram_s1_translator_avalon_universal_slave_0_agent_rdata_fifo|altera_avalon_sc_fifo:sdram_s1_translator_avalon_universal_slave_0_agent_rdata_fifo|mem~174                                                ; LCCOMB_X15_Y12_N14 ; 16      ; Clock enable                          ; no     ; --                   ; --               ; --                        ;
; nios_system:U0|nios_system_sdram_s1_translator_avalon_universal_slave_0_agent_rdata_fifo:sdram_s1_translator_avalon_universal_slave_0_agent_rdata_fifo|altera_avalon_sc_fifo:sdram_s1_translator_avalon_universal_slave_0_agent_rdata_fifo|mem~175                                                ; LCCOMB_X15_Y12_N24 ; 16      ; Clock enable                          ; no     ; --                   ; --               ; --                        ;
; nios_system:U0|nios_system_sdram_s1_translator_avalon_universal_slave_0_agent_rdata_fifo:sdram_s1_translator_avalon_universal_slave_0_agent_rdata_fifo|altera_avalon_sc_fifo:sdram_s1_translator_avalon_universal_slave_0_agent_rdata_fifo|write                                                  ; LCCOMB_X15_Y12_N8  ; 12      ; Clock enable                          ; no     ; --                   ; --               ; --                        ;
; nios_system:U0|nios_system_sdram_s1_translator_avalon_universal_slave_0_agent_rdata_fifo:sram_avalon_sram_slave_translator_avalon_universal_slave_0_agent_rdata_fifo|altera_avalon_sc_fifo:sdram_s1_translator_avalon_universal_slave_0_agent_rdata_fifo|always0~0                                ; LCCOMB_X27_Y18_N30 ; 16      ; Clock enable                          ; no     ; --                   ; --               ; --                        ;
; nios_system:U0|nios_system_sdram_s1_translator_avalon_universal_slave_0_agent_rdata_fifo:sram_avalon_sram_slave_translator_avalon_universal_slave_0_agent_rdata_fifo|altera_avalon_sc_fifo:sdram_s1_translator_avalon_universal_slave_0_agent_rdata_fifo|always1~0                                ; LCCOMB_X25_Y6_N24  ; 16      ; Clock enable                          ; no     ; --                   ; --               ; --                        ;
; nios_system:U0|nios_system_sdram_s1_translator_avalon_universal_slave_0_agent_rdata_fifo:sram_avalon_sram_slave_translator_avalon_universal_slave_0_agent_rdata_fifo|altera_avalon_sc_fifo:sdram_s1_translator_avalon_universal_slave_0_agent_rdata_fifo|mem_used[0]~1                            ; LCCOMB_X27_Y7_N6   ; 2       ; Clock enable                          ; no     ; --                   ; --               ; --                        ;
; nios_system:U0|nios_system_sdram_s1_translator_avalon_universal_slave_0_agent_rsp_fifo:reg16_avalon_interface_0_avalon_slave_0_translator_avalon_universal_slave_0_agent_rsp_fifo|altera_avalon_sc_fifo:sdram_s1_translator_avalon_universal_slave_0_agent_rsp_fifo|always0~0                     ; LCCOMB_X21_Y12_N2  ; 5       ; Clock enable                          ; no     ; --                   ; --               ; --                        ;
; nios_system:U0|nios_system_sdram_s1_translator_avalon_universal_slave_0_agent_rsp_fifo:reg16_avalon_interface_0_avalon_slave_0_translator_avalon_universal_slave_0_agent_rsp_fifo|altera_avalon_sc_fifo:sdram_s1_translator_avalon_universal_slave_0_agent_rsp_fifo|mem[0][54]                    ; LCFF_X21_Y12_N29   ; 5       ; Sync. clear                           ; no     ; --                   ; --               ; --                        ;
; nios_system:U0|nios_system_sdram_s1_translator_avalon_universal_slave_0_agent_rsp_fifo:sdram_s1_translator_avalon_universal_slave_0_agent_rsp_fifo|altera_avalon_sc_fifo:sdram_s1_translator_avalon_universal_slave_0_agent_rsp_fifo|always0~0                                                    ; LCCOMB_X33_Y13_N2  ; 7       ; Clock enable                          ; no     ; --                   ; --               ; --                        ;
; nios_system:U0|nios_system_sdram_s1_translator_avalon_universal_slave_0_agent_rsp_fifo:sdram_s1_translator_avalon_universal_slave_0_agent_rsp_fifo|altera_avalon_sc_fifo:sdram_s1_translator_avalon_universal_slave_0_agent_rsp_fifo|always1~0                                                    ; LCCOMB_X33_Y13_N30 ; 7       ; Clock enable                          ; no     ; --                   ; --               ; --                        ;
; nios_system:U0|nios_system_sdram_s1_translator_avalon_universal_slave_0_agent_rsp_fifo:sdram_s1_translator_avalon_universal_slave_0_agent_rsp_fifo|altera_avalon_sc_fifo:sdram_s1_translator_avalon_universal_slave_0_agent_rsp_fifo|always2~0                                                    ; LCCOMB_X33_Y13_N24 ; 7       ; Clock enable                          ; no     ; --                   ; --               ; --                        ;
; nios_system:U0|nios_system_sdram_s1_translator_avalon_universal_slave_0_agent_rsp_fifo:sdram_s1_translator_avalon_universal_slave_0_agent_rsp_fifo|altera_avalon_sc_fifo:sdram_s1_translator_avalon_universal_slave_0_agent_rsp_fifo|always3~0                                                    ; LCCOMB_X33_Y13_N26 ; 7       ; Clock enable                          ; no     ; --                   ; --               ; --                        ;
; nios_system:U0|nios_system_sdram_s1_translator_avalon_universal_slave_0_agent_rsp_fifo:sdram_s1_translator_avalon_universal_slave_0_agent_rsp_fifo|altera_avalon_sc_fifo:sdram_s1_translator_avalon_universal_slave_0_agent_rsp_fifo|always4~0                                                    ; LCCOMB_X33_Y13_N28 ; 7       ; Clock enable                          ; no     ; --                   ; --               ; --                        ;
; nios_system:U0|nios_system_sdram_s1_translator_avalon_universal_slave_0_agent_rsp_fifo:sdram_s1_translator_avalon_universal_slave_0_agent_rsp_fifo|altera_avalon_sc_fifo:sdram_s1_translator_avalon_universal_slave_0_agent_rsp_fifo|always5~0                                                    ; LCCOMB_X33_Y13_N8  ; 7       ; Clock enable                          ; no     ; --                   ; --               ; --                        ;
; nios_system:U0|nios_system_sdram_s1_translator_avalon_universal_slave_0_agent_rsp_fifo:sdram_s1_translator_avalon_universal_slave_0_agent_rsp_fifo|altera_avalon_sc_fifo:sdram_s1_translator_avalon_universal_slave_0_agent_rsp_fifo|always6~0                                                    ; LCCOMB_X33_Y13_N4  ; 7       ; Clock enable                          ; no     ; --                   ; --               ; --                        ;
; nios_system:U0|nios_system_sdram_s1_translator_avalon_universal_slave_0_agent_rsp_fifo:sdram_s1_translator_avalon_universal_slave_0_agent_rsp_fifo|altera_avalon_sc_fifo:sdram_s1_translator_avalon_universal_slave_0_agent_rsp_fifo|mem_used[6]~4                                                ; LCCOMB_X32_Y13_N8  ; 6       ; Clock enable                          ; no     ; --                   ; --               ; --                        ;
; nios_system:U0|nios_system_sdram_s1_translator_avalon_universal_slave_0_agent_rsp_fifo:sram_avalon_sram_slave_translator_avalon_universal_slave_0_agent_rsp_fifo|altera_avalon_sc_fifo:sdram_s1_translator_avalon_universal_slave_0_agent_rsp_fifo|always0~0                                      ; LCCOMB_X27_Y18_N12 ; 7       ; Clock enable                          ; no     ; --                   ; --               ; --                        ;
; nios_system:U0|nios_system_sdram_s1_translator_avalon_universal_slave_0_agent_rsp_fifo:sram_avalon_sram_slave_translator_avalon_universal_slave_0_agent_rsp_fifo|altera_avalon_sc_fifo:sdram_s1_translator_avalon_universal_slave_0_agent_rsp_fifo|always1~0                                      ; LCCOMB_X25_Y20_N22 ; 7       ; Clock enable                          ; no     ; --                   ; --               ; --                        ;
; nios_system:U0|nios_system_sdram_s1_translator_avalon_universal_slave_0_agent_rsp_fifo:sram_avalon_sram_slave_translator_avalon_universal_slave_0_agent_rsp_fifo|altera_avalon_sc_fifo:sdram_s1_translator_avalon_universal_slave_0_agent_rsp_fifo|mem_used[0]~1                                  ; LCCOMB_X27_Y18_N18 ; 2       ; Clock enable                          ; no     ; --                   ; --               ; --                        ;
; nios_system:U0|nios_system_width_adapter:width_adapter_002|altera_merlin_width_adapter:width_adapter|data_reg[10]~0                                                                                                                                                                               ; LCCOMB_X27_Y20_N20 ; 18      ; Clock enable                          ; no     ; --                   ; --               ; --                        ;
; nios_system:U0|nios_system_width_adapter:width_adapter_002|altera_merlin_width_adapter:width_adapter|use_reg                                                                                                                                                                                      ; LCFF_X26_Y20_N3    ; 44      ; Clock enable, Sync. clear, Sync. load ; no     ; --                   ; --               ; --                        ;
; nios_system:U0|nios_system_width_adapter:width_adapter_004|altera_merlin_width_adapter:width_adapter|data_reg[8]~1                                                                                                                                                                                ; LCCOMB_X22_Y16_N22 ; 18      ; Clock enable                          ; no     ; --                   ; --               ; --                        ;
; nios_system:U0|nios_system_width_adapter:width_adapter_004|altera_merlin_width_adapter:width_adapter|use_reg                                                                                                                                                                                      ; LCFF_X22_Y16_N11   ; 46      ; Sync. load                            ; no     ; --                   ; --               ; --                        ;
; nios_system:U0|nios_system_width_adapter:width_adapter|altera_merlin_width_adapter:width_adapter|data_reg[11]~0                                                                                                                                                                                   ; LCCOMB_X31_Y14_N6  ; 32      ; Clock enable                          ; no     ; --                   ; --               ; --                        ;
; nios_system:U0|nios_system_width_adapter:width_adapter|altera_merlin_width_adapter:width_adapter|use_reg                                                                                                                                                                                          ; LCFF_X31_Y14_N13   ; 63      ; Clock enable, Sync. clear, Sync. load ; no     ; --                   ; --               ; --                        ;
; nios_system:U0|reg16_avalon_interface:reg16_avalon_interface_0|reg16:reg_instance|Q[11]~11                                                                                                                                                                                                        ; LCCOMB_X22_Y15_N2  ; 8       ; Clock enable                          ; no     ; --                   ; --               ; --                        ;
; nios_system:U0|reg16_avalon_interface:reg16_avalon_interface_0|reg16:reg_instance|Q[5]~2                                                                                                                                                                                                          ; LCCOMB_X22_Y15_N0  ; 8       ; Clock enable                          ; no     ; --                   ; --               ; --                        ;
; sld_hub:auto_hub|sld_jtag_hub:\jtag_hub_gen:sld_jtag_hub_inst|clr_reg                                                                                                                                                                                                                             ; LCFF_X38_Y10_N21   ; 70      ; Async. clear                          ; yes    ; Global Clock         ; GCLK6            ; --                        ;
; sld_hub:auto_hub|sld_jtag_hub:\jtag_hub_gen:sld_jtag_hub_inst|design_hash_proc~0                                                                                                                                                                                                                  ; LCCOMB_X39_Y12_N2  ; 4       ; Sync. load                            ; no     ; --                   ; --               ; --                        ;
; sld_hub:auto_hub|sld_jtag_hub:\jtag_hub_gen:sld_jtag_hub_inst|hub_info_reg_ena                                                                                                                                                                                                                    ; LCCOMB_X39_Y12_N0  ; 6       ; Clock enable                          ; no     ; --                   ; --               ; --                        ;
; sld_hub:auto_hub|sld_jtag_hub:\jtag_hub_gen:sld_jtag_hub_inst|hub_info_reg_ena~0                                                                                                                                                                                                                  ; LCCOMB_X38_Y10_N16 ; 5       ; Clock enable                          ; no     ; --                   ; --               ; --                        ;
; sld_hub:auto_hub|sld_jtag_hub:\jtag_hub_gen:sld_jtag_hub_inst|identity_contrib_shift_reg[0]~4                                                                                                                                                                                                     ; LCCOMB_X40_Y11_N10 ; 4       ; Clock enable                          ; no     ; --                   ; --               ; --                        ;
; sld_hub:auto_hub|sld_jtag_hub:\jtag_hub_gen:sld_jtag_hub_inst|identity_contrib_update_reg[0]~0                                                                                                                                                                                                    ; LCCOMB_X40_Y11_N8  ; 4       ; Clock enable                          ; no     ; --                   ; --               ; --                        ;
; sld_hub:auto_hub|sld_jtag_hub:\jtag_hub_gen:sld_jtag_hub_inst|irf_reg[1][0]~5                                                                                                                                                                                                                     ; LCCOMB_X40_Y10_N2  ; 5       ; Clock enable                          ; no     ; --                   ; --               ; --                        ;
; sld_hub:auto_hub|sld_jtag_hub:\jtag_hub_gen:sld_jtag_hub_inst|irf_reg[2][0]~12                                                                                                                                                                                                                    ; LCCOMB_X40_Y10_N22 ; 5       ; Clock enable                          ; no     ; --                   ; --               ; --                        ;
; sld_hub:auto_hub|sld_jtag_hub:\jtag_hub_gen:sld_jtag_hub_inst|irsr_reg[2]~4                                                                                                                                                                                                                       ; LCCOMB_X39_Y11_N14 ; 5       ; Clock enable                          ; no     ; --                   ; --               ; --                        ;
; sld_hub:auto_hub|sld_jtag_hub:\jtag_hub_gen:sld_jtag_hub_inst|mixer_addr_reg[0]~16                                                                                                                                                                                                                ; LCCOMB_X38_Y12_N10 ; 5       ; Sync. load                            ; no     ; --                   ; --               ; --                        ;
; sld_hub:auto_hub|sld_jtag_hub:\jtag_hub_gen:sld_jtag_hub_inst|mixer_addr_reg[0]~17                                                                                                                                                                                                                ; LCCOMB_X39_Y12_N14 ; 5       ; Clock enable                          ; no     ; --                   ; --               ; --                        ;
; sld_hub:auto_hub|sld_jtag_hub:\jtag_hub_gen:sld_jtag_hub_inst|node_ena~3                                                                                                                                                                                                                          ; LCCOMB_X37_Y10_N0  ; 2       ; Clock enable                          ; no     ; --                   ; --               ; --                        ;
; sld_hub:auto_hub|sld_jtag_hub:\jtag_hub_gen:sld_jtag_hub_inst|shadow_irf_reg[1][0]~2                                                                                                                                                                                                              ; LCCOMB_X42_Y11_N4  ; 5       ; Clock enable                          ; no     ; --                   ; --               ; --                        ;
; sld_hub:auto_hub|sld_jtag_hub:\jtag_hub_gen:sld_jtag_hub_inst|shadow_irf_reg[2][0]~9                                                                                                                                                                                                              ; LCCOMB_X40_Y10_N26 ; 5       ; Clock enable                          ; no     ; --                   ; --               ; --                        ;
; sld_hub:auto_hub|sld_jtag_hub:\jtag_hub_gen:sld_jtag_hub_inst|sld_rom_sr:hub_info_reg|WORD_SR[0]~7                                                                                                                                                                                                ; LCCOMB_X39_Y12_N16 ; 4       ; Clock enable                          ; no     ; --                   ; --               ; --                        ;
; sld_hub:auto_hub|sld_jtag_hub:\jtag_hub_gen:sld_jtag_hub_inst|sld_rom_sr:hub_info_reg|word_counter[4]~8                                                                                                                                                                                           ; LCCOMB_X40_Y12_N12 ; 5       ; Sync. clear                           ; no     ; --                   ; --               ; --                        ;
; sld_hub:auto_hub|sld_jtag_hub:\jtag_hub_gen:sld_jtag_hub_inst|sld_rom_sr:hub_info_reg|word_counter[4]~9                                                                                                                                                                                           ; LCCOMB_X39_Y12_N30 ; 5       ; Clock enable                          ; no     ; --                   ; --               ; --                        ;
; sld_hub:auto_hub|sld_jtag_hub:\jtag_hub_gen:sld_jtag_hub_inst|sld_shadow_jsm:shadow_jsm|state[0]                                                                                                                                                                                                  ; LCFF_X37_Y10_N23   ; 12      ; Async. clear                          ; yes    ; Global Clock         ; GCLK5            ; --                        ;
; sld_hub:auto_hub|sld_jtag_hub:\jtag_hub_gen:sld_jtag_hub_inst|sld_shadow_jsm:shadow_jsm|state[11]                                                                                                                                                                                                 ; LCFF_X37_Y10_N27   ; 12      ; Clock enable                          ; no     ; --                   ; --               ; --                        ;
; sld_hub:auto_hub|sld_jtag_hub:\jtag_hub_gen:sld_jtag_hub_inst|sld_shadow_jsm:shadow_jsm|state[3]                                                                                                                                                                                                  ; LCFF_X37_Y10_N3    ; 41      ; Sync. load                            ; no     ; --                   ; --               ; --                        ;
; sld_hub:auto_hub|sld_jtag_hub:\jtag_hub_gen:sld_jtag_hub_inst|sld_shadow_jsm:shadow_jsm|state[4]                                                                                                                                                                                                  ; LCFF_X38_Y10_N1    ; 45      ; Sync. clear                           ; no     ; --                   ; --               ; --                        ;
; sld_hub:auto_hub|sld_jtag_hub:\jtag_hub_gen:sld_jtag_hub_inst|sld_shadow_jsm:shadow_jsm|state[8]                                                                                                                                                                                                  ; LCFF_X38_Y10_N11   ; 16      ; Async. clear                          ; no     ; --                   ; --               ; --                        ;
; sld_hub:auto_hub|sld_jtag_hub:\jtag_hub_gen:sld_jtag_hub_inst|virtual_ir_dr_scan_proc~0                                                                                                                                                                                                           ; LCCOMB_X37_Y10_N4  ; 3       ; Clock enable                          ; no     ; --                   ; --               ; --                        ;
; sld_hub:auto_hub|sld_jtag_hub:\jtag_hub_gen:sld_jtag_hub_inst|virtual_ir_scan_reg                                                                                                                                                                                                                 ; LCFF_X36_Y10_N1    ; 35      ; Async. clear                          ; no     ; --                   ; --               ; --                        ;
+---------------------------------------------------------------------------------------------------------------------------------------------------------------------------------------------------------------------------------------------------------------------------------------------------+--------------------+---------+---------------------------------------+--------+----------------------+------------------+---------------------------+


+-----------------------------------------------------------------------------------------------------------------------------------------------------------------------------------------------------------------------------------------------------------------------------------------------------+
; Global & Other Fast Signals                                                                                                                                                                                                                                                                         ;
+------------------------------------------------------------------------------------------------------------------------------------------------------------------------------------------------+--------------------+---------+----------------------+------------------+---------------------------+
; Name                                                                                                                                                                                           ; Location           ; Fan-Out ; Global Resource Used ; Global Line Name ; Enable Signal Source Name ;
+------------------------------------------------------------------------------------------------------------------------------------------------------------------------------------------------+--------------------+---------+----------------------+------------------+---------------------------+
; CLOCK_50                                                                                                                                                                                       ; PIN_L1             ; 2436    ; Global Clock         ; GCLK2            ; --                        ;
; altera_internal_jtag~TCKUTAP                                                                                                                                                                   ; JTAG_X1_Y14_N0     ; 183     ; Global Clock         ; GCLK1            ; --                        ;
; nios_system:U0|nios_system_rst_controller:rst_controller|altera_reset_controller:rst_controller|merged_reset~0                                                                                 ; LCCOMB_X33_Y12_N16 ; 3       ; Global Clock         ; GCLK12           ; --                        ;
; nios_system:U0|nios_system_rst_controller:rst_controller|altera_reset_controller:rst_controller|r_sync_rst                                                                                     ; LCFF_X30_Y19_N17   ; 1030    ; Global Clock         ; GCLK11           ; --                        ;
; nios_system:U0|nios_system_rst_controller_001:rst_controller_001|altera_reset_controller:rst_controller_001|altera_reset_synchronizer:alt_rst_sync_uq1|altera_reset_synchronizer_int_chain_out ; LCFF_X22_Y15_N1    ; 73      ; Global Clock         ; GCLK8            ; --                        ;
; sld_hub:auto_hub|sld_jtag_hub:\jtag_hub_gen:sld_jtag_hub_inst|clr_reg                                                                                                                          ; LCFF_X38_Y10_N21   ; 70      ; Global Clock         ; GCLK6            ; --                        ;
; sld_hub:auto_hub|sld_jtag_hub:\jtag_hub_gen:sld_jtag_hub_inst|sld_shadow_jsm:shadow_jsm|state[0]                                                                                               ; LCFF_X37_Y10_N23   ; 12      ; Global Clock         ; GCLK5            ; --                        ;
+------------------------------------------------------------------------------------------------------------------------------------------------------------------------------------------------+--------------------+---------+----------------------+------------------+---------------------------+


+------------------------------------------------------------------------------------------------------------------------------------------------------------------------------------------------------------------------------------------------------------------------------------------------------------------------+
; Non-Global High Fan-Out Signals                                                                                                                                                                                                                                                                                        ;
+--------------------------------------------------------------------------------------------------------------------------------------------------------------------------------------------------------------------------------------------------------------------------------------------------------------+---------+
; Name                                                                                                                                                                                                                                                                                                         ; Fan-Out ;
+--------------------------------------------------------------------------------------------------------------------------------------------------------------------------------------------------------------------------------------------------------------------------------------------------------------+---------+
; nios_system:U0|nios_system_rst_controller:rst_controller|altera_reset_controller:rst_controller|r_sync_rst                                                                                                                                                                                                   ; 362     ;
; nios_system:U0|nios_system_cpu:cpu|W_alu_result[2]                                                                                                                                                                                                                                                           ; 187     ;
; nios_system:U0|nios_system_cpu:cpu|W_alu_result[3]                                                                                                                                                                                                                                                           ; 175     ;
; ~GND                                                                                                                                                                                                                                                                                                         ; 77      ;
; nios_system:U0|nios_system_sdram_s1_translator_avalon_universal_slave_0_agent:sram_avalon_sram_slave_translator_avalon_universal_slave_0_agent|altera_merlin_slave_agent:sdram_s1_translator_avalon_universal_slave_0_agent|altera_merlin_burst_uncompressor:uncompressor|source_addr[1]~0                   ; 66      ;
; nios_system:U0|nios_system_cpu:cpu|W_alu_result[4]                                                                                                                                                                                                                                                           ; 66      ;
; nios_system:U0|nios_system_cpu:cpu|nios_system_cpu_nios2_oci:the_nios_system_cpu_nios2_oci|nios_system_cpu_jtag_debug_module_wrapper:the_nios_system_cpu_jtag_debug_module_wrapper|nios_system_cpu_jtag_debug_module_sysclk:the_nios_system_cpu_jtag_debug_module_sysclk|take_no_action_break_a~0            ; 64      ;
; nios_system:U0|nios_system_width_adapter:width_adapter|altera_merlin_width_adapter:width_adapter|use_reg                                                                                                                                                                                                     ; 63      ;
; nios_system:U0|nios_system_cmd_xbar_mux:cmd_xbar_mux_002|altera_merlin_arbitrator:arb|grant[1]~1                                                                                                                                                                                                             ; 61      ;
; nios_system:U0|nios_system_Expansion_JP1:expansion_jp1|readdata[6]~0                                                                                                                                                                                                                                         ; 59      ;
; nios_system:U0|nios_system_cpu:cpu|E_alu_result~10                                                                                                                                                                                                                                                           ; 54      ;
; nios_system:U0|nios_system_cmd_xbar_mux:cmd_xbar_mux|altera_merlin_arbitrator:arb|grant[1]~0                                                                                                                                                                                                                 ; 53      ;
; nios_system:U0|nios_system_sdram_s1_translator_avalon_universal_slave_0_agent_rdata_fifo:sdram_s1_translator_avalon_universal_slave_0_agent_rdata_fifo|altera_avalon_sc_fifo:sdram_s1_translator_avalon_universal_slave_0_agent_rdata_fifo|mem_rd_ptr[1]~1                                                   ; 49      ;
; nios_system:U0|nios_system_sdram_s1_translator_avalon_universal_slave_0_agent_rdata_fifo:sdram_s1_translator_avalon_universal_slave_0_agent_rdata_fifo|altera_avalon_sc_fifo:sdram_s1_translator_avalon_universal_slave_0_agent_rdata_fifo|mem_rd_ptr[0]~0                                                   ; 49      ;
; nios_system:U0|nios_system_sdram_s1_translator_avalon_universal_slave_0_agent:reg16_avalon_interface_0_avalon_slave_0_translator_avalon_universal_slave_0_agent|altera_merlin_slave_agent:sdram_s1_translator_avalon_universal_slave_0_agent|altera_merlin_burst_uncompressor:uncompressor|source_addr[1]~0  ; 49      ;
; nios_system:U0|nios_system_cpu:cpu|nios_system_cpu_nios2_oci:the_nios_system_cpu_nios2_oci|nios_system_cpu_nios2_ocimem:the_nios_system_cpu_nios2_ocimem|jtag_ram_access                                                                                                                                     ; 46      ;
; nios_system:U0|nios_system_sdram_s1_translator_avalon_universal_slave_0_agent:sdram_s1_translator_avalon_universal_slave_0_agent|altera_merlin_slave_agent:sdram_s1_translator_avalon_universal_slave_0_agent|altera_merlin_burst_uncompressor:uncompressor|source_addr[1]~0                                 ; 46      ;
; nios_system:U0|nios_system_width_adapter:width_adapter_004|altera_merlin_width_adapter:width_adapter|use_reg                                                                                                                                                                                                 ; 46      ;
; sld_hub:auto_hub|sld_jtag_hub:\jtag_hub_gen:sld_jtag_hub_inst|sld_shadow_jsm:shadow_jsm|state[4]                                                                                                                                                                                                             ; 45      ;
; nios_system:U0|nios_system_width_adapter:width_adapter_002|altera_merlin_width_adapter:width_adapter|use_reg                                                                                                                                                                                                 ; 44      ;
; sld_hub:auto_hub|sld_jtag_hub:\jtag_hub_gen:sld_jtag_hub_inst|irf_reg[2][1]                                                                                                                                                                                                                                  ; 42      ;
; nios_system:U0|nios_system_cpu:cpu|E_new_inst                                                                                                                                                                                                                                                                ; 42      ;
; sld_hub:auto_hub|sld_jtag_hub:\jtag_hub_gen:sld_jtag_hub_inst|sld_shadow_jsm:shadow_jsm|state[3]                                                                                                                                                                                                             ; 41      ;
; nios_system:U0|nios_system_cpu:cpu|D_iw[4]                                                                                                                                                                                                                                                                   ; 41      ;
; nios_system:U0|nios_system_cmd_xbar_mux:cmd_xbar_mux_003|altera_merlin_arbitrator:arb|grant[1]~1                                                                                                                                                                                                             ; 40      ;
; nios_system:U0|nios_system_cpu:cpu|nios_system_cpu_nios2_oci:the_nios_system_cpu_nios2_oci|nios_system_cpu_jtag_debug_module_wrapper:the_nios_system_cpu_jtag_debug_module_wrapper|nios_system_cpu_jtag_debug_module_sysclk:the_nios_system_cpu_jtag_debug_module_sysclk|update_jdo_strobe                   ; 39      ;
; nios_system:U0|nios_system_cpu:cpu|nios_system_cpu_nios2_oci:the_nios_system_cpu_nios2_oci|nios_system_cpu_jtag_debug_module_wrapper:the_nios_system_cpu_jtag_debug_module_wrapper|sld_virtual_jtag_basic:nios_system_cpu_jtag_debug_module_phy|virtual_state_sdr~0                                          ; 39      ;
; nios_system:U0|nios_system_red_leds_avalon_parallel_port_slave_translator:expansion_jp2_avalon_parallel_port_slave_translator|altera_merlin_slave_translator:red_leds_avalon_parallel_port_slave_translator|read_latency_shift_reg[0]                                                                        ; 38      ;
; nios_system:U0|nios_system_red_leds_avalon_parallel_port_slave_translator:expansion_jp1_avalon_parallel_port_slave_translator|altera_merlin_slave_translator:red_leds_avalon_parallel_port_slave_translator|read_latency_shift_reg[0]                                                                        ; 38      ;
; nios_system:U0|nios_system_red_leds_avalon_parallel_port_slave_translator:hex3_hex0_avalon_parallel_port_slave_translator|altera_merlin_slave_translator:red_leds_avalon_parallel_port_slave_translator|read_latency_shift_reg[0]                                                                            ; 38      ;
; nios_system:U0|nios_system_cpu:cpu|nios_system_cpu_nios2_oci:the_nios_system_cpu_nios2_oci|address[8]                                                                                                                                                                                                        ; 37      ;
; nios_system:U0|nios_system_onchip_memory_s1_translator:onchip_memory_s2_translator|altera_merlin_slave_translator:onchip_memory_s1_translator|read_latency_shift_reg[0]                                                                                                                                      ; 37      ;
; nios_system:U0|nios_system_cpu:cpu|W_alu_result[6]                                                                                                                                                                                                                                                           ; 36      ;
; sld_hub:auto_hub|sld_jtag_hub:\jtag_hub_gen:sld_jtag_hub_inst|virtual_ir_scan_reg                                                                                                                                                                                                                            ; 35      ;
; nios_system:U0|nios_system_onchip_memory_s1_translator:onchip_memory_s1_translator|altera_merlin_slave_translator:onchip_memory_s1_translator|read_latency_shift_reg[0]                                                                                                                                      ; 35      ;
; nios_system:U0|nios_system_cpu:cpu|R_ctrl_ld                                                                                                                                                                                                                                                                 ; 35      ;
; nios_system:U0|nios_system_rsp_xbar_demux:rsp_xbar_demux_003|src1_valid~0                                                                                                                                                                                                                                    ; 35      ;
; nios_system:U0|nios_system_cpu:cpu|F_valid~0                                                                                                                                                                                                                                                                 ; 34      ;
; nios_system:U0|nios_system_rsp_xbar_demux:rsp_xbar_demux_003|src0_valid~0                                                                                                                                                                                                                                    ; 34      ;
; nios_system:U0|nios_system_cpu:cpu|R_logic_op[1]                                                                                                                                                                                                                                                             ; 34      ;
; nios_system:U0|nios_system_cpu:cpu|nios_system_cpu_nios2_oci:the_nios_system_cpu_nios2_oci|nios_system_cpu_jtag_debug_module_wrapper:the_nios_system_cpu_jtag_debug_module_wrapper|nios_system_cpu_jtag_debug_module_sysclk:the_nios_system_cpu_jtag_debug_module_sysclk|take_action_ocimem_b                ; 33      ;
; nios_system:U0|nios_system_rst_controller:rst_controller|altera_reset_controller:rst_controller|r_sync_rst_dly                                                                                                                                                                                               ; 33      ;
; nios_system:U0|nios_system_sdram_s1_translator_avalon_universal_slave_0_agent:reg16_avalon_interface_0_avalon_slave_0_translator_avalon_universal_slave_0_agent|altera_merlin_slave_agent:sdram_s1_translator_avalon_universal_slave_0_agent|rp_valid                                                        ; 33      ;
; nios_system:U0|nios_system_cpu:cpu|R_logic_op[0]                                                                                                                                                                                                                                                             ; 33      ;
; nios_system:U0|nios_system_Interval_timer:interval_timer|snap_strobe~0                                                                                                                                                                                                                                       ; 32      ;
; nios_system:U0|nios_system_Interval_timer:interval_timer|always0~1                                                                                                                                                                                                                                           ; 32      ;
; nios_system:U0|nios_system_Interval_timer:interval_timer|always0~0                                                                                                                                                                                                                                           ; 32      ;
; nios_system:U0|nios_system_Expansion_JP2:expansion_jp2|capture[26]~0                                                                                                                                                                                                                                         ; 32      ;
; nios_system:U0|nios_system_Expansion_JP1:expansion_jp1|capture[20]~0                                                                                                                                                                                                                                         ; 32      ;
; nios_system:U0|nios_system_Expansion_JP2:expansion_jp2|readdata[6]~2                                                                                                                                                                                                                                         ; 32      ;
; nios_system:U0|nios_system_Expansion_JP1:expansion_jp1|readdata[6]~3                                                                                                                                                                                                                                         ; 32      ;
; nios_system:U0|nios_system_HEX3_HEX0:hex3_hex0|readdata[1]~1                                                                                                                                                                                                                                                 ; 32      ;
; nios_system:U0|nios_system_cpu:cpu|av_ld_rshift8~1                                                                                                                                                                                                                                                           ; 32      ;
; nios_system:U0|nios_system_cpu:cpu|nios_system_cpu_nios2_oci:the_nios_system_cpu_nios2_oci|nios_system_cpu_nios2_ocimem:the_nios_system_cpu_nios2_ocimem|MonDReg[0]~11                                                                                                                                       ; 32      ;
; nios_system:U0|nios_system_cpu:cpu|nios_system_cpu_nios2_oci:the_nios_system_cpu_nios2_oci|nios_system_cpu_nios2_ocimem:the_nios_system_cpu_nios2_ocimem|jtag_ram_rd_d1                                                                                                                                      ; 32      ;
; nios_system:U0|nios_system_cpu:cpu|nios_system_cpu_nios2_oci:the_nios_system_cpu_nios2_oci|nios_system_cpu_jtag_debug_module_wrapper:the_nios_system_cpu_jtag_debug_module_wrapper|nios_system_cpu_jtag_debug_module_sysclk:the_nios_system_cpu_jtag_debug_module_sysclk|jdo[36]                             ; 32      ;
; nios_system:U0|nios_system_cpu:cpu|nios_system_cpu_nios2_oci:the_nios_system_cpu_nios2_oci|nios_system_cpu_jtag_debug_module_wrapper:the_nios_system_cpu_jtag_debug_module_wrapper|nios_system_cpu_jtag_debug_module_sysclk:the_nios_system_cpu_jtag_debug_module_sysclk|jdo[37]                             ; 32      ;
; nios_system:U0|nios_system_width_adapter:width_adapter|altera_merlin_width_adapter:width_adapter|data_reg[11]~0                                                                                                                                                                                              ; 32      ;
; nios_system:U0|nios_system_sdram:sdram|nios_system_sdram_input_efifo_module:the_nios_system_sdram_input_efifo_module|rd_address                                                                                                                                                                              ; 32      ;
; nios_system:U0|nios_system_cpu:cpu|R_ctrl_shift_rot_right                                                                                                                                                                                                                                                    ; 32      ;
; nios_system:U0|nios_system_cpu:cpu|R_src1~13                                                                                                                                                                                                                                                                 ; 32      ;
; nios_system:U0|nios_system_cpu:cpu|R_src2_use_imm                                                                                                                                                                                                                                                            ; 32      ;
; nios_system:U0|nios_system_rsp_xbar_demux:rsp_xbar_demux|src0_valid                                                                                                                                                                                                                                          ; 32      ;
; nios_system:U0|nios_system_sdram:sdram|nios_system_sdram_input_efifo_module:the_nios_system_sdram_input_efifo_module|entry_0[40]~1                                                                                                                                                                           ; 31      ;
; nios_system:U0|nios_system_sdram:sdram|nios_system_sdram_input_efifo_module:the_nios_system_sdram_input_efifo_module|entry_1[40]~1                                                                                                                                                                           ; 31      ;
; nios_system:U0|nios_system_sdram:sdram|active_rnw~3                                                                                                                                                                                                                                                          ; 31      ;
; nios_system:U0|nios_system_cpu:cpu|D_iw[0]~2                                                                                                                                                                                                                                                                 ; 31      ;
; nios_system:U0|nios_system_cpu:cpu|R_ctrl_shift_rot                                                                                                                                                                                                                                                          ; 31      ;
; nios_system:U0|nios_system_cpu:cpu|av_ld_aligning_data                                                                                                                                                                                                                                                       ; 30      ;
; nios_system:U0|nios_system_cpu:cpu|R_ctrl_logic                                                                                                                                                                                                                                                              ; 30      ;
; nios_system:U0|nios_system_cpu:cpu|E_alu_sub                                                                                                                                                                                                                                                                 ; 30      ;
; nios_system:U0|nios_system_cpu:cpu|W_valid                                                                                                                                                                                                                                                                   ; 29      ;
; nios_system:U0|nios_system_sdram_s1_translator_avalon_universal_slave_0_agent:sdram_s1_translator_avalon_universal_slave_0_agent|altera_merlin_slave_agent:sdram_s1_translator_avalon_universal_slave_0_agent|rp_valid                                                                                       ; 29      ;
; nios_system:U0|nios_system_cpu:cpu|nios_system_cpu_nios2_oci:the_nios_system_cpu_nios2_oci|readdata~0                                                                                                                                                                                                        ; 28      ;
; nios_system:U0|nios_system_jtag_uart_avalon_jtag_slave_translator:jtag_uart_avalon_jtag_slave_translator|altera_merlin_slave_translator:jtag_uart_avalon_jtag_slave_translator|read_latency_shift_reg[0]                                                                                                     ; 28      ;
; sld_hub:auto_hub|sld_jtag_hub:\jtag_hub_gen:sld_jtag_hub_inst|irf_reg[2][0]                                                                                                                                                                                                                                  ; 26      ;
; nios_system:U0|nios_system_cpu:cpu|nios_system_cpu_nios2_oci:the_nios_system_cpu_nios2_oci|nios_system_cpu_nios2_avalon_reg:the_nios_system_cpu_nios2_avalon_reg|oci_ienable[22]                                                                                                                             ; 26      ;
; nios_system:U0|nios_system_cpu:cpu|R_src1~12                                                                                                                                                                                                                                                                 ; 26      ;
; nios_system:U0|nios_system_cpu_jtag_debug_module_translator:cpu_jtag_debug_module_translator|altera_merlin_slave_translator:cpu_jtag_debug_module_translator|read_latency_shift_reg[0]                                                                                                                       ; 26      ;
; nios_system:U0|nios_system_cpu:cpu|W_alu_result[12]                                                                                                                                                                                                                                                          ; 26      ;
; nios_system:U0|nios_system_cpu:cpu|W_status_reg_pie_inst_nxt~0                                                                                                                                                                                                                                               ; 25      ;
; nios_system:U0|nios_system_cpu:cpu|F_pc_sel_nxt.10~0                                                                                                                                                                                                                                                         ; 25      ;
; nios_system:U0|nios_system_cmd_xbar_mux:cmd_xbar_mux_002|altera_merlin_arbitrator:arb|grant[0]~2                                                                                                                                                                                                             ; 24      ;
; nios_system:U0|nios_system_cpu:cpu|D_iw[14]                                                                                                                                                                                                                                                                  ; 24      ;
; nios_system:U0|nios_system_serial_port_avalon_rs232_slave_translator:serial_port_avalon_rs232_slave_translator|altera_merlin_slave_translator:serial_port_avalon_rs232_slave_translator|read_latency_shift_reg[0]                                                                                            ; 24      ;
; nios_system:U0|nios_system_SRAM:sram|readdatavalid                                                                                                                                                                                                                                                           ; 24      ;
; nios_system:U0|nios_system_cpu:cpu|W_alu_result[5]                                                                                                                                                                                                                                                           ; 24      ;
; sld_hub:auto_hub|sld_jtag_hub:\jtag_hub_gen:sld_jtag_hub_inst|hub_mode_reg[1]                                                                                                                                                                                                                                ; 23      ;
; nios_system:U0|nios_system_Serial_port:serial_port|altera_up_rs232_in_deserializer:RS232_In_Deserializer|comb~2                                                                                                                                                                                              ; 23      ;
; nios_system:U0|nios_system_sdram:sdram|refresh_request                                                                                                                                                                                                                                                       ; 23      ;
; nios_system:U0|nios_system_cpu:cpu|D_iw[2]                                                                                                                                                                                                                                                                   ; 23      ;
; nios_system:U0|altera_merlin_master_agent:cpu_data_master_translator_avalon_universal_master_0_agent|hold_waitrequest                                                                                                                                                                                        ; 23      ;
; nios_system:U0|nios_system_cpu_jtag_debug_module_translator_avalon_universal_slave_0_agent_rsp_fifo:cpu_jtag_debug_module_translator_avalon_universal_slave_0_agent_rsp_fifo|altera_avalon_sc_fifo:cpu_jtag_debug_module_translator_avalon_universal_slave_0_agent_rsp_fifo|mem[0][86]                       ; 23      ;
; nios_system:U0|nios_system_cpu_data_master_translator:cpu_data_master_translator|altera_merlin_master_translator:cpu_data_master_translator|write_accepted                                                                                                                                                   ; 23      ;
; nios_system:U0|nios_system_cpu:cpu|nios_system_cpu_test_bench:the_nios_system_cpu_test_bench|d_write                                                                                                                                                                                                         ; 23      ;
; altera_internal_jtag~TMSUTAP                                                                                                                                                                                                                                                                                 ; 22      ;
; nios_system:U0|nios_system_cpu:cpu|av_fill_bit~1                                                                                                                                                                                                                                                             ; 22      ;
; nios_system:U0|nios_system_sdram_s1_translator_avalon_universal_slave_0_agent_rdata_fifo:sram_avalon_sram_slave_translator_avalon_universal_slave_0_agent_rdata_fifo|altera_avalon_sc_fifo:sdram_s1_translator_avalon_universal_slave_0_agent_rdata_fifo|mem_used[0]                                         ; 22      ;
; nios_system:U0|nios_system_cpu:cpu|d_read                                                                                                                                                                                                                                                                    ; 22      ;
; nios_system:U0|nios_system_cpu:cpu|D_iw[12]                                                                                                                                                                                                                                                                  ; 21      ;
; nios_system:U0|nios_system_JTAG_UART:jtag_uart|alt_jtag_atlantic:nios_system_JTAG_UART_alt_jtag_atlantic|td_shift[0]~4                                                                                                                                                                                       ; 21      ;
; nios_system:U0|nios_system_interval_timer_s1_translator:interval_timer_s1_translator|altera_merlin_slave_translator:interval_timer_s1_translator|read_latency_shift_reg[0]                                                                                                                                   ; 21      ;
; nios_system:U0|nios_system_cpu:cpu|D_iw[3]                                                                                                                                                                                                                                                                   ; 21      ;
; nios_system:U0|nios_system_sdram:sdram|m_state.000000001                                                                                                                                                                                                                                                     ; 20      ;
; nios_system:U0|nios_system_sdram_s1_translator_avalon_universal_slave_0_agent_rdata_fifo:sram_avalon_sram_slave_translator_avalon_universal_slave_0_agent_rdata_fifo|altera_avalon_sc_fifo:sdram_s1_translator_avalon_universal_slave_0_agent_rdata_fifo|mem_used[2]                                         ; 20      ;
; nios_system:U0|nios_system_sdram_s1_translator_avalon_universal_slave_0_agent_rdata_fifo:sdram_s1_translator_avalon_universal_slave_0_agent_rdata_fifo|altera_avalon_sc_fifo:sdram_s1_translator_avalon_universal_slave_0_agent_rdata_fifo|internal_out_ready~0                                              ; 20      ;
; nios_system:U0|nios_system_cpu:cpu|D_iw[15]                                                                                                                                                                                                                                                                  ; 20      ;
; nios_system:U0|nios_system_cpu:cpu|W_alu_result[11]                                                                                                                                                                                                                                                          ; 20      ;
; nios_system:U0|nios_system_cpu:cpu|W_alu_result[9]                                                                                                                                                                                                                                                           ; 20      ;
; nios_system:U0|nios_system_cpu:cpu|W_alu_result[10]                                                                                                                                                                                                                                                          ; 20      ;
; altera_internal_jtag~TDIUTAP                                                                                                                                                                                                                                                                                 ; 19      ;
; nios_system:U0|nios_system_Serial_port:serial_port|readdata[6]~1                                                                                                                                                                                                                                             ; 19      ;
; nios_system:U0|nios_system_sdram_s1_translator_avalon_universal_slave_0_agent_rdata_fifo:sram_avalon_sram_slave_translator_avalon_universal_slave_0_agent_rdata_fifo|altera_avalon_sc_fifo:sdram_s1_translator_avalon_universal_slave_0_agent_rdata_fifo|mem_used[1]                                         ; 19      ;
; nios_system:U0|nios_system_cpu:cpu|D_iw[21]                                                                                                                                                                                                                                                                  ; 19      ;
; nios_system:U0|nios_system_cpu:cpu|D_iw[1]                                                                                                                                                                                                                                                                   ; 19      ;
; nios_system:U0|nios_system_sdram_s1_translator_avalon_universal_slave_0_agent_rsp_fifo:reg16_avalon_interface_0_avalon_slave_0_translator_avalon_universal_slave_0_agent_rsp_fifo|altera_avalon_sc_fifo:sdram_s1_translator_avalon_universal_slave_0_agent_rsp_fifo|mem[0][87]                               ; 19      ;
; nios_system:U0|nios_system_cpu:cpu|d_byteenable[0]                                                                                                                                                                                                                                                           ; 19      ;
; nios_system:U0|nios_system_cpu:cpu|F_pc[7]                                                                                                                                                                                                                                                                   ; 19      ;
; nios_system:U0|nios_system_cpu:cpu|F_pc[8]                                                                                                                                                                                                                                                                   ; 19      ;
; nios_system:U0|nios_system_cpu:cpu|F_pc[9]                                                                                                                                                                                                                                                                   ; 19      ;
; nios_system:U0|nios_system_cpu:cpu|F_pc[10]                                                                                                                                                                                                                                                                  ; 19      ;
; nios_system:U0|nios_system_cpu:cpu|W_alu_result[7]                                                                                                                                                                                                                                                           ; 19      ;
; nios_system:U0|nios_system_cpu:cpu|W_alu_result[8]                                                                                                                                                                                                                                                           ; 19      ;
; nios_system:U0|nios_system_cpu:cpu|nios_system_cpu_nios2_oci:the_nios_system_cpu_nios2_oci|nios_system_cpu_jtag_debug_module_wrapper:the_nios_system_cpu_jtag_debug_module_wrapper|nios_system_cpu_jtag_debug_module_tck:the_nios_system_cpu_jtag_debug_module_tck|sr[17]~29                                 ; 18      ;
; nios_system:U0|nios_system_width_adapter:width_adapter_002|altera_merlin_width_adapter:width_adapter|data_reg[10]~0                                                                                                                                                                                          ; 18      ;
; nios_system:U0|nios_system_cmd_xbar_mux:cmd_xbar_mux|WideOr1~0                                                                                                                                                                                                                                               ; 18      ;
; nios_system:U0|nios_system_cpu:cpu|F_pc[3]                                                                                                                                                                                                                                                                   ; 18      ;
; nios_system:U0|nios_system_cpu:cpu|D_iw[16]                                                                                                                                                                                                                                                                  ; 18      ;
; nios_system:U0|nios_system_cpu:cpu|D_iw[0]                                                                                                                                                                                                                                                                   ; 18      ;
; nios_system:U0|nios_system_rsp_xbar_demux:rsp_xbar_demux_002|src0_valid~0                                                                                                                                                                                                                                    ; 18      ;
; nios_system:U0|nios_system_sdram_s1_translator_avalon_universal_slave_0_agent_rsp_fifo:sram_avalon_sram_slave_translator_avalon_universal_slave_0_agent_rsp_fifo|altera_avalon_sc_fifo:sdram_s1_translator_avalon_universal_slave_0_agent_rsp_fifo|mem[0][87]                                                ; 18      ;
; nios_system:U0|nios_system_sdram_s1_translator_avalon_universal_slave_0_agent:sram_avalon_sram_slave_translator_avalon_universal_slave_0_agent|altera_merlin_slave_agent:sdram_s1_translator_avalon_universal_slave_0_agent|rp_valid                                                                         ; 18      ;
; nios_system:U0|nios_system_rsp_xbar_demux:rsp_xbar_demux_002|src1_valid~0                                                                                                                                                                                                                                    ; 18      ;
; nios_system:U0|nios_system_sdram_s1_translator_avalon_universal_slave_0_agent_rsp_fifo:sdram_s1_translator_avalon_universal_slave_0_agent_rsp_fifo|altera_avalon_sc_fifo:sdram_s1_translator_avalon_universal_slave_0_agent_rsp_fifo|mem[0][87]                                                              ; 18      ;
; nios_system:U0|nios_system_width_adapter:width_adapter_004|altera_merlin_width_adapter:width_adapter|data_reg[8]~1                                                                                                                                                                                           ; 18      ;
; nios_system:U0|nios_system_rst_controller_001:rst_controller_001|altera_reset_controller:rst_controller_001|altera_reset_synchronizer:alt_rst_sync_uq1|altera_reset_synchronizer_int_chain_out                                                                                                               ; 18      ;
; nios_system:U0|nios_system_cpu:cpu|F_pc[0]                                                                                                                                                                                                                                                                   ; 18      ;
; nios_system:U0|nios_system_cpu:cpu|F_pc[1]                                                                                                                                                                                                                                                                   ; 18      ;
; nios_system:U0|nios_system_cpu:cpu|F_pc[2]                                                                                                                                                                                                                                                                   ; 18      ;
; nios_system:U0|nios_system_cpu:cpu|F_pc[4]                                                                                                                                                                                                                                                                   ; 18      ;
; nios_system:U0|nios_system_cpu:cpu|F_pc[5]                                                                                                                                                                                                                                                                   ; 18      ;
; nios_system:U0|nios_system_cpu:cpu|F_pc[6]                                                                                                                                                                                                                                                                   ; 18      ;
; nios_system:U0|nios_system_sdram_s1_translator_avalon_universal_slave_0_agent_rdata_fifo:sdram_s1_translator_avalon_universal_slave_0_agent_rdata_fifo|altera_avalon_sc_fifo:sdram_s1_translator_avalon_universal_slave_0_agent_rdata_fifo|mem_rd_ptr[2]~2                                                   ; 17      ;
; nios_system:U0|nios_system_cpu:cpu|D_iw[5]                                                                                                                                                                                                                                                                   ; 17      ;
; nios_system:U0|nios_system_cpu:cpu|R_ctrl_hi_imm16                                                                                                                                                                                                                                                           ; 17      ;
; nios_system:U0|nios_system_sdram_s1_translator_avalon_universal_slave_0_agent_rsp_fifo:sdram_s1_translator_avalon_universal_slave_0_agent_rsp_fifo|altera_avalon_sc_fifo:sdram_s1_translator_avalon_universal_slave_0_agent_rsp_fifo|mem_used[7]                                                             ; 17      ;
; nios_system:U0|nios_system_width_adapter_001:width_adapter_005|altera_merlin_width_adapter:width_adapter_001|out_valid~1                                                                                                                                                                                     ; 17      ;
; nios_system:U0|altera_merlin_master_agent:cpu_data_master_translator_avalon_universal_master_0_agent|cp_valid                                                                                                                                                                                                ; 17      ;
; nios_system:U0|nios_system_cpu_data_master_translator:cpu_data_master_translator|altera_merlin_master_translator:cpu_data_master_translator|uav_write~0                                                                                                                                                      ; 17      ;
; nios_system:U0|nios_system_cpu:cpu|d_byteenable[1]                                                                                                                                                                                                                                                           ; 17      ;
; sld_hub:auto_hub|sld_jtag_hub:\jtag_hub_gen:sld_jtag_hub_inst|sld_shadow_jsm:shadow_jsm|state[8]                                                                                                                                                                                                             ; 16      ;
; nios_system:U0|nios_system_Interval_timer:interval_timer|period_h_wr_strobe                                                                                                                                                                                                                                  ; 16      ;
; nios_system:U0|nios_system_Interval_timer:interval_timer|period_l_wr_strobe                                                                                                                                                                                                                                  ; 16      ;
; nios_system:U0|nios_system_sdram:sdram|WideOr17~0                                                                                                                                                                                                                                                            ; 16      ;
; nios_system:U0|nios_system_sdram:sdram|m_data[14]~0                                                                                                                                                                                                                                                          ; 16      ;
; nios_system:U0|nios_system_cpu:cpu|nios_system_cpu_nios2_oci:the_nios_system_cpu_nios2_oci|nios_system_cpu_jtag_debug_module_wrapper:the_nios_system_cpu_jtag_debug_module_wrapper|nios_system_cpu_jtag_debug_module_tck:the_nios_system_cpu_jtag_debug_module_tck|sr~27                                     ; 16      ;
; nios_system:U0|nios_system_sdram_s1_translator_avalon_universal_slave_0_agent_rdata_fifo:sdram_s1_translator_avalon_universal_slave_0_agent_rdata_fifo|altera_avalon_sc_fifo:sdram_s1_translator_avalon_universal_slave_0_agent_rdata_fifo|mem~175                                                           ; 16      ;
; nios_system:U0|nios_system_sdram_s1_translator_avalon_universal_slave_0_agent_rdata_fifo:sdram_s1_translator_avalon_universal_slave_0_agent_rdata_fifo|altera_avalon_sc_fifo:sdram_s1_translator_avalon_universal_slave_0_agent_rdata_fifo|mem~174                                                           ; 16      ;
; nios_system:U0|nios_system_sdram_s1_translator_avalon_universal_slave_0_agent_rdata_fifo:sdram_s1_translator_avalon_universal_slave_0_agent_rdata_fifo|altera_avalon_sc_fifo:sdram_s1_translator_avalon_universal_slave_0_agent_rdata_fifo|mem~173                                                           ; 16      ;
; nios_system:U0|nios_system_sdram_s1_translator_avalon_universal_slave_0_agent_rdata_fifo:sdram_s1_translator_avalon_universal_slave_0_agent_rdata_fifo|altera_avalon_sc_fifo:sdram_s1_translator_avalon_universal_slave_0_agent_rdata_fifo|mem~172                                                           ; 16      ;
; nios_system:U0|nios_system_sdram_s1_translator_avalon_universal_slave_0_agent_rdata_fifo:sdram_s1_translator_avalon_universal_slave_0_agent_rdata_fifo|altera_avalon_sc_fifo:sdram_s1_translator_avalon_universal_slave_0_agent_rdata_fifo|mem~171                                                           ; 16      ;
; nios_system:U0|nios_system_sdram_s1_translator_avalon_universal_slave_0_agent_rdata_fifo:sdram_s1_translator_avalon_universal_slave_0_agent_rdata_fifo|altera_avalon_sc_fifo:sdram_s1_translator_avalon_universal_slave_0_agent_rdata_fifo|mem~170                                                           ; 16      ;
; nios_system:U0|nios_system_sdram_s1_translator_avalon_universal_slave_0_agent_rdata_fifo:sdram_s1_translator_avalon_universal_slave_0_agent_rdata_fifo|altera_avalon_sc_fifo:sdram_s1_translator_avalon_universal_slave_0_agent_rdata_fifo|mem~169                                                           ; 16      ;
; nios_system:U0|nios_system_sdram_s1_translator_avalon_universal_slave_0_agent_rdata_fifo:sdram_s1_translator_avalon_universal_slave_0_agent_rdata_fifo|altera_avalon_sc_fifo:sdram_s1_translator_avalon_universal_slave_0_agent_rdata_fifo|mem~168                                                           ; 16      ;
; nios_system:U0|nios_system_Interval_timer:interval_timer|Equal6~3                                                                                                                                                                                                                                            ; 16      ;
; nios_system:U0|nios_system_Interval_timer:interval_timer|Equal6~2                                                                                                                                                                                                                                            ; 16      ;
; nios_system:U0|nios_system_Interval_timer:interval_timer|Equal6~1                                                                                                                                                                                                                                            ; 16      ;
; nios_system:U0|nios_system_JTAG_UART:jtag_uart|fifo_wr                                                                                                                                                                                                                                                       ; 16      ;
; nios_system:U0|nios_system_sdram_s1_translator_avalon_universal_slave_0_agent_rdata_fifo:sram_avalon_sram_slave_translator_avalon_universal_slave_0_agent_rdata_fifo|altera_avalon_sc_fifo:sdram_s1_translator_avalon_universal_slave_0_agent_rdata_fifo|always1~0                                           ; 16      ;
; nios_system:U0|nios_system_JTAG_UART:jtag_uart|read_0                                                                                                                                                                                                                                                        ; 16      ;
; nios_system:U0|nios_system_sdram:sdram|init_done                                                                                                                                                                                                                                                             ; 16      ;
; nios_system:U0|nios_system_sdram_s1_translator_avalon_universal_slave_0_agent_rdata_fifo:sram_avalon_sram_slave_translator_avalon_universal_slave_0_agent_rdata_fifo|altera_avalon_sc_fifo:sdram_s1_translator_avalon_universal_slave_0_agent_rdata_fifo|always0~0                                           ; 16      ;
; nios_system:U0|nios_system_Onchip_memory:onchip_memory|wren2~0                                                                                                                                                                                                                                               ; 16      ;
; nios_system:U0|nios_system_rsp_xbar_mux:rsp_xbar_mux|src_payload~0                                                                                                                                                                                                                                           ; 16      ;
; nios_system:U0|nios_system_cpu:cpu|nios_system_cpu_nios2_oci:the_nios_system_cpu_nios2_oci|nios_system_cpu_jtag_debug_module_wrapper:the_nios_system_cpu_jtag_debug_module_wrapper|nios_system_cpu_jtag_debug_module_sysclk:the_nios_system_cpu_jtag_debug_module_sysclk|take_action_ocimem_a~0              ; 16      ;
; nios_system:U0|nios_system_cpu:cpu|E_valid                                                                                                                                                                                                                                                                   ; 16      ;
; nios_system:U0|nios_system_cpu:cpu|R_src2_lo~0                                                                                                                                                                                                                                                               ; 16      ;
; sld_hub:auto_hub|sld_jtag_hub:\jtag_hub_gen:sld_jtag_hub_inst|irsr_reg[6]                                                                                                                                                                                                                                    ; 15      ;
; nios_system:U0|nios_system_Red_LEDs:red_leds|always2~1                                                                                                                                                                                                                                                       ; 15      ;
; nios_system:U0|nios_system_cpu:cpu|nios_system_cpu_nios2_oci:the_nios_system_cpu_nios2_oci|nios_system_cpu_jtag_debug_module_wrapper:the_nios_system_cpu_jtag_debug_module_wrapper|nios_system_cpu_jtag_debug_module_sysclk:the_nios_system_cpu_jtag_debug_module_sysclk|take_action_ocimem_a                ; 15      ;
; nios_system:U0|nios_system_rsp_xbar_demux:rsp_xbar_demux|src1_valid                                                                                                                                                                                                                                          ; 15      ;
; nios_system:U0|nios_system_cpu:cpu|R_src2_hi~0                                                                                                                                                                                                                                                               ; 15      ;
; nios_system:U0|nios_system_cpu:cpu|D_iw[11]                                                                                                                                                                                                                                                                  ; 15      ;
; nios_system:U0|nios_system_red_leds_avalon_parallel_port_slave_translator:red_leds_avalon_parallel_port_slave_translator|altera_merlin_slave_translator:red_leds_avalon_parallel_port_slave_translator|read_latency_shift_reg[0]                                                                             ; 15      ;
; nios_system:U0|nios_system_cpu:cpu|d_byteenable[3]                                                                                                                                                                                                                                                           ; 15      ;
; nios_system:U0|nios_system_cpu:cpu|d_byteenable[2]                                                                                                                                                                                                                                                           ; 15      ;
; nios_system:U0|nios_system_cpu_data_master_translator:cpu_data_master_translator|altera_merlin_master_translator:cpu_data_master_translator|read_accepted                                                                                                                                                    ; 15      ;
; nios_system:U0|nios_system_sdram_s1_translator_avalon_universal_slave_0_agent_rsp_fifo:reg16_avalon_interface_0_avalon_slave_0_translator_avalon_universal_slave_0_agent_rsp_fifo|altera_avalon_sc_fifo:sdram_s1_translator_avalon_universal_slave_0_agent_rsp_fifo|mem_used[1]                              ; 15      ;
; sld_hub:auto_hub|sld_jtag_hub:\jtag_hub_gen:sld_jtag_hub_inst|irsr_reg[1]                                                                                                                                                                                                                                    ; 14      ;
; sld_hub:auto_hub|sld_jtag_hub:\jtag_hub_gen:sld_jtag_hub_inst|irsr_reg[0]                                                                                                                                                                                                                                    ; 14      ;
; nios_system:U0|nios_system_JTAG_UART:jtag_uart|wr_rfifo                                                                                                                                                                                                                                                      ; 14      ;
; nios_system:U0|nios_system_sdram_s1_translator_avalon_universal_slave_0_agent:sdram_s1_translator_avalon_universal_slave_0_agent|altera_merlin_slave_agent:sdram_s1_translator_avalon_universal_slave_0_agent|local_read~0                                                                                   ; 14      ;
; nios_system:U0|nios_system_cpu:cpu|D_iw[13]                                                                                                                                                                                                                                                                  ; 14      ;
; nios_system:U0|nios_system_sdram_s1_translator_avalon_universal_slave_0_agent_rsp_fifo:sdram_s1_translator_avalon_universal_slave_0_agent_rsp_fifo|altera_avalon_sc_fifo:sdram_s1_translator_avalon_universal_slave_0_agent_rsp_fifo|mem_used[0]                                                             ; 14      ;
; sld_hub:auto_hub|sld_jtag_hub:\jtag_hub_gen:sld_jtag_hub_inst|irsr_reg[2]                                                                                                                                                                                                                                    ; 13      ;
; nios_system:U0|nios_system_sdram:sdram|i_state.011                                                                                                                                                                                                                                                           ; 13      ;
; nios_system:U0|nios_system_Serial_port:serial_port|altera_up_rs232_in_deserializer:RS232_In_Deserializer|comb~1                                                                                                                                                                                              ; 13      ;
; nios_system:U0|nios_system_sdram_s1_translator_avalon_universal_slave_0_agent_rdata_fifo:sdram_s1_translator_avalon_universal_slave_0_agent_rdata_fifo|altera_avalon_sc_fifo:sdram_s1_translator_avalon_universal_slave_0_agent_rdata_fifo|wr_ptr[0]                                                         ; 13      ;
; nios_system:U0|nios_system_cpu:cpu|D_iw[8]                                                                                                                                                                                                                                                                   ; 13      ;
; nios_system:U0|nios_system_cpu:cpu|nios_system_cpu_nios2_oci:the_nios_system_cpu_nios2_oci|nios_system_cpu_jtag_debug_module_wrapper:the_nios_system_cpu_jtag_debug_module_wrapper|nios_system_cpu_jtag_debug_module_tck:the_nios_system_cpu_jtag_debug_module_tck|sr[3]~13                                  ; 13      ;
; nios_system:U0|nios_system_sdram:sdram|nios_system_sdram_input_efifo_module:the_nios_system_sdram_input_efifo_module|entries[0]                                                                                                                                                                              ; 13      ;
; nios_system:U0|nios_system_sdram:sdram|nios_system_sdram_input_efifo_module:the_nios_system_sdram_input_efifo_module|entries[1]                                                                                                                                                                              ; 13      ;
; nios_system:U0|nios_system_red_leds_avalon_parallel_port_slave_translator:green_leds_avalon_parallel_port_slave_translator|altera_merlin_slave_translator:red_leds_avalon_parallel_port_slave_translator|read_latency_shift_reg[0]                                                                           ; 13      ;
; nios_system:U0|nios_system_sdram_s1_translator_avalon_universal_slave_0_agent_rsp_fifo:sdram_s1_translator_avalon_universal_slave_0_agent_rsp_fifo|altera_avalon_sc_fifo:sdram_s1_translator_avalon_universal_slave_0_agent_rsp_fifo|mem[0][68]                                                              ; 13      ;
; nios_system:U0|nios_system_sdram_s1_translator_avalon_universal_slave_0_agent_rsp_fifo:sdram_s1_translator_avalon_universal_slave_0_agent_rsp_fifo|altera_avalon_sc_fifo:sdram_s1_translator_avalon_universal_slave_0_agent_rsp_fifo|mem[0][86]                                                              ; 13      ;
; nios_system:U0|nios_system_sdram_s1_translator_avalon_universal_slave_0_agent_rdata_fifo:sdram_s1_translator_avalon_universal_slave_0_agent_rdata_fifo|altera_avalon_sc_fifo:sdram_s1_translator_avalon_universal_slave_0_agent_rdata_fifo|out_valid                                                         ; 13      ;
; sld_hub:auto_hub|sld_jtag_hub:\jtag_hub_gen:sld_jtag_hub_inst|irsr_reg[5]                                                                                                                                                                                                                                    ; 12      ;
; sld_hub:auto_hub|sld_jtag_hub:\jtag_hub_gen:sld_jtag_hub_inst|sld_shadow_jsm:shadow_jsm|state[11]                                                                                                                                                                                                            ; 12      ;
; nios_system:U0|nios_system_sdram:sdram|i_state.000                                                                                                                                                                                                                                                           ; 12      ;
; nios_system:U0|nios_system_sdram_s1_translator_avalon_universal_slave_0_agent_rdata_fifo:sdram_s1_translator_avalon_universal_slave_0_agent_rdata_fifo|altera_avalon_sc_fifo:sdram_s1_translator_avalon_universal_slave_0_agent_rdata_fifo|write                                                             ; 12      ;
; nios_system:U0|nios_system_sdram:sdram|m_state.100000000                                                                                                                                                                                                                                                     ; 12      ;
; nios_system:U0|nios_system_sdram_s1_translator_avalon_universal_slave_0_agent_rdata_fifo:sdram_s1_translator_avalon_universal_slave_0_agent_rdata_fifo|altera_avalon_sc_fifo:sdram_s1_translator_avalon_universal_slave_0_agent_rdata_fifo|wr_ptr[1]                                                         ; 12      ;
; nios_system:U0|nios_system_sdram:sdram|pending~11                                                                                                                                                                                                                                                            ; 12      ;
; nios_system:U0|nios_system_red_leds_avalon_parallel_port_slave_translator:expansion_jp2_avalon_parallel_port_slave_translator|altera_merlin_slave_translator:red_leds_avalon_parallel_port_slave_translator|read_latency_shift_reg~2                                                                         ; 12      ;
; nios_system:U0|nios_system_red_leds_avalon_parallel_port_slave_translator:expansion_jp1_avalon_parallel_port_slave_translator|altera_merlin_slave_translator:red_leds_avalon_parallel_port_slave_translator|read_latency_shift_reg~2                                                                         ; 12      ;
; nios_system:U0|nios_system_cpu:cpu|Equal2~1                                                                                                                                                                                                                                                                  ; 12      ;
; nios_system:U0|nios_system_sdram_s1_translator_avalon_universal_slave_0_agent_rsp_fifo:sram_avalon_sram_slave_translator_avalon_universal_slave_0_agent_rsp_fifo|altera_avalon_sc_fifo:sdram_s1_translator_avalon_universal_slave_0_agent_rsp_fifo|mem_used[2]                                               ; 12      ;
; nios_system:U0|nios_system_cpu:cpu|R_ctrl_br_cmp                                                                                                                                                                                                                                                             ; 12      ;
; nios_system:U0|nios_system_Serial_port:serial_port|altera_up_rs232_out_serializer:RS232_Out_Serializer|comb~0                                                                                                                                                                                                ; 11      ;
; nios_system:U0|nios_system_Expansion_JP2:expansion_jp2|interrupt~2                                                                                                                                                                                                                                           ; 11      ;
; nios_system:U0|nios_system_Expansion_JP2:expansion_jp2|interrupt~0                                                                                                                                                                                                                                           ; 11      ;
; nios_system:U0|nios_system_JTAG_UART:jtag_uart|r_val~0                                                                                                                                                                                                                                                       ; 11      ;
; nios_system:U0|nios_system_sdram:sdram|Equal0~3                                                                                                                                                                                                                                                              ; 11      ;
; nios_system:U0|nios_system_onchip_memory_s1_translator:onchip_memory_s2_translator|altera_merlin_slave_translator:onchip_memory_s1_translator|read_latency_shift_reg~1                                                                                                                                       ; 11      ;
; nios_system:U0|nios_system_sdram_s1_translator_avalon_universal_slave_0_agent:sdram_s1_translator_avalon_universal_slave_0_agent|altera_merlin_slave_agent:sdram_s1_translator_avalon_universal_slave_0_agent|WideOr0~3                                                                                      ; 11      ;
; nios_system:U0|nios_system_JTAG_UART:jtag_uart|alt_jtag_atlantic:nios_system_JTAG_UART_alt_jtag_atlantic|count[9]                                                                                                                                                                                            ; 11      ;
; nios_system:U0|nios_system_cpu:cpu|R_ctrl_rdctl_inst                                                                                                                                                                                                                                                         ; 11      ;
; nios_system:U0|nios_system_cpu:cpu|d_writedata[3]                                                                                                                                                                                                                                                            ; 11      ;
; nios_system:U0|nios_system_cpu:cpu|d_writedata[2]                                                                                                                                                                                                                                                            ; 11      ;
; nios_system:U0|nios_system_cpu:cpu|d_writedata[1]                                                                                                                                                                                                                                                            ; 11      ;
; nios_system:U0|nios_system_cpu:cpu|d_writedata[0]                                                                                                                                                                                                                                                            ; 11      ;
; sld_hub:auto_hub|sld_jtag_hub:\jtag_hub_gen:sld_jtag_hub_inst|irf_reg[1][0]                                                                                                                                                                                                                                  ; 10      ;
; nios_system:U0|nios_system_sdram:sdram|i_state.010                                                                                                                                                                                                                                                           ; 10      ;
; nios_system:U0|nios_system_Expansion_JP2:expansion_jp2|interrupt~3                                                                                                                                                                                                                                           ; 10      ;
; nios_system:U0|nios_system_Pushbuttons:pushbuttons|interrupt~1                                                                                                                                                                                                                                               ; 10      ;
; nios_system:U0|nios_system_sdram:sdram|i_state.101                                                                                                                                                                                                                                                           ; 10      ;
; nios_system:U0|nios_system_sdram_s1_translator_avalon_universal_slave_0_agent_rsp_fifo:sdram_s1_translator_avalon_universal_slave_0_agent_rsp_fifo|altera_avalon_sc_fifo:sdram_s1_translator_avalon_universal_slave_0_agent_rsp_fifo|mem_used[4]                                                             ; 10      ;
; nios_system:U0|nios_system_sdram_s1_translator_avalon_universal_slave_0_agent_rsp_fifo:sdram_s1_translator_avalon_universal_slave_0_agent_rsp_fifo|altera_avalon_sc_fifo:sdram_s1_translator_avalon_universal_slave_0_agent_rsp_fifo|mem_used[3]                                                             ; 10      ;
; nios_system:U0|nios_system_Red_LEDs:red_leds|readdata[1]~1                                                                                                                                                                                                                                                   ; 10      ;
; nios_system:U0|nios_system_sdram:sdram|m_state.000010000                                                                                                                                                                                                                                                     ; 10      ;
; nios_system:U0|nios_system_sdram_s1_translator_avalon_universal_slave_0_agent_rsp_fifo:sdram_s1_translator_avalon_universal_slave_0_agent_rsp_fifo|altera_avalon_sc_fifo:sdram_s1_translator_avalon_universal_slave_0_agent_rsp_fifo|mem_used[5]                                                             ; 10      ;
; nios_system:U0|nios_system_sdram_s1_translator_avalon_universal_slave_0_agent_rsp_fifo:sdram_s1_translator_avalon_universal_slave_0_agent_rsp_fifo|altera_avalon_sc_fifo:sdram_s1_translator_avalon_universal_slave_0_agent_rsp_fifo|mem_used[2]                                                             ; 10      ;
; nios_system:U0|nios_system_sdram_s1_translator_avalon_universal_slave_0_agent_rdata_fifo:sdram_s1_translator_avalon_universal_slave_0_agent_rdata_fifo|altera_avalon_sc_fifo:sdram_s1_translator_avalon_universal_slave_0_agent_rdata_fifo|wr_ptr[2]                                                         ; 10      ;
; nios_system:U0|nios_system_sdram:sdram|nios_system_sdram_input_efifo_module:the_nios_system_sdram_input_efifo_module|Equal1~0                                                                                                                                                                                ; 10      ;
; nios_system:U0|nios_system_sdram_s1_translator_avalon_universal_slave_0_agent_rsp_fifo:sdram_s1_translator_avalon_universal_slave_0_agent_rsp_fifo|altera_avalon_sc_fifo:sdram_s1_translator_avalon_universal_slave_0_agent_rsp_fifo|mem_used[6]                                                             ; 10      ;
; nios_system:U0|nios_system_sdram_s1_translator_avalon_universal_slave_0_agent_rsp_fifo:sram_avalon_sram_slave_translator_avalon_universal_slave_0_agent_rsp_fifo|altera_avalon_sc_fifo:sdram_s1_translator_avalon_universal_slave_0_agent_rsp_fifo|mem_used[1]                                               ; 10      ;
; nios_system:U0|nios_system_sdram_s1_translator_avalon_universal_slave_0_agent_rsp_fifo:sdram_s1_translator_avalon_universal_slave_0_agent_rsp_fifo|altera_avalon_sc_fifo:sdram_s1_translator_avalon_universal_slave_0_agent_rsp_fifo|mem_used[1]                                                             ; 10      ;
; nios_system:U0|nios_system_cpu:cpu|D_iw[6]                                                                                                                                                                                                                                                                   ; 10      ;
; nios_system:U0|nios_system_cpu:cpu|D_iw[7]                                                                                                                                                                                                                                                                   ; 10      ;
; nios_system:U0|nios_system_cmd_xbar_mux:cmd_xbar_mux_003|altera_merlin_arbitrator:arb|top_priority_reg[1]                                                                                                                                                                                                    ; 10      ;
; nios_system:U0|nios_system_cpu_jtag_debug_module_translator_avalon_universal_slave_0_agent_rsp_fifo:cpu_jtag_debug_module_translator_avalon_universal_slave_0_agent_rsp_fifo|altera_avalon_sc_fifo:cpu_jtag_debug_module_translator_avalon_universal_slave_0_agent_rsp_fifo|mem_used[1]                      ; 10      ;
; nios_system:U0|nios_system_red_leds_avalon_parallel_port_slave_translator:pushbuttons_avalon_parallel_port_slave_translator|altera_merlin_slave_translator:red_leds_avalon_parallel_port_slave_translator|read_latency_shift_reg[0]                                                                          ; 10      ;
; nios_system:U0|nios_system_cpu:cpu|Equal133~0                                                                                                                                                                                                                                                                ; 10      ;
; nios_system:U0|nios_system_sdram_s1_translator_avalon_universal_slave_0_agent:reg16_avalon_interface_0_avalon_slave_0_translator_avalon_universal_slave_0_agent|altera_merlin_slave_agent:sdram_s1_translator_avalon_universal_slave_0_agent|WideOr0                                                         ; 10      ;
; nios_system:U0|nios_system_cpu:cpu|W_alu_result[13]                                                                                                                                                                                                                                                          ; 10      ;
; sld_hub:auto_hub|sld_jtag_hub:\jtag_hub_gen:sld_jtag_hub_inst|mixer_addr_reg[3]                                                                                                                                                                                                                              ; 9       ;
; sld_hub:auto_hub|sld_jtag_hub:\jtag_hub_gen:sld_jtag_hub_inst|mixer_addr_reg[2]                                                                                                                                                                                                                              ; 9       ;
; nios_system:U0|nios_system_Serial_port:serial_port|altera_up_rs232_out_serializer:RS232_Out_Serializer|altera_up_rs232_counters:RS232_Out_Counters|baud_counter[6]~12                                                                                                                                        ; 9       ;
; nios_system:U0|nios_system_Serial_port:serial_port|altera_up_rs232_in_deserializer:RS232_In_Deserializer|altera_up_rs232_counters:RS232_In_Counters|baud_counter[5]~12                                                                                                                                       ; 9       ;
; nios_system:U0|nios_system_Expansion_JP2:expansion_jp2|interrupt~7                                                                                                                                                                                                                                           ; 9       ;
; nios_system:U0|nios_system_Expansion_JP2:expansion_jp2|interrupt~6                                                                                                                                                                                                                                           ; 9       ;
; nios_system:U0|nios_system_Expansion_JP2:expansion_jp2|interrupt~5                                                                                                                                                                                                                                           ; 9       ;
; nios_system:U0|nios_system_Expansion_JP2:expansion_jp2|interrupt~4                                                                                                                                                                                                                                           ; 9       ;
; nios_system:U0|nios_system_Expansion_JP1:expansion_jp1|always5~0                                                                                                                                                                                                                                             ; 9       ;
; nios_system:U0|nios_system_sdram:sdram|m_count[1]                                                                                                                                                                                                                                                            ; 9       ;
; nios_system:U0|nios_system_JTAG_UART:jtag_uart|alt_jtag_atlantic:nios_system_JTAG_UART_alt_jtag_atlantic|r_ena~0                                                                                                                                                                                             ; 9       ;
; nios_system:U0|nios_system_cmd_xbar_mux:cmd_xbar_mux_002|src_payload[0]                                                                                                                                                                                                                                      ; 9       ;
; nios_system:U0|nios_system_cpu:cpu|hbreak_enabled                                                                                                                                                                                                                                                            ; 9       ;
; nios_system:U0|nios_system_JTAG_UART:jtag_uart|alt_jtag_atlantic:nios_system_JTAG_UART_alt_jtag_atlantic|state                                                                                                                                                                                               ; 9       ;
; nios_system:U0|nios_system_cpu:cpu|nios_system_cpu_nios2_oci:the_nios_system_cpu_nios2_oci|nios_system_cpu_nios2_ocimem:the_nios_system_cpu_nios2_ocimem|waitrequest                                                                                                                                         ; 9       ;
; nios_system:U0|nios_system_sdram_s1_translator_avalon_universal_slave_0_agent:sram_avalon_sram_slave_translator_avalon_universal_slave_0_agent|altera_merlin_slave_agent:sdram_s1_translator_avalon_universal_slave_0_agent|comb~0                                                                           ; 9       ;
; nios_system:U0|nios_system_cpu:cpu|E_src1[0]                                                                                                                                                                                                                                                                 ; 9       ;
; nios_system:U0|nios_system_cpu:cpu|d_writedata[10]                                                                                                                                                                                                                                                           ; 9       ;
; nios_system:U0|nios_system_cpu:cpu|d_writedata[7]                                                                                                                                                                                                                                                            ; 9       ;
; nios_system:U0|nios_system_cpu:cpu|d_writedata[6]                                                                                                                                                                                                                                                            ; 9       ;
; nios_system:U0|nios_system_cpu:cpu|d_writedata[5]                                                                                                                                                                                                                                                            ; 9       ;
; nios_system:U0|nios_system_cpu:cpu|d_writedata[4]                                                                                                                                                                                                                                                            ; 9       ;
; nios_system:U0|nios_system_addr_router_001:addr_router_001|Equal5~3                                                                                                                                                                                                                                          ; 9       ;
; sld_hub:auto_hub|sld_jtag_hub:\jtag_hub_gen:sld_jtag_hub_inst|irsr_reg[4]                                                                                                                                                                                                                                    ; 8       ;
; sld_hub:auto_hub|sld_jtag_hub:\jtag_hub_gen:sld_jtag_hub_inst|node_ena[2]~reg0                                                                                                                                                                                                                               ; 8       ;
; sld_hub:auto_hub|sld_jtag_hub:\jtag_hub_gen:sld_jtag_hub_inst|sld_rom_sr:hub_info_reg|word_counter[2]                                                                                                                                                                                                        ; 8       ;
; sld_hub:auto_hub|sld_jtag_hub:\jtag_hub_gen:sld_jtag_hub_inst|mixer_addr_reg[1]                                                                                                                                                                                                                              ; 8       ;
; sld_hub:auto_hub|sld_jtag_hub:\jtag_hub_gen:sld_jtag_hub_inst|mixer_addr_reg[0]                                                                                                                                                                                                                              ; 8       ;
; sld_hub:auto_hub|sld_jtag_hub:\jtag_hub_gen:sld_jtag_hub_inst|mixer_addr_reg[4]                                                                                                                                                                                                                              ; 8       ;
; nios_system:U0|nios_system_Expansion_JP1:expansion_jp1|data[26]~3                                                                                                                                                                                                                                            ; 8       ;
; nios_system:U0|nios_system_Expansion_JP2:expansion_jp2|data[31]~3                                                                                                                                                                                                                                            ; 8       ;
; nios_system:U0|nios_system_Expansion_JP2:expansion_jp2|data[18]~2                                                                                                                                                                                                                                            ; 8       ;
; nios_system:U0|nios_system_Expansion_JP1:expansion_jp1|data[20]~2                                                                                                                                                                                                                                            ; 8       ;
; nios_system:U0|nios_system_Expansion_JP1:expansion_jp1|data[8]~1                                                                                                                                                                                                                                             ; 8       ;
; nios_system:U0|nios_system_Expansion_JP2:expansion_jp2|data[9]~1                                                                                                                                                                                                                                             ; 8       ;
; nios_system:U0|nios_system_HEX3_HEX0:hex3_hex0|data[25]~3                                                                                                                                                                                                                                                    ; 8       ;
; nios_system:U0|nios_system_Expansion_JP2:expansion_jp2|data[3]~0                                                                                                                                                                                                                                             ; 8       ;
; nios_system:U0|nios_system_Expansion_JP1:expansion_jp1|data[5]~0                                                                                                                                                                                                                                             ; 8       ;
; nios_system:U0|nios_system_HEX3_HEX0:hex3_hex0|data[20]~2                                                                                                                                                                                                                                                    ; 8       ;
; nios_system:U0|nios_system_HEX3_HEX0:hex3_hex0|data[11]~1                                                                                                                                                                                                                                                    ; 8       ;
; nios_system:U0|nios_system_JTAG_UART:jtag_uart|alt_jtag_atlantic:nios_system_JTAG_UART_alt_jtag_atlantic|wdata[3]~0                                                                                                                                                                                          ; 8       ;
; nios_system:U0|nios_system_Expansion_JP1:expansion_jp1|direction[31]~3                                                                                                                                                                                                                                       ; 8       ;
; nios_system:U0|nios_system_Expansion_JP2:expansion_jp2|direction[27]~3                                                                                                                                                                                                                                       ; 8       ;
; nios_system:U0|nios_system_sdram:sdram|za_data[12]                                                                                                                                                                                                                                                           ; 8       ;
; nios_system:U0|nios_system_sdram:sdram|za_data[13]                                                                                                                                                                                                                                                           ; 8       ;
; nios_system:U0|nios_system_sdram:sdram|za_data[11]                                                                                                                                                                                                                                                           ; 8       ;
; nios_system:U0|nios_system_sdram:sdram|za_data[14]                                                                                                                                                                                                                                                           ; 8       ;
; nios_system:U0|nios_system_sdram:sdram|za_data[15]                                                                                                                                                                                                                                                           ; 8       ;
; nios_system:U0|nios_system_sdram:sdram|za_data[2]                                                                                                                                                                                                                                                            ; 8       ;
; nios_system:U0|nios_system_sdram:sdram|za_data[5]                                                                                                                                                                                                                                                            ; 8       ;
; nios_system:U0|nios_system_sdram:sdram|za_data[1]                                                                                                                                                                                                                                                            ; 8       ;
; nios_system:U0|nios_system_sdram:sdram|za_data[10]                                                                                                                                                                                                                                                           ; 8       ;
; nios_system:U0|nios_system_sdram:sdram|za_data[9]                                                                                                                                                                                                                                                            ; 8       ;
; nios_system:U0|nios_system_sdram:sdram|za_data[8]                                                                                                                                                                                                                                                            ; 8       ;
; nios_system:U0|nios_system_sdram:sdram|za_data[7]                                                                                                                                                                                                                                                            ; 8       ;
; nios_system:U0|nios_system_sdram:sdram|za_data[6]                                                                                                                                                                                                                                                            ; 8       ;
; nios_system:U0|nios_system_Green_LEDs:green_leds|data[6]~0                                                                                                                                                                                                                                                   ; 8       ;
; nios_system:U0|nios_system_HEX3_HEX0:hex3_hex0|data[7]~0                                                                                                                                                                                                                                                     ; 8       ;
; nios_system:U0|nios_system_Red_LEDs:red_leds|data[7]~0                                                                                                                                                                                                                                                       ; 8       ;
; nios_system:U0|nios_system_sdram:sdram|za_data[0]                                                                                                                                                                                                                                                            ; 8       ;
; nios_system:U0|nios_system_Expansion_JP2:expansion_jp2|direction[21]~2                                                                                                                                                                                                                                       ; 8       ;
; nios_system:U0|nios_system_Expansion_JP1:expansion_jp1|direction[21]~2                                                                                                                                                                                                                                       ; 8       ;
; nios_system:U0|nios_system_Expansion_JP1:expansion_jp1|direction[11]~1                                                                                                                                                                                                                                       ; 8       ;
; nios_system:U0|nios_system_Expansion_JP2:expansion_jp2|direction[10]~1                                                                                                                                                                                                                                       ; 8       ;
; nios_system:U0|nios_system_sdram:sdram|za_data[3]                                                                                                                                                                                                                                                            ; 8       ;
; nios_system:U0|nios_system_Expansion_JP1:expansion_jp1|interrupt[31]~3                                                                                                                                                                                                                                       ; 8       ;
; nios_system:U0|nios_system_Expansion_JP1:expansion_jp1|interrupt[18]~2                                                                                                                                                                                                                                       ; 8       ;
; nios_system:U0|nios_system_Expansion_JP1:expansion_jp1|interrupt[11]~1                                                                                                                                                                                                                                       ; 8       ;
; nios_system:U0|nios_system_Expansion_JP2:expansion_jp2|interrupt[31]~27                                                                                                                                                                                                                                      ; 8       ;
; nios_system:U0|nios_system_Expansion_JP2:expansion_jp2|interrupt[16]~18                                                                                                                                                                                                                                      ; 8       ;
; nios_system:U0|nios_system_Expansion_JP2:expansion_jp2|interrupt~10                                                                                                                                                                                                                                          ; 8       ;
; nios_system:U0|nios_system_Expansion_JP2:expansion_jp2|interrupt[10]~9                                                                                                                                                                                                                                       ; 8       ;
; nios_system:U0|nios_system_Expansion_JP2:expansion_jp2|interrupt~8                                                                                                                                                                                                                                           ; 8       ;
; nios_system:U0|nios_system_sdram:sdram|za_data[4]                                                                                                                                                                                                                                                            ; 8       ;
; nios_system:U0|nios_system_Expansion_JP2:expansion_jp2|interrupt[2]~1                                                                                                                                                                                                                                        ; 8       ;
; nios_system:U0|nios_system_Expansion_JP2:expansion_jp2|direction[3]~0                                                                                                                                                                                                                                        ; 8       ;
; nios_system:U0|nios_system_Expansion_JP1:expansion_jp1|interrupt[0]~0                                                                                                                                                                                                                                        ; 8       ;
; nios_system:U0|nios_system_Expansion_JP1:expansion_jp1|direction[6]~0                                                                                                                                                                                                                                        ; 8       ;
; nios_system:U0|nios_system_JTAG_UART:jtag_uart|fifo_rd~1                                                                                                                                                                                                                                                     ; 8       ;
; nios_system:U0|nios_system_sdram:sdram|m_state.000000100                                                                                                                                                                                                                                                     ; 8       ;
; nios_system:U0|nios_system_JTAG_UART:jtag_uart|nios_system_JTAG_UART_scfifo_r:the_nios_system_JTAG_UART_scfifo_r|scfifo:rfifo|scfifo_1n21:auto_generated|a_dpfifo_8t21:dpfifo|a_fefifo_7cf:fifo_state|b_non_empty                                                                                            ; 8       ;
; nios_system:U0|nios_system_Green_LEDs:green_leds|readdata[1]~1                                                                                                                                                                                                                                               ; 8       ;
; nios_system:U0|nios_system_cpu:cpu|av_ld_byte1_data_en~0                                                                                                                                                                                                                                                     ; 8       ;
; nios_system:U0|nios_system_cpu:cpu|av_ld_byte0_data[2]~0                                                                                                                                                                                                                                                     ; 8       ;
; nios_system:U0|nios_system_cpu:cpu|D_ctrl_retaddr~0                                                                                                                                                                                                                                                          ; 8       ;
; nios_system:U0|nios_system_cpu_data_master_translator:cpu_data_master_translator|altera_merlin_master_translator:cpu_data_master_translator|uav_read~0                                                                                                                                                       ; 8       ;
; nios_system:U0|nios_system_cmd_xbar_mux:cmd_xbar_mux_003|altera_merlin_arbitrator:arb|top_priority_reg[0]                                                                                                                                                                                                    ; 8       ;
; nios_system:U0|nios_system_JTAG_UART:jtag_uart|av_waitrequest                                                                                                                                                                                                                                                ; 8       ;
; nios_system:U0|nios_system_cmd_xbar_mux:cmd_xbar_mux_002|altera_merlin_arbitrator:arb|top_priority_reg[0]                                                                                                                                                                                                    ; 8       ;
; nios_system:U0|nios_system_cmd_xbar_mux:cmd_xbar_mux_002|altera_merlin_arbitrator:arb|top_priority_reg[1]                                                                                                                                                                                                    ; 8       ;
; nios_system:U0|nios_system_cpu:cpu|d_writedata[15]                                                                                                                                                                                                                                                           ; 8       ;
; nios_system:U0|nios_system_cpu:cpu|d_writedata[14]                                                                                                                                                                                                                                                           ; 8       ;
; nios_system:U0|nios_system_cpu:cpu|d_writedata[13]                                                                                                                                                                                                                                                           ; 8       ;
; nios_system:U0|nios_system_cpu:cpu|d_writedata[12]                                                                                                                                                                                                                                                           ; 8       ;
; nios_system:U0|nios_system_cpu:cpu|d_writedata[11]                                                                                                                                                                                                                                                           ; 8       ;
; nios_system:U0|nios_system_cpu:cpu|d_writedata[9]                                                                                                                                                                                                                                                            ; 8       ;
; nios_system:U0|reg16_avalon_interface:reg16_avalon_interface_0|reg16:reg_instance|Q[11]~11                                                                                                                                                                                                                   ; 8       ;
; nios_system:U0|nios_system_cpu:cpu|d_writedata[8]                                                                                                                                                                                                                                                            ; 8       ;
; nios_system:U0|reg16_avalon_interface:reg16_avalon_interface_0|reg16:reg_instance|Q[5]~2                                                                                                                                                                                                                     ; 8       ;
; nios_system:U0|nios_system_addr_router_001:addr_router_001|Equal1~5                                                                                                                                                                                                                                          ; 8       ;
; nios_system:U0|nios_system_addr_router_001:addr_router_001|Equal3~1                                                                                                                                                                                                                                          ; 8       ;
; nios_system:U0|nios_system_width_adapter:width_adapter|altera_merlin_width_adapter:width_adapter|address_reg[1]                                                                                                                                                                                              ; 8       ;
; nios_system:U0|reg16_avalon_interface:reg16_avalon_interface_0|reg16:reg_instance|Q[15]                                                                                                                                                                                                                      ; 8       ;
; nios_system:U0|reg16_avalon_interface:reg16_avalon_interface_0|reg16:reg_instance|Q[14]                                                                                                                                                                                                                      ; 8       ;
; nios_system:U0|reg16_avalon_interface:reg16_avalon_interface_0|reg16:reg_instance|Q[13]                                                                                                                                                                                                                      ; 8       ;
; nios_system:U0|reg16_avalon_interface:reg16_avalon_interface_0|reg16:reg_instance|Q[12]                                                                                                                                                                                                                      ; 8       ;
; nios_system:U0|reg16_avalon_interface:reg16_avalon_interface_0|reg16:reg_instance|Q[11]                                                                                                                                                                                                                      ; 8       ;
; nios_system:U0|reg16_avalon_interface:reg16_avalon_interface_0|reg16:reg_instance|Q[10]                                                                                                                                                                                                                      ; 8       ;
; nios_system:U0|reg16_avalon_interface:reg16_avalon_interface_0|reg16:reg_instance|Q[9]                                                                                                                                                                                                                       ; 8       ;
; nios_system:U0|reg16_avalon_interface:reg16_avalon_interface_0|reg16:reg_instance|Q[8]                                                                                                                                                                                                                       ; 8       ;
; nios_system:U0|reg16_avalon_interface:reg16_avalon_interface_0|reg16:reg_instance|Q[7]                                                                                                                                                                                                                       ; 8       ;
; nios_system:U0|reg16_avalon_interface:reg16_avalon_interface_0|reg16:reg_instance|Q[6]                                                                                                                                                                                                                       ; 8       ;
; nios_system:U0|reg16_avalon_interface:reg16_avalon_interface_0|reg16:reg_instance|Q[5]                                                                                                                                                                                                                       ; 8       ;
; nios_system:U0|reg16_avalon_interface:reg16_avalon_interface_0|reg16:reg_instance|Q[4]                                                                                                                                                                                                                       ; 8       ;
; nios_system:U0|reg16_avalon_interface:reg16_avalon_interface_0|reg16:reg_instance|Q[3]                                                                                                                                                                                                                       ; 8       ;
; nios_system:U0|reg16_avalon_interface:reg16_avalon_interface_0|reg16:reg_instance|Q[2]                                                                                                                                                                                                                       ; 8       ;
; nios_system:U0|reg16_avalon_interface:reg16_avalon_interface_0|reg16:reg_instance|Q[1]                                                                                                                                                                                                                       ; 8       ;
; nios_system:U0|reg16_avalon_interface:reg16_avalon_interface_0|reg16:reg_instance|Q[0]                                                                                                                                                                                                                       ; 8       ;
; sld_hub:auto_hub|sld_jtag_hub:\jtag_hub_gen:sld_jtag_hub_inst|sld_rom_sr:hub_info_reg|word_counter[4]                                                                                                                                                                                                        ; 7       ;
; sld_hub:auto_hub|sld_jtag_hub:\jtag_hub_gen:sld_jtag_hub_inst|sld_rom_sr:hub_info_reg|word_counter[0]                                                                                                                                                                                                        ; 7       ;
; nios_system:U0|nios_system_Serial_port:serial_port|altera_up_rs232_out_serializer:RS232_Out_Serializer|altera_up_sync_fifo:RS232_Out_FIFO|scfifo:Sync_FIFO|scfifo_pu31:auto_generated|a_dpfifo_cm31:dpfifo|cntr_q57:usedw_counter|_~2                                                                        ; 7       ;
; nios_system:U0|nios_system_Serial_port:serial_port|altera_up_rs232_in_deserializer:RS232_In_Deserializer|altera_up_sync_fifo:RS232_In_FIFO|scfifo:Sync_FIFO|scfifo_pu31:auto_generated|a_dpfifo_cm31:dpfifo|cntr_q57:usedw_counter|_~2                                                                       ; 7       ;
; nios_system:U0|nios_system_sdram_s1_translator_avalon_universal_slave_0_agent_rsp_fifo:sdram_s1_translator_avalon_universal_slave_0_agent_rsp_fifo|altera_avalon_sc_fifo:sdram_s1_translator_avalon_universal_slave_0_agent_rsp_fifo|always6~0                                                               ; 7       ;
; nios_system:U0|nios_system_sdram_s1_translator_avalon_universal_slave_0_agent_rsp_fifo:sdram_s1_translator_avalon_universal_slave_0_agent_rsp_fifo|altera_avalon_sc_fifo:sdram_s1_translator_avalon_universal_slave_0_agent_rsp_fifo|always5~0                                                               ; 7       ;
; nios_system:U0|nios_system_Serial_port:serial_port|altera_up_rs232_out_serializer:RS232_Out_Serializer|read_fifo_en~0                                                                                                                                                                                        ; 7       ;
; nios_system:U0|nios_system_sdram_s1_translator_avalon_universal_slave_0_agent_rsp_fifo:sdram_s1_translator_avalon_universal_slave_0_agent_rsp_fifo|altera_avalon_sc_fifo:sdram_s1_translator_avalon_universal_slave_0_agent_rsp_fifo|always4~0                                                               ; 7       ;
; nios_system:U0|nios_system_Serial_port:serial_port|altera_up_rs232_in_deserializer:RS232_In_Deserializer|altera_up_sync_fifo:RS232_In_FIFO|scfifo:Sync_FIFO|scfifo_pu31:auto_generated|a_dpfifo_cm31:dpfifo|cntr_e5b:wr_ptr|_~0                                                                              ; 7       ;
; nios_system:U0|nios_system_sdram:sdram|i_count[1]                                                                                                                                                                                                                                                            ; 7       ;
; nios_system:U0|nios_system_sdram_s1_translator_avalon_universal_slave_0_agent_rsp_fifo:sdram_s1_translator_avalon_universal_slave_0_agent_rsp_fifo|altera_avalon_sc_fifo:sdram_s1_translator_avalon_universal_slave_0_agent_rsp_fifo|always3~0                                                               ; 7       ;
; nios_system:U0|nios_system_Expansion_JP2:expansion_jp2|interrupt~34                                                                                                                                                                                                                                          ; 7       ;
; nios_system:U0|nios_system_Expansion_JP2:expansion_jp2|interrupt~33                                                                                                                                                                                                                                          ; 7       ;
; nios_system:U0|nios_system_Expansion_JP2:expansion_jp2|interrupt~32                                                                                                                                                                                                                                          ; 7       ;
; nios_system:U0|nios_system_Expansion_JP2:expansion_jp2|interrupt~31                                                                                                                                                                                                                                          ; 7       ;
; nios_system:U0|nios_system_Expansion_JP2:expansion_jp2|interrupt~30                                                                                                                                                                                                                                          ; 7       ;
; nios_system:U0|nios_system_Expansion_JP2:expansion_jp2|interrupt~29                                                                                                                                                                                                                                          ; 7       ;
; nios_system:U0|nios_system_Expansion_JP2:expansion_jp2|interrupt~28                                                                                                                                                                                                                                          ; 7       ;
; nios_system:U0|nios_system_Expansion_JP2:expansion_jp2|interrupt~26                                                                                                                                                                                                                                          ; 7       ;
; nios_system:U0|nios_system_Expansion_JP2:expansion_jp2|interrupt~25                                                                                                                                                                                                                                          ; 7       ;
; nios_system:U0|nios_system_Expansion_JP2:expansion_jp2|interrupt~24                                                                                                                                                                                                                                          ; 7       ;
; nios_system:U0|nios_system_Expansion_JP2:expansion_jp2|interrupt~23                                                                                                                                                                                                                                          ; 7       ;
; nios_system:U0|nios_system_Expansion_JP2:expansion_jp2|interrupt~22                                                                                                                                                                                                                                          ; 7       ;
; nios_system:U0|nios_system_Expansion_JP2:expansion_jp2|interrupt~21                                                                                                                                                                                                                                          ; 7       ;
; nios_system:U0|nios_system_Expansion_JP2:expansion_jp2|interrupt~20                                                                                                                                                                                                                                          ; 7       ;
; nios_system:U0|nios_system_Expansion_JP2:expansion_jp2|interrupt~19                                                                                                                                                                                                                                          ; 7       ;
; nios_system:U0|nios_system_Expansion_JP2:expansion_jp2|interrupt~17                                                                                                                                                                                                                                          ; 7       ;
; nios_system:U0|nios_system_Expansion_JP2:expansion_jp2|interrupt~16                                                                                                                                                                                                                                          ; 7       ;
; nios_system:U0|nios_system_Expansion_JP2:expansion_jp2|interrupt~15                                                                                                                                                                                                                                          ; 7       ;
; nios_system:U0|nios_system_Expansion_JP2:expansion_jp2|interrupt~14                                                                                                                                                                                                                                          ; 7       ;
; nios_system:U0|nios_system_Expansion_JP2:expansion_jp2|interrupt~13                                                                                                                                                                                                                                          ; 7       ;
; nios_system:U0|nios_system_Expansion_JP2:expansion_jp2|interrupt~12                                                                                                                                                                                                                                          ; 7       ;
; nios_system:U0|nios_system_Expansion_JP2:expansion_jp2|interrupt~11                                                                                                                                                                                                                                          ; 7       ;
; nios_system:U0|nios_system_cpu:cpu|nios_system_cpu_nios2_oci:the_nios_system_cpu_nios2_oci|nios_system_cpu_nios2_ocimem:the_nios_system_cpu_nios2_ocimem|Equal0~0                                                                                                                                            ; 7       ;
; nios_system:U0|nios_system_sdram_s1_translator_avalon_universal_slave_0_agent_rsp_fifo:sdram_s1_translator_avalon_universal_slave_0_agent_rsp_fifo|altera_avalon_sc_fifo:sdram_s1_translator_avalon_universal_slave_0_agent_rsp_fifo|always2~0                                                               ; 7       ;
; nios_system:U0|nios_system_JTAG_UART:jtag_uart|nios_system_JTAG_UART_scfifo_w:the_nios_system_JTAG_UART_scfifo_w|scfifo:wfifo|scfifo_1n21:auto_generated|a_dpfifo_8t21:dpfifo|a_fefifo_7cf:fifo_state|b_full                                                                                                 ; 7       ;
; nios_system:U0|nios_system_cpu:cpu|nios_system_cpu_nios2_oci:the_nios_system_cpu_nios2_oci|nios_system_cpu_nios2_avalon_reg:the_nios_system_cpu_nios2_avalon_reg|take_action_oci_intr_mask_reg~0                                                                                                             ; 7       ;
; nios_system:U0|nios_system_JTAG_UART:jtag_uart|nios_system_JTAG_UART_scfifo_r:the_nios_system_JTAG_UART_scfifo_r|scfifo:rfifo|scfifo_1n21:auto_generated|a_dpfifo_8t21:dpfifo|a_fefifo_7cf:fifo_state|b_full                                                                                                 ; 7       ;
; nios_system:U0|nios_system_sdram:sdram|m_state.000001000                                                                                                                                                                                                                                                     ; 7       ;
; nios_system:U0|nios_system_sdram_s1_translator_avalon_universal_slave_0_agent_rsp_fifo:sram_avalon_sram_slave_translator_avalon_universal_slave_0_agent_rsp_fifo|altera_avalon_sc_fifo:sdram_s1_translator_avalon_universal_slave_0_agent_rsp_fifo|always1~0                                                 ; 7       ;
; nios_system:U0|nios_system_sdram_s1_translator_avalon_universal_slave_0_agent_rsp_fifo:sdram_s1_translator_avalon_universal_slave_0_agent_rsp_fifo|altera_avalon_sc_fifo:sdram_s1_translator_avalon_universal_slave_0_agent_rsp_fifo|always1~0                                                               ; 7       ;
; nios_system:U0|nios_system_cpu:cpu|nios_system_cpu_nios2_oci:the_nios_system_cpu_nios2_oci|nios_system_cpu_jtag_debug_module_wrapper:the_nios_system_cpu_jtag_debug_module_wrapper|nios_system_cpu_jtag_debug_module_sysclk:the_nios_system_cpu_jtag_debug_module_sysclk|jdo[35]                             ; 7       ;
; nios_system:U0|nios_system_cpu:cpu|nios_system_cpu_nios2_oci:the_nios_system_cpu_nios2_oci|write                                                                                                                                                                                                             ; 7       ;
; nios_system:U0|nios_system_sdram_s1_translator_avalon_universal_slave_0_agent_rsp_fifo:sram_avalon_sram_slave_translator_avalon_universal_slave_0_agent_rsp_fifo|altera_avalon_sc_fifo:sdram_s1_translator_avalon_universal_slave_0_agent_rsp_fifo|always0~0                                                 ; 7       ;
; nios_system:U0|nios_system_cmd_xbar_mux:cmd_xbar_mux_003|WideOr1~0                                                                                                                                                                                                                                           ; 7       ;
; nios_system:U0|nios_system_width_adapter:width_adapter|altera_merlin_width_adapter:width_adapter|out_endofpacket~0                                                                                                                                                                                           ; 7       ;
; nios_system:U0|nios_system_sdram_s1_translator_avalon_universal_slave_0_agent_rsp_fifo:sdram_s1_translator_avalon_universal_slave_0_agent_rsp_fifo|altera_avalon_sc_fifo:sdram_s1_translator_avalon_universal_slave_0_agent_rsp_fifo|always0~0                                                               ; 7       ;
; nios_system:U0|nios_system_cpu:cpu|R_ctrl_jmp_direct                                                                                                                                                                                                                                                         ; 7       ;
; nios_system:U0|nios_system_sdram_s1_translator_avalon_universal_slave_0_agent:sram_avalon_sram_slave_translator_avalon_universal_slave_0_agent|altera_merlin_slave_agent:sdram_s1_translator_avalon_universal_slave_0_agent|cp_ready                                                                         ; 7       ;
; nios_system:U0|nios_system_cmd_xbar_demux:cmd_xbar_demux|src3_valid~1                                                                                                                                                                                                                                        ; 7       ;
; nios_system:U0|nios_system_cmd_xbar_demux_001:cmd_xbar_demux_001|sink_ready~2                                                                                                                                                                                                                                ; 7       ;
; nios_system:U0|nios_system_sdram_s1_translator_avalon_universal_slave_0_agent:sdram_s1_translator_avalon_universal_slave_0_agent|altera_merlin_slave_agent:sdram_s1_translator_avalon_universal_slave_0_agent|cp_ready                                                                                       ; 7       ;
; nios_system:U0|nios_system_cmd_xbar_demux:cmd_xbar_demux|src0_valid~2                                                                                                                                                                                                                                        ; 7       ;
; nios_system:U0|nios_system_cpu:cpu|i_read                                                                                                                                                                                                                                                                    ; 7       ;
; nios_system:U0|nios_system_reg16_avalon_interface_0_avalon_slave_0_translator:reg16_avalon_interface_0_avalon_slave_0_translator|altera_merlin_slave_translator:reg16_avalon_interface_0_avalon_slave_0_translator|read_latency_shift_reg[0]                                                                 ; 7       ;
; nios_system:U0|nios_system_sdram_s1_translator_avalon_universal_slave_0_agent:sdram_s1_translator_avalon_universal_slave_0_agent|altera_merlin_slave_agent:sdram_s1_translator_avalon_universal_slave_0_agent|comb~0                                                                                         ; 7       ;
; nios_system:U0|nios_system_reg16_avalon_interface_0_avalon_slave_0_translator:reg16_avalon_interface_0_avalon_slave_0_translator|altera_merlin_slave_translator:reg16_avalon_interface_0_avalon_slave_0_translator|read_latency_shift_reg~0                                                                  ; 7       ;
; nios_system:U0|nios_system_cpu:cpu|nios_system_cpu_nios2_oci:the_nios_system_cpu_nios2_oci|nios_system_cpu_jtag_debug_module_wrapper:the_nios_system_cpu_jtag_debug_module_wrapper|sld_virtual_jtag_basic:nios_system_cpu_jtag_debug_module_phy|virtual_state_cdr                                            ; 7       ;
; nios_system:U0|nios_system_addr_router_001:addr_router_001|Equal2~3                                                                                                                                                                                                                                          ; 7       ;
; nios_system:U0|nios_system_cpu:cpu|W_alu_result[24]                                                                                                                                                                                                                                                          ; 7       ;
; nios_system:U0|nios_system_cpu:cpu|W_alu_result[25]                                                                                                                                                                                                                                                          ; 7       ;
; sld_hub:auto_hub|sld_jtag_hub:\jtag_hub_gen:sld_jtag_hub_inst|hub_info_reg_ena                                                                                                                                                                                                                               ; 6       ;
; sld_hub:auto_hub|sld_jtag_hub:\jtag_hub_gen:sld_jtag_hub_inst|irsr_reg[3]                                                                                                                                                                                                                                    ; 6       ;
; nios_system:U0|nios_system_JTAG_UART:jtag_uart|nios_system_JTAG_UART_scfifo_r:the_nios_system_JTAG_UART_scfifo_r|scfifo:rfifo|scfifo_1n21:auto_generated|a_dpfifo_8t21:dpfifo|a_fefifo_7cf:fifo_state|_~4                                                                                                    ; 6       ;
; nios_system:U0|nios_system_sdram_s1_translator_avalon_universal_slave_0_agent:sdram_s1_translator_avalon_universal_slave_0_agent|altera_merlin_slave_agent:sdram_s1_translator_avalon_universal_slave_0_agent|m0_write~2                                                                                     ; 6       ;
; nios_system:U0|nios_system_Serial_port:serial_port|altera_up_rs232_in_deserializer:RS232_In_Deserializer|altera_up_sync_fifo:RS232_In_FIFO|scfifo:Sync_FIFO|scfifo_pu31:auto_generated|a_dpfifo_cm31:dpfifo|cntr_d5b:rd_ptr_msb|_~0                                                                          ; 6       ;
; nios_system:U0|nios_system_sdram:sdram|m_state.000100000                                                                                                                                                                                                                                                     ; 6       ;
; nios_system:U0|nios_system_JTAG_UART:jtag_uart|nios_system_JTAG_UART_scfifo_w:the_nios_system_JTAG_UART_scfifo_w|scfifo:wfifo|scfifo_1n21:auto_generated|a_dpfifo_8t21:dpfifo|a_fefifo_7cf:fifo_state|_~0                                                                                                    ; 6       ;
; nios_system:U0|nios_system_JTAG_UART:jtag_uart|alt_jtag_atlantic:nios_system_JTAG_UART_alt_jtag_atlantic|t_ena~reg0                                                                                                                                                                                          ; 6       ;
; nios_system:U0|nios_system_sdram:sdram|m_state.010000000                                                                                                                                                                                                                                                     ; 6       ;
; nios_system:U0|nios_system_sdram:sdram|WideOr9~0                                                                                                                                                                                                                                                             ; 6       ;
; nios_system:U0|nios_system_Interval_timer:interval_timer|period_l_wr_strobe~2                                                                                                                                                                                                                                ; 6       ;
; nios_system:U0|nios_system_cpu:cpu|W_ienable_reg_nxt~0                                                                                                                                                                                                                                                       ; 6       ;
; nios_system:U0|nios_system_rsp_xbar_mux_001:rsp_xbar_mux_001|src_payload~24                                                                                                                                                                                                                                  ; 6       ;
; nios_system:U0|nios_system_cpu:cpu|nios_system_cpu_nios2_oci:the_nios_system_cpu_nios2_oci|address[0]                                                                                                                                                                                                        ; 6       ;
; nios_system:U0|nios_system_cpu:cpu|nios_system_cpu_nios2_oci:the_nios_system_cpu_nios2_oci|nios_system_cpu_nios2_ocimem:the_nios_system_cpu_nios2_ocimem|MonAReg[2]                                                                                                                                          ; 6       ;
; nios_system:U0|nios_system_cpu:cpu|nios_system_cpu_nios2_oci:the_nios_system_cpu_nios2_oci|nios_system_cpu_nios2_ocimem:the_nios_system_cpu_nios2_ocimem|MonAReg[3]                                                                                                                                          ; 6       ;
; nios_system:U0|nios_system_cpu:cpu|nios_system_cpu_nios2_oci:the_nios_system_cpu_nios2_oci|nios_system_cpu_nios2_ocimem:the_nios_system_cpu_nios2_ocimem|MonAReg[4]                                                                                                                                          ; 6       ;
; nios_system:U0|nios_system_sdram_s1_translator_avalon_universal_slave_0_agent_rsp_fifo:sdram_s1_translator_avalon_universal_slave_0_agent_rsp_fifo|altera_avalon_sc_fifo:sdram_s1_translator_avalon_universal_slave_0_agent_rsp_fifo|mem_used[6]~4                                                           ; 6       ;
; nios_system:U0|nios_system_sdram_s1_translator_avalon_universal_slave_0_agent_rdata_fifo:sdram_s1_translator_avalon_universal_slave_0_agent_rdata_fifo|altera_avalon_sc_fifo:sdram_s1_translator_avalon_universal_slave_0_agent_rdata_fifo|rd_ptr[0]                                                         ; 6       ;
; nios_system:U0|nios_system_cpu:cpu|D_ctrl_b_is_dst~1                                                                                                                                                                                                                                                         ; 6       ;
; nios_system:U0|nios_system_sdram_s1_translator_avalon_universal_slave_0_agent_rsp_fifo:sdram_s1_translator_avalon_universal_slave_0_agent_rsp_fifo|altera_avalon_sc_fifo:sdram_s1_translator_avalon_universal_slave_0_agent_rsp_fifo|write~0                                                                 ; 6       ;
; nios_system:U0|nios_system_cpu:cpu|R_ctrl_exception                                                                                                                                                                                                                                                          ; 6       ;
; nios_system:U0|nios_system_cpu:cpu|R_ctrl_break                                                                                                                                                                                                                                                              ; 6       ;
; nios_system:U0|nios_system_cmd_xbar_demux_001:cmd_xbar_demux_001|src2_valid~0                                                                                                                                                                                                                                ; 6       ;
; nios_system:U0|nios_system_cpu:cpu|R_valid                                                                                                                                                                                                                                                                   ; 6       ;
; nios_system:U0|nios_system_cpu:cpu|d_writedata[23]                                                                                                                                                                                                                                                           ; 6       ;
; nios_system:U0|nios_system_cpu:cpu|d_writedata[22]                                                                                                                                                                                                                                                           ; 6       ;
; nios_system:U0|nios_system_cpu:cpu|d_writedata[21]                                                                                                                                                                                                                                                           ; 6       ;
; nios_system:U0|nios_system_cpu:cpu|d_writedata[20]                                                                                                                                                                                                                                                           ; 6       ;
; nios_system:U0|nios_system_cpu:cpu|d_writedata[19]                                                                                                                                                                                                                                                           ; 6       ;
; nios_system:U0|nios_system_cpu:cpu|d_writedata[18]                                                                                                                                                                                                                                                           ; 6       ;
; nios_system:U0|nios_system_cpu:cpu|d_writedata[17]                                                                                                                                                                                                                                                           ; 6       ;
; nios_system:U0|nios_system_cmd_xbar_mux:cmd_xbar_mux_003|altera_merlin_arbitrator:arb|grant[0]~3                                                                                                                                                                                                             ; 6       ;
; nios_system:U0|nios_system_width_adapter:width_adapter_002|altera_merlin_width_adapter:width_adapter|count[0]                                                                                                                                                                                                ; 6       ;
; nios_system:U0|nios_system_cmd_xbar_mux:cmd_xbar_mux|altera_merlin_arbitrator:arb|top_priority_reg[0]                                                                                                                                                                                                        ; 6       ;
; nios_system:U0|nios_system_cmd_xbar_mux:cmd_xbar_mux|altera_merlin_arbitrator:arb|top_priority_reg[1]                                                                                                                                                                                                        ; 6       ;
; nios_system:U0|nios_system_cpu_jtag_debug_module_translator_avalon_universal_slave_0_agent_rsp_fifo:onchip_memory_s2_translator_avalon_universal_slave_0_agent_rsp_fifo|altera_avalon_sc_fifo:cpu_jtag_debug_module_translator_avalon_universal_slave_0_agent_rsp_fifo|mem_used[1]                           ; 6       ;
; nios_system:U0|nios_system_cpu_jtag_debug_module_translator_avalon_universal_slave_0_agent_rsp_fifo:hex3_hex0_avalon_parallel_port_slave_translator_avalon_universal_slave_0_agent_rsp_fifo|altera_avalon_sc_fifo:cpu_jtag_debug_module_translator_avalon_universal_slave_0_agent_rsp_fifo|mem_used[1]       ; 6       ;
; nios_system:U0|nios_system_cpu_jtag_debug_module_translator_avalon_universal_slave_0_agent_rsp_fifo:serial_port_avalon_rs232_slave_translator_avalon_universal_slave_0_agent_rsp_fifo|altera_avalon_sc_fifo:cpu_jtag_debug_module_translator_avalon_universal_slave_0_agent_rsp_fifo|mem_used[1]             ; 6       ;
; nios_system:U0|nios_system_addr_router_001:addr_router_001|Equal12~1                                                                                                                                                                                                                                         ; 6       ;
; nios_system:U0|nios_system_cmd_xbar_demux_001:cmd_xbar_demux_001|src1_valid~1                                                                                                                                                                                                                                ; 6       ;
; nios_system:U0|nios_system_width_adapter:width_adapter|altera_merlin_width_adapter:width_adapter|count[0]                                                                                                                                                                                                    ; 6       ;
; nios_system:U0|nios_system_cmd_xbar_demux:cmd_xbar_demux|src2_valid~1                                                                                                                                                                                                                                        ; 6       ;
; nios_system:U0|nios_system_cpu_instruction_master_translator:cpu_instruction_master_translator|altera_merlin_master_translator:cpu_instruction_master_translator|read_accepted                                                                                                                               ; 6       ;
; nios_system:U0|nios_system_sdram_s1_translator_avalon_universal_slave_0_agent:reg16_avalon_interface_0_avalon_slave_0_translator_avalon_universal_slave_0_agent|altera_merlin_slave_agent:sdram_s1_translator_avalon_universal_slave_0_agent|comb~0                                                          ; 6       ;
; nios_system:U0|nios_system_sdram_s1_translator_avalon_universal_slave_0_agent_rsp_fifo:reg16_avalon_interface_0_avalon_slave_0_translator_avalon_universal_slave_0_agent_rsp_fifo|altera_avalon_sc_fifo:sdram_s1_translator_avalon_universal_slave_0_agent_rsp_fifo|mem[0][86]                               ; 6       ;
; nios_system:U0|nios_system_sdram_s1_translator_avalon_universal_slave_0_agent_rsp_fifo:reg16_avalon_interface_0_avalon_slave_0_translator_avalon_universal_slave_0_agent_rsp_fifo|altera_avalon_sc_fifo:sdram_s1_translator_avalon_universal_slave_0_agent_rsp_fifo|mem_used[0]                              ; 6       ;
; nios_system:U0|nios_system_sdram_s1_translator_avalon_universal_slave_0_agent_rsp_fifo:sram_avalon_sram_slave_translator_avalon_universal_slave_0_agent_rsp_fifo|altera_avalon_sc_fifo:sdram_s1_translator_avalon_universal_slave_0_agent_rsp_fifo|mem_used[0]                                               ; 6       ;
; nios_system:U0|nios_system_cpu:cpu|W_alu_result[31]~29                                                                                                                                                                                                                                                       ; 6       ;
; nios_system:U0|nios_system_cpu:cpu|W_alu_result[31]~28                                                                                                                                                                                                                                                       ; 6       ;
; nios_system:U0|nios_system_cpu:cpu|d_writedata[16]                                                                                                                                                                                                                                                           ; 6       ;
; nios_system:U0|nios_system_addr_router_001:addr_router_001|Equal3~3                                                                                                                                                                                                                                          ; 6       ;
; nios_system:U0|nios_system_cpu:cpu|W_alu_result[28]                                                                                                                                                                                                                                                          ; 6       ;
; nios_system:U0|nios_system_Serial_port:serial_port|altera_up_rs232_in_deserializer:RS232_In_Deserializer|altera_up_sync_fifo:RS232_In_FIFO|scfifo:Sync_FIFO|scfifo_pu31:auto_generated|a_dpfifo_cm31:dpfifo|full_dff                                                                                         ; 6       ;
; nios_system:U0|nios_system_JTAG_UART:jtag_uart|nios_system_JTAG_UART_scfifo_r:the_nios_system_JTAG_UART_scfifo_r|scfifo:rfifo|scfifo_1n21:auto_generated|a_dpfifo_8t21:dpfifo|a_fefifo_7cf:fifo_state|cntr_rj7:count_usedw|safe_q[0]                                                                         ; 6       ;
; nios_system:U0|nios_system_cpu:cpu|d_writedata[31]                                                                                                                                                                                                                                                           ; 6       ;
; nios_system:U0|nios_system_cpu:cpu|d_writedata[30]                                                                                                                                                                                                                                                           ; 6       ;
; nios_system:U0|nios_system_cpu:cpu|d_writedata[29]                                                                                                                                                                                                                                                           ; 6       ;
; nios_system:U0|nios_system_cpu:cpu|d_writedata[28]                                                                                                                                                                                                                                                           ; 6       ;
; nios_system:U0|nios_system_cpu:cpu|d_writedata[27]                                                                                                                                                                                                                                                           ; 6       ;
; nios_system:U0|nios_system_cpu:cpu|d_writedata[26]                                                                                                                                                                                                                                                           ; 6       ;
; nios_system:U0|nios_system_cpu:cpu|d_writedata[25]                                                                                                                                                                                                                                                           ; 6       ;
; nios_system:U0|nios_system_cpu:cpu|d_writedata[24]                                                                                                                                                                                                                                                           ; 6       ;
; nios_system:U0|nios_system_cpu:cpu|W_alu_result[23]                                                                                                                                                                                                                                                          ; 6       ;
; sld_hub:auto_hub|sld_jtag_hub:\jtag_hub_gen:sld_jtag_hub_inst|sld_rom_sr:hub_info_reg|word_counter[4]~9                                                                                                                                                                                                      ; 5       ;
; sld_hub:auto_hub|sld_jtag_hub:\jtag_hub_gen:sld_jtag_hub_inst|sld_rom_sr:hub_info_reg|word_counter[4]~8                                                                                                                                                                                                      ; 5       ;
; sld_hub:auto_hub|sld_jtag_hub:\jtag_hub_gen:sld_jtag_hub_inst|mixer_addr_reg[0]~17                                                                                                                                                                                                                           ; 5       ;
; sld_hub:auto_hub|sld_jtag_hub:\jtag_hub_gen:sld_jtag_hub_inst|mixer_addr_reg[0]~16                                                                                                                                                                                                                           ; 5       ;
; sld_hub:auto_hub|sld_jtag_hub:\jtag_hub_gen:sld_jtag_hub_inst|shadow_irf_reg[2][0]~9                                                                                                                                                                                                                         ; 5       ;
; sld_hub:auto_hub|sld_jtag_hub:\jtag_hub_gen:sld_jtag_hub_inst|shadow_irf_reg[1][0]~2                                                                                                                                                                                                                         ; 5       ;
; sld_hub:auto_hub|sld_jtag_hub:\jtag_hub_gen:sld_jtag_hub_inst|irsr_reg[2]~4                                                                                                                                                                                                                                  ; 5       ;
; sld_hub:auto_hub|sld_jtag_hub:\jtag_hub_gen:sld_jtag_hub_inst|irsr_reg[3]~0                                                                                                                                                                                                                                  ; 5       ;
; sld_hub:auto_hub|sld_jtag_hub:\jtag_hub_gen:sld_jtag_hub_inst|virtual_dr_scan_reg                                                                                                                                                                                                                            ; 5       ;
; sld_hub:auto_hub|sld_jtag_hub:\jtag_hub_gen:sld_jtag_hub_inst|irf_reg[2][0]~12                                                                                                                                                                                                                               ; 5       ;
; sld_hub:auto_hub|sld_jtag_hub:\jtag_hub_gen:sld_jtag_hub_inst|irf_reg[1][0]~5                                                                                                                                                                                                                                ; 5       ;
; sld_hub:auto_hub|sld_jtag_hub:\jtag_hub_gen:sld_jtag_hub_inst|irf_proc~0                                                                                                                                                                                                                                     ; 5       ;
; sld_hub:auto_hub|sld_jtag_hub:\jtag_hub_gen:sld_jtag_hub_inst|hub_info_reg_ena~0                                                                                                                                                                                                                             ; 5       ;
; sld_hub:auto_hub|sld_jtag_hub:\jtag_hub_gen:sld_jtag_hub_inst|sld_rom_sr:hub_info_reg|word_counter[1]                                                                                                                                                                                                        ; 5       ;
; sld_hub:auto_hub|sld_jtag_hub:\jtag_hub_gen:sld_jtag_hub_inst|sld_rom_sr:hub_info_reg|word_counter[3]                                                                                                                                                                                                        ; 5       ;
; nios_system:U0|nios_system_Interval_timer:interval_timer|control_wr_strobe                                                                                                                                                                                                                                   ; 5       ;
; nios_system:U0|nios_system_sdram:sdram|pending                                                                                                                                                                                                                                                               ; 5       ;
; nios_system:U0|nios_system_sdram:sdram|i_count[2]                                                                                                                                                                                                                                                            ; 5       ;
; nios_system:U0|nios_system_Serial_port:serial_port|altera_up_rs232_in_deserializer:RS232_In_Deserializer|altera_up_rs232_counters:RS232_In_Counters|all_bits_transmitted                                                                                                                                     ; 5       ;
; nios_system:U0|nios_system_Expansion_JP1:expansion_jp1|always4~0                                                                                                                                                                                                                                             ; 5       ;
; nios_system:U0|nios_system_JTAG_UART:jtag_uart|fifo_rd~0                                                                                                                                                                                                                                                     ; 5       ;
; nios_system:U0|nios_system_cpu:cpu|nios_system_cpu_nios2_oci:the_nios_system_cpu_nios2_oci|nios_system_cpu_nios2_avalon_reg:the_nios_system_cpu_nios2_avalon_reg|Equal0~1                                                                                                                                    ; 5       ;
; nios_system:U0|nios_system_cpu:cpu|nios_system_cpu_nios2_oci:the_nios_system_cpu_nios2_oci|nios_system_cpu_nios2_avalon_reg:the_nios_system_cpu_nios2_avalon_reg|Equal0~0                                                                                                                                    ; 5       ;
; nios_system:U0|nios_system_JTAG_UART:jtag_uart|alt_jtag_atlantic:nios_system_JTAG_UART_alt_jtag_atlantic|write_stalled~1                                                                                                                                                                                     ; 5       ;
; nios_system:U0|nios_system_cpu:cpu|nios_system_cpu_nios2_oci:the_nios_system_cpu_nios2_oci|nios_system_cpu_jtag_debug_module_wrapper:the_nios_system_cpu_jtag_debug_module_wrapper|nios_system_cpu_jtag_debug_module_sysclk:the_nios_system_cpu_jtag_debug_module_sysclk|jdo[17]                             ; 5       ;
; nios_system:U0|nios_system_sdram_s1_translator_avalon_universal_slave_0_agent_rdata_fifo:sdram_s1_translator_avalon_universal_slave_0_agent_rdata_fifo|altera_avalon_sc_fifo:sdram_s1_translator_avalon_universal_slave_0_agent_rdata_fifo|rd_ptr[1]                                                         ; 5       ;
; nios_system:U0|nios_system_width_adapter_001:width_adapter_003|altera_merlin_width_adapter:width_adapter_001|ShiftLeft2~11                                                                                                                                                                                   ; 5       ;
; nios_system:U0|nios_system_width_adapter_001:width_adapter_003|altera_merlin_width_adapter:width_adapter_001|ShiftLeft2~10                                                                                                                                                                                   ; 5       ;
; nios_system:U0|nios_system_width_adapter_001:width_adapter_003|altera_merlin_width_adapter:width_adapter_001|ShiftLeft2~8                                                                                                                                                                                    ; 5       ;
; nios_system:U0|nios_system_width_adapter_001:width_adapter_003|altera_merlin_width_adapter:width_adapter_001|ShiftLeft2~7                                                                                                                                                                                    ; 5       ;
; nios_system:U0|nios_system_cpu:cpu|nios_system_cpu_nios2_oci:the_nios_system_cpu_nios2_oci|nios_system_cpu_jtag_debug_module_wrapper:the_nios_system_cpu_jtag_debug_module_wrapper|nios_system_cpu_jtag_debug_module_sysclk:the_nios_system_cpu_jtag_debug_module_sysclk|jdo[34]                             ; 5       ;
; nios_system:U0|nios_system_cpu:cpu|Equal101~6                                                                                                                                                                                                                                                                ; 5       ;
; nios_system:U0|nios_system_cpu:cpu|D_dst_regnum[4]~1                                                                                                                                                                                                                                                         ; 5       ;
; nios_system:U0|nios_system_JTAG_UART:jtag_uart|alt_jtag_atlantic:nios_system_JTAG_UART_alt_jtag_atlantic|jupdate~0                                                                                                                                                                                           ; 5       ;
; nios_system:U0|nios_system_JTAG_UART:jtag_uart|alt_jtag_atlantic:nios_system_JTAG_UART_alt_jtag_atlantic|td_shift~6                                                                                                                                                                                          ; 5       ;
; nios_system:U0|nios_system_sdram:sdram|f_pop                                                                                                                                                                                                                                                                 ; 5       ;
; nios_system:U0|nios_system_sdram_s1_translator_avalon_universal_slave_0_agent_rsp_fifo:reg16_avalon_interface_0_avalon_slave_0_translator_avalon_universal_slave_0_agent_rsp_fifo|altera_avalon_sc_fifo:sdram_s1_translator_avalon_universal_slave_0_agent_rsp_fifo|mem[0][54]                               ; 5       ;
; nios_system:U0|nios_system_sdram_s1_translator_avalon_universal_slave_0_agent_rsp_fifo:reg16_avalon_interface_0_avalon_slave_0_translator_avalon_universal_slave_0_agent_rsp_fifo|altera_avalon_sc_fifo:sdram_s1_translator_avalon_universal_slave_0_agent_rsp_fifo|always0~0                                ; 5       ;
; nios_system:U0|nios_system_sdram_s1_translator_avalon_universal_slave_0_agent_rdata_fifo:sdram_s1_translator_avalon_universal_slave_0_agent_rdata_fifo|altera_avalon_sc_fifo:sdram_s1_translator_avalon_universal_slave_0_agent_rdata_fifo|internal_out_valid                                                ; 5       ;
; nios_system:U0|nios_system_cpu:cpu|Equal2~0                                                                                                                                                                                                                                                                  ; 5       ;
; nios_system:U0|nios_system_cpu:cpu|hbreak_req~0                                                                                                                                                                                                                                                              ; 5       ;
; nios_system:U0|nios_system_cpu:cpu|W_status_reg_pie                                                                                                                                                                                                                                                          ; 5       ;
; nios_system:U0|nios_system_cmd_xbar_demux_001:cmd_xbar_demux_001|src0_valid~0                                                                                                                                                                                                                                ; 5       ;
; nios_system:U0|nios_system_cpu_jtag_debug_module_translator_avalon_universal_slave_0_agent_rsp_fifo:slider_switches_avalon_parallel_port_slave_translator_avalon_universal_slave_0_agent_rsp_fifo|altera_avalon_sc_fifo:cpu_jtag_debug_module_translator_avalon_universal_slave_0_agent_rsp_fifo|mem_used[1] ; 5       ;
; nios_system:U0|nios_system_HEX3_HEX0:hex3_hex0|always2~1                                                                                                                                                                                                                                                     ; 5       ;
; nios_system:U0|nios_system_Red_LEDs:red_leds|always2~0                                                                                                                                                                                                                                                       ; 5       ;
; nios_system:U0|nios_system_cpu_jtag_debug_module_translator_avalon_universal_slave_0_agent_rsp_fifo:interval_timer_s1_translator_avalon_universal_slave_0_agent_rsp_fifo|altera_avalon_sc_fifo:cpu_jtag_debug_module_translator_avalon_universal_slave_0_agent_rsp_fifo|mem_used[1]                          ; 5       ;
; nios_system:U0|nios_system_interval_timer_s1_translator:interval_timer_s1_translator|altera_merlin_slave_translator:interval_timer_s1_translator|wait_latency_counter[0]                                                                                                                                     ; 5       ;
; nios_system:U0|nios_system_cpu_jtag_debug_module_translator_avalon_universal_slave_0_agent_rsp_fifo:expansion_jp2_avalon_parallel_port_slave_translator_avalon_universal_slave_0_agent_rsp_fifo|altera_avalon_sc_fifo:cpu_jtag_debug_module_translator_avalon_universal_slave_0_agent_rsp_fifo|mem_used[1]   ; 5       ;
; nios_system:U0|nios_system_cpu_jtag_debug_module_translator_avalon_universal_slave_0_agent_rsp_fifo:expansion_jp1_avalon_parallel_port_slave_translator_avalon_universal_slave_0_agent_rsp_fifo|altera_avalon_sc_fifo:cpu_jtag_debug_module_translator_avalon_universal_slave_0_agent_rsp_fifo|mem_used[1]   ; 5       ;
; nios_system:U0|nios_system_addr_router_001:addr_router_001|Equal7~0                                                                                                                                                                                                                                          ; 5       ;
; nios_system:U0|nios_system_cpu:cpu|F_pc[23]                                                                                                                                                                                                                                                                  ; 5       ;
; nios_system:U0|nios_system_red_leds_avalon_parallel_port_slave_translator:slider_switches_avalon_parallel_port_slave_translator|altera_merlin_slave_translator:red_leds_avalon_parallel_port_slave_translator|read_latency_shift_reg[0]                                                                      ; 5       ;
; nios_system:U0|nios_system_sdram_s1_translator_avalon_universal_slave_0_agent_rsp_fifo:sram_avalon_sram_slave_translator_avalon_universal_slave_0_agent_rsp_fifo|altera_avalon_sc_fifo:sdram_s1_translator_avalon_universal_slave_0_agent_rsp_fifo|mem[0][86]                                                ; 5       ;
; nios_system:U0|nios_system_cpu:cpu|E_arith_result[0]~1                                                                                                                                                                                                                                                       ; 5       ;
; nios_system:U0|nios_system_cpu:cpu|E_arith_result[1]~0                                                                                                                                                                                                                                                       ; 5       ;
; nios_system:U0|nios_system_cpu:cpu|E_src2[0]                                                                                                                                                                                                                                                                 ; 5       ;
; nios_system:U0|nios_system_cpu:cpu|E_src1[1]                                                                                                                                                                                                                                                                 ; 5       ;
; nios_system:U0|nios_system_width_adapter:width_adapter_004|altera_merlin_width_adapter:width_adapter|count[0]                                                                                                                                                                                                ; 5       ;
; nios_system:U0|nios_system_sdram_s1_translator_avalon_universal_slave_0_agent:reg16_avalon_interface_0_avalon_slave_0_translator_avalon_universal_slave_0_agent|altera_merlin_slave_agent:sdram_s1_translator_avalon_universal_slave_0_agent|m0_write~1                                                      ; 5       ;
; nios_system:U0|nios_system_Serial_port:serial_port|altera_up_rs232_out_serializer:RS232_Out_Serializer|altera_up_sync_fifo:RS232_Out_FIFO|scfifo:Sync_FIFO|scfifo_pu31:auto_generated|a_dpfifo_cm31:dpfifo|full_dff                                                                                          ; 5       ;
; nios_system:U0|nios_system_JTAG_UART:jtag_uart|nios_system_JTAG_UART_scfifo_r:the_nios_system_JTAG_UART_scfifo_r|scfifo:rfifo|scfifo_1n21:auto_generated|a_dpfifo_8t21:dpfifo|a_fefifo_7cf:fifo_state|cntr_rj7:count_usedw|safe_q[5]                                                                         ; 5       ;
; nios_system:U0|nios_system_JTAG_UART:jtag_uart|nios_system_JTAG_UART_scfifo_r:the_nios_system_JTAG_UART_scfifo_r|scfifo:rfifo|scfifo_1n21:auto_generated|a_dpfifo_8t21:dpfifo|a_fefifo_7cf:fifo_state|cntr_rj7:count_usedw|safe_q[4]                                                                         ; 5       ;
; nios_system:U0|nios_system_JTAG_UART:jtag_uart|nios_system_JTAG_UART_scfifo_r:the_nios_system_JTAG_UART_scfifo_r|scfifo:rfifo|scfifo_1n21:auto_generated|a_dpfifo_8t21:dpfifo|a_fefifo_7cf:fifo_state|cntr_rj7:count_usedw|safe_q[1]                                                                         ; 5       ;
; nios_system:U0|nios_system_JTAG_UART:jtag_uart|nios_system_JTAG_UART_scfifo_r:the_nios_system_JTAG_UART_scfifo_r|scfifo:rfifo|scfifo_1n21:auto_generated|a_dpfifo_8t21:dpfifo|a_fefifo_7cf:fifo_state|cntr_rj7:count_usedw|safe_q[2]                                                                         ; 5       ;
; nios_system:U0|nios_system_JTAG_UART:jtag_uart|nios_system_JTAG_UART_scfifo_r:the_nios_system_JTAG_UART_scfifo_r|scfifo:rfifo|scfifo_1n21:auto_generated|a_dpfifo_8t21:dpfifo|a_fefifo_7cf:fifo_state|cntr_rj7:count_usedw|safe_q[3]                                                                         ; 5       ;
; nios_system:U0|nios_system_JTAG_UART:jtag_uart|nios_system_JTAG_UART_scfifo_w:the_nios_system_JTAG_UART_scfifo_w|scfifo:wfifo|scfifo_1n21:auto_generated|a_dpfifo_8t21:dpfifo|a_fefifo_7cf:fifo_state|cntr_rj7:count_usedw|safe_q[4]                                                                         ; 5       ;
; nios_system:U0|nios_system_JTAG_UART:jtag_uart|nios_system_JTAG_UART_scfifo_w:the_nios_system_JTAG_UART_scfifo_w|scfifo:wfifo|scfifo_1n21:auto_generated|a_dpfifo_8t21:dpfifo|a_fefifo_7cf:fifo_state|cntr_rj7:count_usedw|safe_q[5]                                                                         ; 5       ;
; nios_system:U0|nios_system_JTAG_UART:jtag_uart|nios_system_JTAG_UART_scfifo_w:the_nios_system_JTAG_UART_scfifo_w|scfifo:wfifo|scfifo_1n21:auto_generated|a_dpfifo_8t21:dpfifo|a_fefifo_7cf:fifo_state|cntr_rj7:count_usedw|safe_q[1]                                                                         ; 5       ;
; nios_system:U0|nios_system_JTAG_UART:jtag_uart|nios_system_JTAG_UART_scfifo_w:the_nios_system_JTAG_UART_scfifo_w|scfifo:wfifo|scfifo_1n21:auto_generated|a_dpfifo_8t21:dpfifo|a_fefifo_7cf:fifo_state|cntr_rj7:count_usedw|safe_q[2]                                                                         ; 5       ;
; nios_system:U0|nios_system_JTAG_UART:jtag_uart|nios_system_JTAG_UART_scfifo_w:the_nios_system_JTAG_UART_scfifo_w|scfifo:wfifo|scfifo_1n21:auto_generated|a_dpfifo_8t21:dpfifo|a_fefifo_7cf:fifo_state|cntr_rj7:count_usedw|safe_q[0]                                                                         ; 5       ;
; nios_system:U0|nios_system_JTAG_UART:jtag_uart|nios_system_JTAG_UART_scfifo_w:the_nios_system_JTAG_UART_scfifo_w|scfifo:wfifo|scfifo_1n21:auto_generated|a_dpfifo_8t21:dpfifo|a_fefifo_7cf:fifo_state|cntr_rj7:count_usedw|safe_q[3]                                                                         ; 5       ;
; nios_system:U0|nios_system_JTAG_UART:jtag_uart|alt_jtag_atlantic:nios_system_JTAG_UART_alt_jtag_atlantic|td_shift[9]                                                                                                                                                                                         ; 5       ;
; nios_system:U0|nios_system_cpu:cpu|F_pc[17]                                                                                                                                                                                                                                                                  ; 5       ;
; nios_system:U0|nios_system_cpu:cpu|F_pc[18]                                                                                                                                                                                                                                                                  ; 5       ;
; nios_system:U0|nios_system_cpu:cpu|F_pc[19]                                                                                                                                                                                                                                                                  ; 5       ;
; nios_system:U0|nios_system_cpu:cpu|F_pc[22]                                                                                                                                                                                                                                                                  ; 5       ;
; nios_system:U0|nios_system_cpu:cpu|E_src1[8]                                                                                                                                                                                                                                                                 ; 5       ;
; nios_system:U0|nios_system_cpu:cpu|E_src1[10]                                                                                                                                                                                                                                                                ; 5       ;
; nios_system:U0|nios_system_cpu:cpu|E_src1[11]                                                                                                                                                                                                                                                                ; 5       ;
; nios_system:U0|nios_system_cpu:cpu|E_src1[12]                                                                                                                                                                                                                                                                ; 5       ;
; nios_system:U0|nios_system_cpu:cpu|W_alu_result[19]                                                                                                                                                                                                                                                          ; 5       ;
; KEY[0]                                                                                                                                                                                                                                                                                                       ; 4       ;
; sld_hub:auto_hub|sld_jtag_hub:\jtag_hub_gen:sld_jtag_hub_inst|identity_contrib_shift_reg[0]~4                                                                                                                                                                                                                ; 4       ;
; sld_hub:auto_hub|sld_jtag_hub:\jtag_hub_gen:sld_jtag_hub_inst|identity_contrib_update_reg[0]~0                                                                                                                                                                                                               ; 4       ;
; sld_hub:auto_hub|sld_jtag_hub:\jtag_hub_gen:sld_jtag_hub_inst|sld_rom_sr:hub_info_reg|WORD_SR[0]~7                                                                                                                                                                                                           ; 4       ;
; sld_hub:auto_hub|sld_jtag_hub:\jtag_hub_gen:sld_jtag_hub_inst|hub_mode_reg[0]                                                                                                                                                                                                                                ; 4       ;
; sld_hub:auto_hub|sld_jtag_hub:\jtag_hub_gen:sld_jtag_hub_inst|design_hash_proc~0                                                                                                                                                                                                                             ; 4       ;
; sld_hub:auto_hub|sld_jtag_hub:\jtag_hub_gen:sld_jtag_hub_inst|node_ena_proc~1                                                                                                                                                                                                                                ; 4       ;
; sld_hub:auto_hub|sld_jtag_hub:\jtag_hub_gen:sld_jtag_hub_inst|node_ena_proc~0                                                                                                                                                                                                                                ; 4       ;
; sld_hub:auto_hub|sld_jtag_hub:\jtag_hub_gen:sld_jtag_hub_inst|sld_shadow_jsm:shadow_jsm|state[15]                                                                                                                                                                                                            ; 4       ;
; sld_hub:auto_hub|sld_jtag_hub:\jtag_hub_gen:sld_jtag_hub_inst|sld_shadow_jsm:shadow_jsm|state[1]                                                                                                                                                                                                             ; 4       ;
; nios_system:U0|nios_system_sdram:sdram|m_next~19                                                                                                                                                                                                                                                             ; 4       ;
; nios_system:U0|nios_system_cmd_xbar_mux:cmd_xbar_mux_002|WideOr1                                                                                                                                                                                                                                             ; 4       ;
; nios_system:U0|nios_system_cpu:cpu|av_ld_getting_data~15                                                                                                                                                                                                                                                     ; 4       ;
; nios_system:U0|nios_system_sdram_s1_translator_avalon_universal_slave_0_agent:reg16_avalon_interface_0_avalon_slave_0_translator_avalon_universal_slave_0_agent|altera_merlin_slave_agent:sdram_s1_translator_avalon_universal_slave_0_agent|m0_read~2                                                       ; 4       ;
; nios_system:U0|nios_system_Serial_port:serial_port|altera_up_rs232_out_serializer:RS232_Out_Serializer|altera_up_rs232_counters:RS232_Out_Counters|Equal0~2                                                                                                                                                  ; 4       ;
; nios_system:U0|nios_system_Serial_port:serial_port|altera_up_rs232_out_serializer:RS232_Out_Serializer|altera_up_rs232_counters:RS232_Out_Counters|bit_counter[2]~0                                                                                                                                          ; 4       ;
; nios_system:U0|nios_system_sdram:sdram|i_refs[0]                                                                                                                                                                                                                                                             ; 4       ;
; nios_system:U0|nios_system_Serial_port:serial_port|altera_up_rs232_out_serializer:RS232_Out_Serializer|altera_up_rs232_counters:RS232_Out_Counters|bit_counter[3]                                                                                                                                            ; 4       ;
; nios_system:U0|nios_system_Serial_port:serial_port|altera_up_rs232_out_serializer:RS232_Out_Serializer|altera_up_rs232_counters:RS232_Out_Counters|bit_counter[0]                                                                                                                                            ; 4       ;
; nios_system:U0|nios_system_Serial_port:serial_port|altera_up_rs232_out_serializer:RS232_Out_Serializer|altera_up_rs232_counters:RS232_Out_Counters|bit_counter[2]                                                                                                                                            ; 4       ;
; nios_system:U0|nios_system_Serial_port:serial_port|altera_up_rs232_in_deserializer:RS232_In_Deserializer|altera_up_rs232_counters:RS232_In_Counters|Equal0~2                                                                                                                                                 ; 4       ;
; nios_system:U0|nios_system_Serial_port:serial_port|altera_up_rs232_in_deserializer:RS232_In_Deserializer|altera_up_rs232_counters:RS232_In_Counters|bit_counter[1]~0                                                                                                                                         ; 4       ;
; nios_system:U0|nios_system_sdram:sdram|i_count[0]                                                                                                                                                                                                                                                            ; 4       ;
; nios_system:U0|nios_system_Serial_port:serial_port|altera_up_rs232_in_deserializer:RS232_In_Deserializer|altera_up_rs232_counters:RS232_In_Counters|bit_counter[3]                                                                                                                                           ; 4       ;
; nios_system:U0|nios_system_Serial_port:serial_port|altera_up_rs232_in_deserializer:RS232_In_Deserializer|altera_up_rs232_counters:RS232_In_Counters|bit_counter[0]                                                                                                                                           ; 4       ;
; nios_system:U0|nios_system_Serial_port:serial_port|altera_up_rs232_in_deserializer:RS232_In_Deserializer|altera_up_rs232_counters:RS232_In_Counters|bit_counter[2]                                                                                                                                           ; 4       ;
; nios_system:U0|nios_system_sdram:sdram|i_count[1]~0                                                                                                                                                                                                                                                          ; 4       ;
; nios_system:U0|nios_system_Serial_port:serial_port|altera_up_rs232_in_deserializer:RS232_In_Deserializer|altera_up_sync_fifo:RS232_In_FIFO|scfifo:Sync_FIFO|scfifo_pu31:auto_generated|a_dpfifo_cm31:dpfifo|rd_ptr_lsb                                                                                       ; 4       ;
; nios_system:U0|nios_system_Expansion_JP2:expansion_jp2|always4~0                                                                                                                                                                                                                                             ; 4       ;
; nios_system:U0|nios_system_Pushbuttons:pushbuttons|interrupt[3]~0                                                                                                                                                                                                                                            ; 4       ;
; nios_system:U0|nios_system_Expansion_JP1:expansion_jp1|always4~1                                                                                                                                                                                                                                             ; 4       ;
; nios_system:U0|nios_system_Interval_timer:interval_timer|Equal6~4                                                                                                                                                                                                                                            ; 4       ;
; nios_system:U0|nios_system_sdram:sdram|m_state.001000000                                                                                                                                                                                                                                                     ; 4       ;
; nios_system:U0|nios_system_sdram:sdram|m_state.000000010                                                                                                                                                                                                                                                     ; 4       ;
; nios_system:U0|nios_system_cpu:cpu|nios_system_cpu_nios2_oci:the_nios_system_cpu_nios2_oci|nios_system_cpu_nios2_avalon_reg:the_nios_system_cpu_nios2_avalon_reg|Equal0~2                                                                                                                                    ; 4       ;
; nios_system:U0|nios_system_cpu:cpu|nios_system_cpu_nios2_oci:the_nios_system_cpu_nios2_oci|readdata~2                                                                                                                                                                                                        ; 4       ;
; nios_system:U0|nios_system_Interval_timer:interval_timer|Equal6~0                                                                                                                                                                                                                                            ; 4       ;
; nios_system:U0|nios_system_Interval_timer:interval_timer|Equal0~10                                                                                                                                                                                                                                           ; 4       ;
; nios_system:U0|nios_system_Pushbuttons:pushbuttons|readdata[0]~1                                                                                                                                                                                                                                             ; 4       ;
; nios_system:U0|nios_system_cpu:cpu|E_control_rd_data[8]~4                                                                                                                                                                                                                                                    ; 4       ;
; nios_system:U0|nios_system_sdram_s1_translator_avalon_universal_slave_0_agent_rdata_fifo:sdram_s1_translator_avalon_universal_slave_0_agent_rdata_fifo|altera_avalon_sc_fifo:sdram_s1_translator_avalon_universal_slave_0_agent_rdata_fifo|read~0                                                            ; 4       ;
; nios_system:U0|nios_system_sdram_s1_translator_avalon_universal_slave_0_agent_rdata_fifo:sdram_s1_translator_avalon_universal_slave_0_agent_rdata_fifo|altera_avalon_sc_fifo:sdram_s1_translator_avalon_universal_slave_0_agent_rdata_fifo|out_payload[12]                                                   ; 4       ;
; nios_system:U0|nios_system_sdram_s1_translator_avalon_universal_slave_0_agent_rdata_fifo:sdram_s1_translator_avalon_universal_slave_0_agent_rdata_fifo|altera_avalon_sc_fifo:sdram_s1_translator_avalon_universal_slave_0_agent_rdata_fifo|out_payload[13]                                                   ; 4       ;
; nios_system:U0|nios_system_sdram_s1_translator_avalon_universal_slave_0_agent_rdata_fifo:sdram_s1_translator_avalon_universal_slave_0_agent_rdata_fifo|altera_avalon_sc_fifo:sdram_s1_translator_avalon_universal_slave_0_agent_rdata_fifo|out_payload[11]                                                   ; 4       ;
; nios_system:U0|nios_system_sdram_s1_translator_avalon_universal_slave_0_agent_rdata_fifo:sdram_s1_translator_avalon_universal_slave_0_agent_rdata_fifo|altera_avalon_sc_fifo:sdram_s1_translator_avalon_universal_slave_0_agent_rdata_fifo|out_payload[14]                                                   ; 4       ;
; nios_system:U0|nios_system_sdram_s1_translator_avalon_universal_slave_0_agent_rdata_fifo:sdram_s1_translator_avalon_universal_slave_0_agent_rdata_fifo|altera_avalon_sc_fifo:sdram_s1_translator_avalon_universal_slave_0_agent_rdata_fifo|out_payload[15]                                                   ; 4       ;
; nios_system:U0|nios_system_width_adapter_001:width_adapter_003|altera_merlin_width_adapter:width_adapter_001|ShiftLeft2~6                                                                                                                                                                                    ; 4       ;
; nios_system:U0|nios_system_sdram_s1_translator_avalon_universal_slave_0_agent_rdata_fifo:sdram_s1_translator_avalon_universal_slave_0_agent_rdata_fifo|altera_avalon_sc_fifo:sdram_s1_translator_avalon_universal_slave_0_agent_rdata_fifo|out_payload[2]                                                    ; 4       ;
; nios_system:U0|nios_system_width_adapter_001:width_adapter_003|altera_merlin_width_adapter:width_adapter_001|ShiftLeft2~5                                                                                                                                                                                    ; 4       ;
; nios_system:U0|nios_system_sdram_s1_translator_avalon_universal_slave_0_agent_rdata_fifo:sdram_s1_translator_avalon_universal_slave_0_agent_rdata_fifo|altera_avalon_sc_fifo:sdram_s1_translator_avalon_universal_slave_0_agent_rdata_fifo|out_payload[5]                                                    ; 4       ;
; nios_system:U0|nios_system_sdram_s1_translator_avalon_universal_slave_0_agent_rdata_fifo:sdram_s1_translator_avalon_universal_slave_0_agent_rdata_fifo|altera_avalon_sc_fifo:sdram_s1_translator_avalon_universal_slave_0_agent_rdata_fifo|out_payload[1]                                                    ; 4       ;
; nios_system:U0|nios_system_width_adapter_001:width_adapter_003|altera_merlin_width_adapter:width_adapter_001|ShiftLeft2~3                                                                                                                                                                                    ; 4       ;
; nios_system:U0|nios_system_sdram_s1_translator_avalon_universal_slave_0_agent_rdata_fifo:sdram_s1_translator_avalon_universal_slave_0_agent_rdata_fifo|altera_avalon_sc_fifo:sdram_s1_translator_avalon_universal_slave_0_agent_rdata_fifo|out_payload[10]                                                   ; 4       ;
; nios_system:U0|nios_system_width_adapter_001:width_adapter_003|altera_merlin_width_adapter:width_adapter_001|out_data[10]~7                                                                                                                                                                                  ; 4       ;
; nios_system:U0|nios_system_sdram_s1_translator_avalon_universal_slave_0_agent_rdata_fifo:sdram_s1_translator_avalon_universal_slave_0_agent_rdata_fifo|altera_avalon_sc_fifo:sdram_s1_translator_avalon_universal_slave_0_agent_rdata_fifo|out_payload[9]                                                    ; 4       ;
; nios_system:U0|nios_system_width_adapter_001:width_adapter_003|altera_merlin_width_adapter:width_adapter_001|out_data[9]~6                                                                                                                                                                                   ; 4       ;
; nios_system:U0|nios_system_sdram_s1_translator_avalon_universal_slave_0_agent_rdata_fifo:sdram_s1_translator_avalon_universal_slave_0_agent_rdata_fifo|altera_avalon_sc_fifo:sdram_s1_translator_avalon_universal_slave_0_agent_rdata_fifo|out_payload[8]                                                    ; 4       ;
; nios_system:U0|nios_system_width_adapter_001:width_adapter_003|altera_merlin_width_adapter:width_adapter_001|out_data[8]~5                                                                                                                                                                                   ; 4       ;
; nios_system:U0|nios_system_sdram_s1_translator_avalon_universal_slave_0_agent_rdata_fifo:sdram_s1_translator_avalon_universal_slave_0_agent_rdata_fifo|altera_avalon_sc_fifo:sdram_s1_translator_avalon_universal_slave_0_agent_rdata_fifo|out_payload[7]                                                    ; 4       ;
; nios_system:U0|nios_system_width_adapter_001:width_adapter_003|altera_merlin_width_adapter:width_adapter_001|out_data[7]~4                                                                                                                                                                                   ; 4       ;
; nios_system:U0|nios_system_sdram_s1_translator_avalon_universal_slave_0_agent_rdata_fifo:sdram_s1_translator_avalon_universal_slave_0_agent_rdata_fifo|altera_avalon_sc_fifo:sdram_s1_translator_avalon_universal_slave_0_agent_rdata_fifo|out_payload[6]                                                    ; 4       ;
; nios_system:U0|nios_system_width_adapter_001:width_adapter_003|altera_merlin_width_adapter:width_adapter_001|out_data[6]~3                                                                                                                                                                                   ; 4       ;
; nios_system:U0|nios_system_cpu:cpu|E_src1[29]                                                                                                                                                                                                                                                                ; 4       ;
; nios_system:U0|nios_system_cpu:cpu|E_src1[30]                                                                                                                                                                                                                                                                ; 4       ;
; nios_system:U0|nios_system_sdram_s1_translator_avalon_universal_slave_0_agent_rdata_fifo:sdram_s1_translator_avalon_universal_slave_0_agent_rdata_fifo|altera_avalon_sc_fifo:sdram_s1_translator_avalon_universal_slave_0_agent_rdata_fifo|out_payload[0]                                                    ; 4       ;
; nios_system:U0|nios_system_cpu:cpu|av_ld_align_cycle[0]                                                                                                                                                                                                                                                      ; 4       ;
; nios_system:U0|nios_system_JTAG_UART:jtag_uart|alt_jtag_atlantic:nios_system_JTAG_UART_alt_jtag_atlantic|td_shift[10]                                                                                                                                                                                        ; 4       ;
; nios_system:U0|nios_system_JTAG_UART:jtag_uart|alt_jtag_atlantic:nios_system_JTAG_UART_alt_jtag_atlantic|rvalid0                                                                                                                                                                                             ; 4       ;
; nios_system:U0|nios_system_sdram:sdram|nios_system_sdram_input_efifo_module:the_nios_system_sdram_input_efifo_module|rd_data[40]~1                                                                                                                                                                           ; 4       ;
; nios_system:U0|nios_system_cpu_jtag_debug_module_translator_avalon_universal_slave_0_agent_rsp_fifo:onchip_memory_s1_translator_avalon_universal_slave_0_agent_rsp_fifo|altera_avalon_sc_fifo:cpu_jtag_debug_module_translator_avalon_universal_slave_0_agent_rsp_fifo|mem_used[1]                           ; 4       ;
; nios_system:U0|nios_system_cpu_jtag_debug_module_translator_avalon_universal_slave_0_agent_rsp_fifo:pushbuttons_avalon_parallel_port_slave_translator_avalon_universal_slave_0_agent_rsp_fifo|altera_avalon_sc_fifo:cpu_jtag_debug_module_translator_avalon_universal_slave_0_agent_rsp_fifo|mem_used[0]     ; 4       ;
; nios_system:U0|nios_system_cpu_jtag_debug_module_translator_avalon_universal_slave_0_agent_rsp_fifo:hex3_hex0_avalon_parallel_port_slave_translator_avalon_universal_slave_0_agent_rsp_fifo|altera_avalon_sc_fifo:cpu_jtag_debug_module_translator_avalon_universal_slave_0_agent_rsp_fifo|mem_used[0]       ; 4       ;
; nios_system:U0|nios_system_cpu_jtag_debug_module_translator_avalon_universal_slave_0_agent_rsp_fifo:interval_timer_s1_translator_avalon_universal_slave_0_agent_rsp_fifo|altera_avalon_sc_fifo:cpu_jtag_debug_module_translator_avalon_universal_slave_0_agent_rsp_fifo|mem_used[0]                          ; 4       ;
; nios_system:U0|nios_system_cpu_jtag_debug_module_translator_avalon_universal_slave_0_agent_rsp_fifo:jtag_uart_avalon_jtag_slave_translator_avalon_universal_slave_0_agent_rsp_fifo|altera_avalon_sc_fifo:cpu_jtag_debug_module_translator_avalon_universal_slave_0_agent_rsp_fifo|mem_used[0]                ; 4       ;
; nios_system:U0|nios_system_cpu_jtag_debug_module_translator_avalon_universal_slave_0_agent_rsp_fifo:expansion_jp2_avalon_parallel_port_slave_translator_avalon_universal_slave_0_agent_rsp_fifo|altera_avalon_sc_fifo:cpu_jtag_debug_module_translator_avalon_universal_slave_0_agent_rsp_fifo|mem_used[0]   ; 4       ;
; nios_system:U0|nios_system_cpu_jtag_debug_module_translator_avalon_universal_slave_0_agent_rsp_fifo:expansion_jp1_avalon_parallel_port_slave_translator_avalon_universal_slave_0_agent_rsp_fifo|altera_avalon_sc_fifo:cpu_jtag_debug_module_translator_avalon_universal_slave_0_agent_rsp_fifo|mem_used[0]   ; 4       ;
; nios_system:U0|nios_system_cpu_jtag_debug_module_translator_avalon_universal_slave_0_agent:cpu_jtag_debug_module_translator_avalon_universal_slave_0_agent|altera_merlin_slave_agent:cpu_jtag_debug_module_translator_avalon_universal_slave_0_agent|local_read~2                                            ; 4       ;
; nios_system:U0|nios_system_sdram_s1_translator_avalon_universal_slave_0_agent_rsp_fifo:sram_avalon_sram_slave_translator_avalon_universal_slave_0_agent_rsp_fifo|altera_avalon_sc_fifo:sdram_s1_translator_avalon_universal_slave_0_agent_rsp_fifo|write~0                                                   ; 4       ;
; nios_system:U0|nios_system_sdram_s1_translator_avalon_universal_slave_0_agent:sram_avalon_sram_slave_translator_avalon_universal_slave_0_agent|altera_merlin_slave_agent:sdram_s1_translator_avalon_universal_slave_0_agent|local_read~2                                                                     ; 4       ;
; nios_system:U0|nios_system_sdram_s1_translator_avalon_universal_slave_0_agent_rdata_fifo:sram_avalon_sram_slave_translator_avalon_universal_slave_0_agent_rdata_fifo|altera_avalon_sc_fifo:sdram_s1_translator_avalon_universal_slave_0_agent_rdata_fifo|read~0                                              ; 4       ;
; nios_system:U0|nios_system_cmd_xbar_mux:cmd_xbar_mux_002|src_valid~1                                                                                                                                                                                                                                         ; 4       ;
; nios_system:U0|nios_system_addr_router:addr_router|Equal2~5                                                                                                                                                                                                                                                  ; 4       ;
; nios_system:U0|nios_system_cpu:cpu|R_ctrl_br_nxt~0                                                                                                                                                                                                                                                           ; 4       ;
; nios_system:U0|nios_system_cpu:cpu|D_iw[19]                                                                                                                                                                                                                                                                  ; 4       ;
; nios_system:U0|nios_system_cpu:cpu|D_iw[20]                                                                                                                                                                                                                                                                  ; 4       ;
; nios_system:U0|nios_system_cpu:cpu|D_iw[17]                                                                                                                                                                                                                                                                  ; 4       ;
; nios_system:U0|nios_system_cpu:cpu|D_ctrl_shift_logical~0                                                                                                                                                                                                                                                    ; 4       ;
; nios_system:U0|nios_system_cpu:cpu|D_iw[18]                                                                                                                                                                                                                                                                  ; 4       ;
; nios_system:U0|nios_system_cpu:cpu|Equal2~7                                                                                                                                                                                                                                                                  ; 4       ;
; nios_system:U0|nios_system_cpu:cpu|Equal2~6                                                                                                                                                                                                                                                                  ; 4       ;
; nios_system:U0|nios_system_sdram_s1_translator_avalon_universal_slave_0_agent_rdata_fifo:sdram_s1_translator_avalon_universal_slave_0_agent_rdata_fifo|altera_avalon_sc_fifo:sdram_s1_translator_avalon_universal_slave_0_agent_rdata_fifo|out_payload[3]                                                    ; 4       ;
; nios_system:U0|nios_system_sdram_s1_translator_avalon_universal_slave_0_agent_rdata_fifo:sdram_s1_translator_avalon_universal_slave_0_agent_rdata_fifo|altera_avalon_sc_fifo:sdram_s1_translator_avalon_universal_slave_0_agent_rdata_fifo|out_payload[4]                                                    ; 4       ;
; nios_system:U0|nios_system_cpu:cpu|nios_system_cpu_nios2_oci:the_nios_system_cpu_nios2_oci|nios_system_cpu_jtag_debug_module_wrapper:the_nios_system_cpu_jtag_debug_module_wrapper|sld_virtual_jtag_basic:nios_system_cpu_jtag_debug_module_phy|virtual_state_uir~0                                          ; 4       ;
; nios_system:U0|nios_system_JTAG_UART:jtag_uart|alt_jtag_atlantic:nios_system_JTAG_UART_alt_jtag_atlantic|count[1]                                                                                                                                                                                            ; 4       ;
; nios_system:U0|nios_system_JTAG_UART:jtag_uart|alt_jtag_atlantic:nios_system_JTAG_UART_alt_jtag_atlantic|user_saw_rvalid                                                                                                                                                                                     ; 4       ;
; nios_system:U0|nios_system_cmd_xbar_demux_001:cmd_xbar_demux_001|WideOr0~8                                                                                                                                                                                                                                   ; 4       ;
; nios_system:U0|nios_system_cmd_xbar_demux:cmd_xbar_demux|src0_valid~3                                                                                                                                                                                                                                        ; 4       ;
; nios_system:U0|nios_system_cpu_jtag_debug_module_translator_avalon_universal_slave_0_agent_rsp_fifo:jtag_uart_avalon_jtag_slave_translator_avalon_universal_slave_0_agent_rsp_fifo|altera_avalon_sc_fifo:cpu_jtag_debug_module_translator_avalon_universal_slave_0_agent_rsp_fifo|mem_used[1]                ; 4       ;
; nios_system:U0|nios_system_cpu_jtag_debug_module_translator_avalon_universal_slave_0_agent_rsp_fifo:cpu_jtag_debug_module_translator_avalon_universal_slave_0_agent_rsp_fifo|altera_avalon_sc_fifo:cpu_jtag_debug_module_translator_avalon_universal_slave_0_agent_rsp_fifo|write~0                          ; 4       ;
; nios_system:U0|nios_system_cpu_jtag_debug_module_translator_avalon_universal_slave_0_agent_rsp_fifo:red_leds_avalon_parallel_port_slave_translator_avalon_universal_slave_0_agent_rsp_fifo|altera_avalon_sc_fifo:cpu_jtag_debug_module_translator_avalon_universal_slave_0_agent_rsp_fifo|mem_used[1]        ; 4       ;
; nios_system:U0|nios_system_interval_timer_s1_translator:interval_timer_s1_translator|altera_merlin_slave_translator:interval_timer_s1_translator|wait_latency_counter[1]                                                                                                                                     ; 4       ;
; nios_system:U0|nios_system_red_leds_avalon_parallel_port_slave_translator:pushbuttons_avalon_parallel_port_slave_translator|altera_merlin_slave_translator:red_leds_avalon_parallel_port_slave_translator|read_latency_shift_reg~2                                                                           ; 4       ;
; nios_system:U0|nios_system_cpu_jtag_debug_module_translator_avalon_universal_slave_0_agent_rsp_fifo:pushbuttons_avalon_parallel_port_slave_translator_avalon_universal_slave_0_agent_rsp_fifo|altera_avalon_sc_fifo:cpu_jtag_debug_module_translator_avalon_universal_slave_0_agent_rsp_fifo|mem_used[1]     ; 4       ;
; nios_system:U0|nios_system_red_leds_avalon_parallel_port_slave_translator:green_leds_avalon_parallel_port_slave_translator|altera_merlin_slave_translator:red_leds_avalon_parallel_port_slave_translator|read_latency_shift_reg~2                                                                            ; 4       ;
; nios_system:U0|nios_system_cpu_jtag_debug_module_translator_avalon_universal_slave_0_agent_rsp_fifo:green_leds_avalon_parallel_port_slave_translator_avalon_universal_slave_0_agent_rsp_fifo|altera_avalon_sc_fifo:cpu_jtag_debug_module_translator_avalon_universal_slave_0_agent_rsp_fifo|mem_used[1]      ; 4       ;
; nios_system:U0|nios_system_cmd_xbar_demux_001:cmd_xbar_demux_001|sink_ready~1                                                                                                                                                                                                                                ; 4       ;
; nios_system:U0|nios_system_sdram_s1_translator_avalon_universal_slave_0_agent:sdram_s1_translator_avalon_universal_slave_0_agent|altera_merlin_slave_agent:sdram_s1_translator_avalon_universal_slave_0_agent|WideOr0~2                                                                                      ; 4       ;
; nios_system:U0|nios_system_sdram_s1_translator_avalon_universal_slave_0_agent:sdram_s1_translator_avalon_universal_slave_0_agent|altera_merlin_slave_agent:sdram_s1_translator_avalon_universal_slave_0_agent|WideOr0~0                                                                                      ; 4       ;
; nios_system:U0|nios_system_sdram:sdram|nios_system_sdram_input_efifo_module:the_nios_system_sdram_input_efifo_module|Equal0~0                                                                                                                                                                                ; 4       ;
; nios_system:U0|nios_system_addr_router:addr_router|Equal2~2                                                                                                                                                                                                                                                  ; 4       ;
; nios_system:U0|nios_system_addr_router:addr_router|Equal2~1                                                                                                                                                                                                                                                  ; 4       ;
; nios_system:U0|nios_system_cpu:cpu|av_ld_getting_data~13                                                                                                                                                                                                                                                     ; 4       ;
; nios_system:U0|nios_system_cpu:cpu|av_ld_getting_data~5                                                                                                                                                                                                                                                      ; 4       ;
; nios_system:U0|nios_system_sdram_s1_translator_avalon_universal_slave_0_agent_rsp_fifo:reg16_avalon_interface_0_avalon_slave_0_translator_avalon_universal_slave_0_agent_rsp_fifo|altera_avalon_sc_fifo:sdram_s1_translator_avalon_universal_slave_0_agent_rsp_fifo|mem[0][19]                               ; 4       ;
; nios_system:U0|nios_system_cpu:cpu|E_src2[2]                                                                                                                                                                                                                                                                 ; 4       ;
; nios_system:U0|nios_system_cpu:cpu|E_src2[3]                                                                                                                                                                                                                                                                 ; 4       ;
; nios_system:U0|nios_system_cpu:cpu|E_src2[4]                                                                                                                                                                                                                                                                 ; 4       ;
; nios_system:U0|nios_system_cpu:cpu|E_src1[28]                                                                                                                                                                                                                                                                ; 4       ;
; nios_system:U0|nios_system_cpu:cpu|E_src2[1]                                                                                                                                                                                                                                                                 ; 4       ;
; nios_system:U0|nios_system_cmd_xbar_demux_001:cmd_xbar_demux_001|sink_ready~0                                                                                                                                                                                                                                ; 4       ;
; nios_system:U0|nios_system_cpu:cpu|nios_system_cpu_nios2_oci:the_nios_system_cpu_nios2_oci|nios_system_cpu_jtag_debug_module_wrapper:the_nios_system_cpu_jtag_debug_module_wrapper|nios_system_cpu_jtag_debug_module_tck:the_nios_system_cpu_jtag_debug_module_tck|Mux37~0                                   ; 4       ;
; nios_system:U0|nios_system_reg16_avalon_interface_0_avalon_slave_0_translator:reg16_avalon_interface_0_avalon_slave_0_translator|altera_merlin_slave_translator:reg16_avalon_interface_0_avalon_slave_0_translator|wait_latency_counter[0]                                                                   ; 4       ;
; nios_system:U0|nios_system_reg16_avalon_interface_0_avalon_slave_0_translator:reg16_avalon_interface_0_avalon_slave_0_translator|altera_merlin_slave_translator:reg16_avalon_interface_0_avalon_slave_0_translator|wait_latency_counter[1]                                                                   ; 4       ;
; nios_system:U0|nios_system_addr_router_001:addr_router_001|src_channel[14]~6                                                                                                                                                                                                                                 ; 4       ;
; nios_system:U0|nios_system_addr_router_001:addr_router_001|src_channel[14]~4                                                                                                                                                                                                                                 ; 4       ;
; nios_system:U0|nios_system_addr_router_001:addr_router_001|Equal5~2                                                                                                                                                                                                                                          ; 4       ;
; nios_system:U0|nios_system_addr_router_001:addr_router_001|Equal1~2                                                                                                                                                                                                                                          ; 4       ;
; nios_system:U0|nios_system_Serial_port:serial_port|write_fifo_write_en                                                                                                                                                                                                                                       ; 4       ;
; nios_system:U0|nios_system_Serial_port:serial_port|altera_up_rs232_out_serializer:RS232_Out_Serializer|altera_up_sync_fifo:RS232_Out_FIFO|scfifo:Sync_FIFO|scfifo_pu31:auto_generated|a_dpfifo_cm31:dpfifo|cntr_q57:usedw_counter|safe_q[1]                                                                  ; 4       ;
; nios_system:U0|nios_system_Serial_port:serial_port|altera_up_rs232_out_serializer:RS232_Out_Serializer|altera_up_sync_fifo:RS232_Out_FIFO|scfifo:Sync_FIFO|scfifo_pu31:auto_generated|a_dpfifo_cm31:dpfifo|cntr_q57:usedw_counter|safe_q[2]                                                                  ; 4       ;
; nios_system:U0|nios_system_Serial_port:serial_port|altera_up_rs232_out_serializer:RS232_Out_Serializer|altera_up_sync_fifo:RS232_Out_FIFO|scfifo:Sync_FIFO|scfifo_pu31:auto_generated|a_dpfifo_cm31:dpfifo|cntr_q57:usedw_counter|safe_q[3]                                                                  ; 4       ;
; nios_system:U0|nios_system_Serial_port:serial_port|altera_up_rs232_out_serializer:RS232_Out_Serializer|altera_up_sync_fifo:RS232_Out_FIFO|scfifo:Sync_FIFO|scfifo_pu31:auto_generated|a_dpfifo_cm31:dpfifo|cntr_q57:usedw_counter|safe_q[4]                                                                  ; 4       ;
; nios_system:U0|nios_system_Serial_port:serial_port|altera_up_rs232_out_serializer:RS232_Out_Serializer|altera_up_sync_fifo:RS232_Out_FIFO|scfifo:Sync_FIFO|scfifo_pu31:auto_generated|a_dpfifo_cm31:dpfifo|cntr_q57:usedw_counter|safe_q[5]                                                                  ; 4       ;
; nios_system:U0|nios_system_Serial_port:serial_port|altera_up_rs232_out_serializer:RS232_Out_Serializer|altera_up_sync_fifo:RS232_Out_FIFO|scfifo:Sync_FIFO|scfifo_pu31:auto_generated|a_dpfifo_cm31:dpfifo|cntr_q57:usedw_counter|safe_q[6]                                                                  ; 4       ;
; nios_system:U0|nios_system_Serial_port:serial_port|altera_up_rs232_out_serializer:RS232_Out_Serializer|altera_up_sync_fifo:RS232_Out_FIFO|scfifo:Sync_FIFO|scfifo_pu31:auto_generated|a_dpfifo_cm31:dpfifo|cntr_q57:usedw_counter|safe_q[0]                                                                  ; 4       ;
; nios_system:U0|nios_system_Serial_port:serial_port|altera_up_rs232_in_deserializer:RS232_In_Deserializer|altera_up_sync_fifo:RS232_In_FIFO|scfifo:Sync_FIFO|scfifo_pu31:auto_generated|a_dpfifo_cm31:dpfifo|cntr_q57:usedw_counter|safe_q[6]                                                                 ; 4       ;
; nios_system:U0|nios_system_Serial_port:serial_port|altera_up_rs232_in_deserializer:RS232_In_Deserializer|altera_up_sync_fifo:RS232_In_FIFO|scfifo:Sync_FIFO|scfifo_pu31:auto_generated|a_dpfifo_cm31:dpfifo|cntr_q57:usedw_counter|safe_q[5]                                                                 ; 4       ;
; nios_system:U0|nios_system_Serial_port:serial_port|altera_up_rs232_in_deserializer:RS232_In_Deserializer|altera_up_sync_fifo:RS232_In_FIFO|scfifo:Sync_FIFO|scfifo_pu31:auto_generated|a_dpfifo_cm31:dpfifo|cntr_q57:usedw_counter|safe_q[4]                                                                 ; 4       ;
; nios_system:U0|nios_system_Serial_port:serial_port|altera_up_rs232_in_deserializer:RS232_In_Deserializer|altera_up_sync_fifo:RS232_In_FIFO|scfifo:Sync_FIFO|scfifo_pu31:auto_generated|a_dpfifo_cm31:dpfifo|cntr_q57:usedw_counter|safe_q[3]                                                                 ; 4       ;
; nios_system:U0|nios_system_Serial_port:serial_port|altera_up_rs232_in_deserializer:RS232_In_Deserializer|altera_up_sync_fifo:RS232_In_FIFO|scfifo:Sync_FIFO|scfifo_pu31:auto_generated|a_dpfifo_cm31:dpfifo|cntr_q57:usedw_counter|safe_q[2]                                                                 ; 4       ;
; nios_system:U0|nios_system_Serial_port:serial_port|altera_up_rs232_in_deserializer:RS232_In_Deserializer|altera_up_sync_fifo:RS232_In_FIFO|scfifo:Sync_FIFO|scfifo_pu31:auto_generated|a_dpfifo_cm31:dpfifo|cntr_q57:usedw_counter|safe_q[1]                                                                 ; 4       ;
; nios_system:U0|nios_system_Serial_port:serial_port|altera_up_rs232_in_deserializer:RS232_In_Deserializer|altera_up_sync_fifo:RS232_In_FIFO|scfifo:Sync_FIFO|scfifo_pu31:auto_generated|a_dpfifo_cm31:dpfifo|cntr_q57:usedw_counter|safe_q[0]                                                                 ; 4       ;
; nios_system:U0|nios_system_cpu:cpu|nios_system_cpu_nios2_oci:the_nios_system_cpu_nios2_oci|nios_system_cpu_jtag_debug_module_wrapper:the_nios_system_cpu_jtag_debug_module_wrapper|nios_system_cpu_jtag_debug_module_tck:the_nios_system_cpu_jtag_debug_module_tck|sr[31]                                    ; 4       ;
; nios_system:U0|nios_system_cpu:cpu|nios_system_cpu_nios2_oci:the_nios_system_cpu_nios2_oci|nios_system_cpu_nios2_ocimem:the_nios_system_cpu_nios2_ocimem|MonARegAddrInc[8]~16                                                                                                                                ; 4       ;
; nios_system:U0|nios_system_cpu:cpu|F_pc[11]                                                                                                                                                                                                                                                                  ; 4       ;
; nios_system:U0|nios_system_cpu:cpu|F_pc[12]                                                                                                                                                                                                                                                                  ; 4       ;
; nios_system:U0|nios_system_cpu:cpu|E_src1[2]                                                                                                                                                                                                                                                                 ; 4       ;
; nios_system:U0|nios_system_cpu:cpu|E_src1[3]                                                                                                                                                                                                                                                                 ; 4       ;
; nios_system:U0|nios_system_cpu:cpu|E_src1[4]                                                                                                                                                                                                                                                                 ; 4       ;
; nios_system:U0|nios_system_cpu:cpu|E_src1[5]                                                                                                                                                                                                                                                                 ; 4       ;
; nios_system:U0|nios_system_cpu:cpu|E_src1[6]                                                                                                                                                                                                                                                                 ; 4       ;
; nios_system:U0|nios_system_cpu:cpu|E_src1[7]                                                                                                                                                                                                                                                                 ; 4       ;
; nios_system:U0|nios_system_cpu:cpu|E_src1[9]                                                                                                                                                                                                                                                                 ; 4       ;
; nios_system:U0|nios_system_cpu:cpu|E_src1[13]                                                                                                                                                                                                                                                                ; 4       ;
; nios_system:U0|nios_system_cpu:cpu|E_src1[14]                                                                                                                                                                                                                                                                ; 4       ;
; nios_system:U0|nios_system_cpu:cpu|E_src1[15]                                                                                                                                                                                                                                                                ; 4       ;
; nios_system:U0|nios_system_cpu:cpu|E_src1[16]                                                                                                                                                                                                                                                                ; 4       ;
; nios_system:U0|nios_system_cpu:cpu|E_src1[17]                                                                                                                                                                                                                                                                ; 4       ;
; nios_system:U0|nios_system_cpu:cpu|E_src1[18]                                                                                                                                                                                                                                                                ; 4       ;
; nios_system:U0|nios_system_cpu:cpu|E_src1[19]                                                                                                                                                                                                                                                                ; 4       ;
; nios_system:U0|nios_system_cpu:cpu|E_src1[20]                                                                                                                                                                                                                                                                ; 4       ;
; nios_system:U0|nios_system_cpu:cpu|E_src1[21]                                                                                                                                                                                                                                                                ; 4       ;
; nios_system:U0|nios_system_cpu:cpu|E_src1[22]                                                                                                                                                                                                                                                                ; 4       ;
; nios_system:U0|nios_system_cpu:cpu|E_src1[23]                                                                                                                                                                                                                                                                ; 4       ;
; nios_system:U0|nios_system_cpu:cpu|E_src1[24]                                                                                                                                                                                                                                                                ; 4       ;
; nios_system:U0|nios_system_cpu:cpu|E_src1[25]                                                                                                                                                                                                                                                                ; 4       ;
; nios_system:U0|nios_system_cpu:cpu|E_src1[26]                                                                                                                                                                                                                                                                ; 4       ;
; nios_system:U0|nios_system_cpu:cpu|E_src1[27]                                                                                                                                                                                                                                                                ; 4       ;
; nios_system:U0|nios_system_cpu:cpu|nios_system_cpu_register_bank_b_module:nios_system_cpu_register_bank_b|altsyncram:the_altsyncram|altsyncram_dfg1:auto_generated|q_b[1]                                                                                                                                    ; 4       ;
; nios_system:U0|nios_system_cpu:cpu|nios_system_cpu_register_bank_b_module:nios_system_cpu_register_bank_b|altsyncram:the_altsyncram|altsyncram_dfg1:auto_generated|q_b[2]                                                                                                                                    ; 4       ;
; nios_system:U0|nios_system_cpu:cpu|nios_system_cpu_register_bank_b_module:nios_system_cpu_register_bank_b|altsyncram:the_altsyncram|altsyncram_dfg1:auto_generated|q_b[3]                                                                                                                                    ; 4       ;
; nios_system:U0|nios_system_cpu:cpu|nios_system_cpu_register_bank_b_module:nios_system_cpu_register_bank_b|altsyncram:the_altsyncram|altsyncram_dfg1:auto_generated|q_b[4]                                                                                                                                    ; 4       ;
; nios_system:U0|nios_system_cpu:cpu|nios_system_cpu_register_bank_b_module:nios_system_cpu_register_bank_b|altsyncram:the_altsyncram|altsyncram_dfg1:auto_generated|q_b[5]                                                                                                                                    ; 4       ;
; nios_system:U0|nios_system_cpu:cpu|nios_system_cpu_register_bank_b_module:nios_system_cpu_register_bank_b|altsyncram:the_altsyncram|altsyncram_dfg1:auto_generated|q_b[6]                                                                                                                                    ; 4       ;
; nios_system:U0|nios_system_cpu:cpu|nios_system_cpu_register_bank_b_module:nios_system_cpu_register_bank_b|altsyncram:the_altsyncram|altsyncram_dfg1:auto_generated|q_b[7]                                                                                                                                    ; 4       ;
; nios_system:U0|nios_system_cpu:cpu|nios_system_cpu_register_bank_b_module:nios_system_cpu_register_bank_b|altsyncram:the_altsyncram|altsyncram_dfg1:auto_generated|q_b[0]                                                                                                                                    ; 4       ;
; nios_system:U0|nios_system_cpu:cpu|W_alu_result[14]                                                                                                                                                                                                                                                          ; 4       ;
; sld_hub:auto_hub|sld_jtag_hub:\jtag_hub_gen:sld_jtag_hub_inst|sld_shadow_jsm:shadow_jsm|tms_cnt[0]                                                                                                                                                                                                           ; 3       ;
; sld_hub:auto_hub|sld_jtag_hub:\jtag_hub_gen:sld_jtag_hub_inst|sld_rom_sr:hub_info_reg|WORD_SR~5                                                                                                                                                                                                              ; 3       ;
; sld_hub:auto_hub|sld_jtag_hub:\jtag_hub_gen:sld_jtag_hub_inst|sld_rom_sr:hub_info_reg|WORD_SR~3                                                                                                                                                                                                              ; 3       ;
; sld_hub:auto_hub|sld_jtag_hub:\jtag_hub_gen:sld_jtag_hub_inst|design_hash_reg[1]~7                                                                                                                                                                                                                           ; 3       ;
; sld_hub:auto_hub|sld_jtag_hub:\jtag_hub_gen:sld_jtag_hub_inst|virtual_ir_dr_scan_proc~0                                                                                                                                                                                                                      ; 3       ;
; sld_hub:auto_hub|sld_jtag_hub:\jtag_hub_gen:sld_jtag_hub_inst|jtag_ir_reg[1]                                                                                                                                                                                                                                 ; 3       ;
; sld_hub:auto_hub|sld_jtag_hub:\jtag_hub_gen:sld_jtag_hub_inst|irf_reg[2][0]~11                                                                                                                                                                                                                               ; 3       ;
; sld_hub:auto_hub|sld_jtag_hub:\jtag_hub_gen:sld_jtag_hub_inst|irf_reg[1][0]~4                                                                                                                                                                                                                                ; 3       ;
; sld_hub:auto_hub|sld_jtag_hub:\jtag_hub_gen:sld_jtag_hub_inst|sld_shadow_jsm:shadow_jsm|state[7]                                                                                                                                                                                                             ; 3       ;
; sld_hub:auto_hub|sld_jtag_hub:\jtag_hub_gen:sld_jtag_hub_inst|sld_shadow_jsm:shadow_jsm|state[5]                                                                                                                                                                                                             ; 3       ;
; sld_hub:auto_hub|sld_jtag_hub:\jtag_hub_gen:sld_jtag_hub_inst|sld_shadow_jsm:shadow_jsm|state[0]                                                                                                                                                                                                             ; 3       ;
; sld_hub:auto_hub|sld_jtag_hub:\jtag_hub_gen:sld_jtag_hub_inst|node_ena[1]~reg0                                                                                                                                                                                                                               ; 3       ;
; nios_system:U0|nios_system_cpu:cpu|D_ctrl_logic~9                                                                                                                                                                                                                                                            ; 3       ;
; nios_system:U0|nios_system_sdram_s1_translator_avalon_universal_slave_0_agent:sdram_s1_translator_avalon_universal_slave_0_agent|altera_merlin_slave_agent:sdram_s1_translator_avalon_universal_slave_0_agent|cp_ready~2                                                                                     ; 3       ;
; nios_system:U0|nios_system_Serial_port:serial_port|altera_up_rs232_out_serializer:RS232_Out_Serializer|altera_up_rs232_counters:RS232_Out_Counters|baud_counter[6]~9                                                                                                                                         ; 3       ;
; nios_system:U0|nios_system_sdram:sdram|i_refs[1]                                                                                                                                                                                                                                                             ; 3       ;
; nios_system:U0|nios_system_sdram:sdram|i_refs[2]                                                                                                                                                                                                                                                             ; 3       ;
; nios_system:U0|nios_system_Serial_port:serial_port|altera_up_rs232_out_serializer:RS232_Out_Serializer|altera_up_rs232_counters:RS232_Out_Counters|Add1~0                                                                                                                                                    ; 3       ;
; nios_system:U0|nios_system_Serial_port:serial_port|altera_up_rs232_out_serializer:RS232_Out_Serializer|altera_up_rs232_counters:RS232_Out_Counters|bit_counter[1]                                                                                                                                            ; 3       ;
; nios_system:U0|nios_system_Serial_port:serial_port|altera_up_rs232_out_serializer:RS232_Out_Serializer|altera_up_sync_fifo:RS232_Out_FIFO|scfifo:Sync_FIFO|scfifo_pu31:auto_generated|a_dpfifo_cm31:dpfifo|usedw_is_1_dff                                                                                    ; 3       ;
; nios_system:U0|nios_system_Serial_port:serial_port|altera_up_rs232_in_deserializer:RS232_In_Deserializer|altera_up_rs232_counters:RS232_In_Counters|baud_counter[5]~9                                                                                                                                        ; 3       ;
; nios_system:U0|nios_system_cpu:cpu|nios_system_cpu_nios2_oci:the_nios_system_cpu_nios2_oci|nios_system_cpu_jtag_debug_module_wrapper:the_nios_system_cpu_jtag_debug_module_wrapper|nios_system_cpu_jtag_debug_module_sysclk:the_nios_system_cpu_jtag_debug_module_sysclk|jdo[24]                             ; 3       ;
; nios_system:U0|nios_system_sdram:sdram|i_count[1]~1                                                                                                                                                                                                                                                          ; 3       ;
; nios_system:U0|nios_system_sdram:sdram|i_state.001                                                                                                                                                                                                                                                           ; 3       ;
; nios_system:U0|nios_system_sdram:sdram|i_state.111                                                                                                                                                                                                                                                           ; 3       ;
; nios_system:U0|nios_system_cpu:cpu|nios_system_cpu_nios2_oci:the_nios_system_cpu_nios2_oci|nios_system_cpu_jtag_debug_module_wrapper:the_nios_system_cpu_jtag_debug_module_wrapper|nios_system_cpu_jtag_debug_module_sysclk:the_nios_system_cpu_jtag_debug_module_sysclk|jdo[22]                             ; 3       ;
; nios_system:U0|nios_system_cpu:cpu|nios_system_cpu_nios2_oci:the_nios_system_cpu_nios2_oci|nios_system_cpu_jtag_debug_module_wrapper:the_nios_system_cpu_jtag_debug_module_wrapper|nios_system_cpu_jtag_debug_module_sysclk:the_nios_system_cpu_jtag_debug_module_sysclk|jdo[23]                             ; 3       ;
; nios_system:U0|nios_system_Serial_port:serial_port|altera_up_rs232_in_deserializer:RS232_In_Deserializer|altera_up_rs232_counters:RS232_In_Counters|Add1~0                                                                                                                                                   ; 3       ;
; nios_system:U0|nios_system_Serial_port:serial_port|altera_up_rs232_in_deserializer:RS232_In_Deserializer|altera_up_rs232_counters:RS232_In_Counters|bit_counter[1]                                                                                                                                           ; 3       ;
; nios_system:U0|nios_system_Serial_port:serial_port|altera_up_rs232_in_deserializer:RS232_In_Deserializer|altera_up_sync_fifo:RS232_In_FIFO|scfifo:Sync_FIFO|scfifo_pu31:auto_generated|a_dpfifo_cm31:dpfifo|usedw_is_1_dff                                                                                   ; 3       ;
; nios_system:U0|nios_system_sdram:sdram|m_count[0]                                                                                                                                                                                                                                                            ; 3       ;
; nios_system:U0|nios_system_Interval_timer:interval_timer|counter_is_running                                                                                                                                                                                                                                  ; 3       ;
; nios_system:U0|nios_system_Interval_timer:interval_timer|force_reload                                                                                                                                                                                                                                        ; 3       ;
; nios_system:U0|nios_system_Expansion_JP1:expansion_jp1|data_in[31]                                                                                                                                                                                                                                           ; 3       ;
; nios_system:U0|nios_system_Expansion_JP1:expansion_jp1|data_in[30]                                                                                                                                                                                                                                           ; 3       ;
; nios_system:U0|nios_system_Expansion_JP1:expansion_jp1|data_in[29]                                                                                                                                                                                                                                           ; 3       ;
; nios_system:U0|nios_system_Expansion_JP1:expansion_jp1|data_in[28]                                                                                                                                                                                                                                           ; 3       ;
; nios_system:U0|nios_system_Expansion_JP1:expansion_jp1|data_in[27]                                                                                                                                                                                                                                           ; 3       ;
; nios_system:U0|nios_system_Expansion_JP1:expansion_jp1|data_in[26]                                                                                                                                                                                                                                           ; 3       ;
; nios_system:U0|nios_system_Expansion_JP1:expansion_jp1|data_in[25]                                                                                                                                                                                                                                           ; 3       ;
; nios_system:U0|nios_system_Expansion_JP1:expansion_jp1|data_in[24]                                                                                                                                                                                                                                           ; 3       ;
; nios_system:U0|nios_system_Expansion_JP1:expansion_jp1|data_in[23]                                                                                                                                                                                                                                           ; 3       ;
; nios_system:U0|nios_system_Expansion_JP1:expansion_jp1|data_in[22]                                                                                                                                                                                                                                           ; 3       ;
; nios_system:U0|nios_system_Expansion_JP1:expansion_jp1|data_in[21]                                                                                                                                                                                                                                           ; 3       ;
; nios_system:U0|nios_system_Expansion_JP1:expansion_jp1|data_in[20]                                                                                                                                                                                                                                           ; 3       ;
; nios_system:U0|nios_system_Expansion_JP1:expansion_jp1|data_in[19]                                                                                                                                                                                                                                           ; 3       ;
; nios_system:U0|nios_system_Expansion_JP1:expansion_jp1|data_in[18]                                                                                                                                                                                                                                           ; 3       ;
; nios_system:U0|nios_system_Expansion_JP1:expansion_jp1|data_in[17]                                                                                                                                                                                                                                           ; 3       ;
; nios_system:U0|nios_system_Expansion_JP2:expansion_jp2|data_in[31]                                                                                                                                                                                                                                           ; 3       ;
; nios_system:U0|nios_system_Expansion_JP2:expansion_jp2|data_in[30]                                                                                                                                                                                                                                           ; 3       ;
; nios_system:U0|nios_system_Expansion_JP2:expansion_jp2|data_in[29]                                                                                                                                                                                                                                           ; 3       ;
; nios_system:U0|nios_system_Expansion_JP2:expansion_jp2|data_in[28]                                                                                                                                                                                                                                           ; 3       ;
; nios_system:U0|nios_system_Expansion_JP2:expansion_jp2|data_in[27]                                                                                                                                                                                                                                           ; 3       ;
; nios_system:U0|nios_system_Expansion_JP2:expansion_jp2|data_in[26]                                                                                                                                                                                                                                           ; 3       ;
; nios_system:U0|nios_system_Expansion_JP2:expansion_jp2|data_in[25]                                                                                                                                                                                                                                           ; 3       ;
; nios_system:U0|nios_system_Expansion_JP2:expansion_jp2|data_in[24]                                                                                                                                                                                                                                           ; 3       ;
; nios_system:U0|nios_system_Expansion_JP2:expansion_jp2|data_in[23]                                                                                                                                                                                                                                           ; 3       ;
; nios_system:U0|nios_system_Expansion_JP2:expansion_jp2|data_in[22]                                                                                                                                                                                                                                           ; 3       ;
; nios_system:U0|nios_system_Expansion_JP2:expansion_jp2|data_in[21]                                                                                                                                                                                                                                           ; 3       ;
; nios_system:U0|nios_system_Expansion_JP2:expansion_jp2|data_in[20]                                                                                                                                                                                                                                           ; 3       ;
; nios_system:U0|nios_system_Expansion_JP2:expansion_jp2|data_in[19]                                                                                                                                                                                                                                           ; 3       ;
; nios_system:U0|nios_system_Expansion_JP2:expansion_jp2|data_in[18]                                                                                                                                                                                                                                           ; 3       ;
; nios_system:U0|nios_system_Expansion_JP2:expansion_jp2|data_in[17]                                                                                                                                                                                                                                           ; 3       ;
; nios_system:U0|nios_system_cpu:cpu|nios_system_cpu_nios2_oci:the_nios_system_cpu_nios2_oci|nios_system_cpu_nios2_oci_debug:the_nios_system_cpu_nios2_oci_debug|monitor_error                                                                                                                                 ; 3       ;
; nios_system:U0|nios_system_Serial_port:serial_port|read_interrupt_en~0                                                                                                                                                                                                                                       ; 3       ;
; nios_system:U0|nios_system_Expansion_JP2:expansion_jp2|data_in[16]                                                                                                                                                                                                                                           ; 3       ;
; nios_system:U0|nios_system_Expansion_JP1:expansion_jp1|data_in[16]                                                                                                                                                                                                                                           ; 3       ;
; nios_system:U0|nios_system_cpu:cpu|nios_system_cpu_nios2_oci:the_nios_system_cpu_nios2_oci|writedata[1]                                                                                                                                                                                                      ; 3       ;
; nios_system:U0|nios_system_JTAG_UART:jtag_uart|nios_system_JTAG_UART_scfifo_w:the_nios_system_JTAG_UART_scfifo_w|scfifo:wfifo|scfifo_1n21:auto_generated|a_dpfifo_8t21:dpfifo|a_fefifo_7cf:fifo_state|b_non_empty                                                                                            ; 3       ;
; nios_system:U0|nios_system_JTAG_UART:jtag_uart|alt_jtag_atlantic:nios_system_JTAG_UART_alt_jtag_atlantic|td_shift~11                                                                                                                                                                                         ; 3       ;
; nios_system:U0|nios_system_Expansion_JP1:expansion_jp1|data_in[15]                                                                                                                                                                                                                                           ; 3       ;
; nios_system:U0|nios_system_Expansion_JP2:expansion_jp2|data_in[15]                                                                                                                                                                                                                                           ; 3       ;
; nios_system:U0|nios_system_Expansion_JP1:expansion_jp1|data_in[14]                                                                                                                                                                                                                                           ; 3       ;
; nios_system:U0|nios_system_Expansion_JP2:expansion_jp2|data_in[14]                                                                                                                                                                                                                                           ; 3       ;
; nios_system:U0|nios_system_Expansion_JP1:expansion_jp1|data_in[13]                                                                                                                                                                                                                                           ; 3       ;
; nios_system:U0|nios_system_Expansion_JP2:expansion_jp2|data_in[13]                                                                                                                                                                                                                                           ; 3       ;
; nios_system:U0|nios_system_Expansion_JP1:expansion_jp1|data_in[12]                                                                                                                                                                                                                                           ; 3       ;
; nios_system:U0|nios_system_Expansion_JP2:expansion_jp2|data_in[12]                                                                                                                                                                                                                                           ; 3       ;
; nios_system:U0|nios_system_Expansion_JP2:expansion_jp2|data_in[11]                                                                                                                                                                                                                                           ; 3       ;
; nios_system:U0|nios_system_Expansion_JP1:expansion_jp1|data_in[11]                                                                                                                                                                                                                                           ; 3       ;
; nios_system:U0|nios_system_Expansion_JP1:expansion_jp1|data_in[10]                                                                                                                                                                                                                                           ; 3       ;
; nios_system:U0|nios_system_Expansion_JP2:expansion_jp2|data_in[10]                                                                                                                                                                                                                                           ; 3       ;
; nios_system:U0|nios_system_Expansion_JP1:expansion_jp1|data_in[9]                                                                                                                                                                                                                                            ; 3       ;
; nios_system:U0|nios_system_Serial_port:serial_port|altera_up_rs232_in_deserializer:RS232_In_Deserializer|fifo_read_available[7]                                                                                                                                                                              ; 3       ;
; nios_system:U0|nios_system_Serial_port:serial_port|altera_up_rs232_in_deserializer:RS232_In_Deserializer|fifo_read_available[6]                                                                                                                                                                              ; 3       ;
; nios_system:U0|nios_system_Serial_port:serial_port|altera_up_rs232_in_deserializer:RS232_In_Deserializer|fifo_read_available[5]                                                                                                                                                                              ; 3       ;
; nios_system:U0|nios_system_Expansion_JP2:expansion_jp2|data_in[9]                                                                                                                                                                                                                                            ; 3       ;
; nios_system:U0|nios_system_Expansion_JP1:expansion_jp1|data_in[8]                                                                                                                                                                                                                                            ; 3       ;
; nios_system:U0|nios_system_Expansion_JP2:expansion_jp2|data_in[8]                                                                                                                                                                                                                                            ; 3       ;
; nios_system:U0|nios_system_Expansion_JP1:expansion_jp1|data_in[7]                                                                                                                                                                                                                                            ; 3       ;
; nios_system:U0|nios_system_Expansion_JP2:expansion_jp2|data_in[7]                                                                                                                                                                                                                                            ; 3       ;
; nios_system:U0|nios_system_Expansion_JP1:expansion_jp1|data_in[6]                                                                                                                                                                                                                                            ; 3       ;
; nios_system:U0|nios_system_Expansion_JP2:expansion_jp2|data_in[6]                                                                                                                                                                                                                                            ; 3       ;
; nios_system:U0|nios_system_Expansion_JP1:expansion_jp1|data_in[5]                                                                                                                                                                                                                                            ; 3       ;
; nios_system:U0|nios_system_Expansion_JP2:expansion_jp2|data_in[5]                                                                                                                                                                                                                                            ; 3       ;
; nios_system:U0|nios_system_Expansion_JP1:expansion_jp1|data_in[4]                                                                                                                                                                                                                                            ; 3       ;
; nios_system:U0|nios_system_Expansion_JP2:expansion_jp2|data_in[4]                                                                                                                                                                                                                                            ; 3       ;
; nios_system:U0|nios_system_Expansion_JP2:expansion_jp2|data_in[3]                                                                                                                                                                                                                                            ; 3       ;
; nios_system:U0|nios_system_Expansion_JP1:expansion_jp1|data_in[3]                                                                                                                                                                                                                                            ; 3       ;
; nios_system:U0|nios_system_Expansion_JP2:expansion_jp2|data_in[2]                                                                                                                                                                                                                                            ; 3       ;
; nios_system:U0|nios_system_Expansion_JP1:expansion_jp1|data_in[2]                                                                                                                                                                                                                                            ; 3       ;
; nios_system:U0|nios_system_Expansion_JP2:expansion_jp2|data_in[1]                                                                                                                                                                                                                                            ; 3       ;
; nios_system:U0|nios_system_Expansion_JP1:expansion_jp1|data_in[1]                                                                                                                                                                                                                                            ; 3       ;
; nios_system:U0|nios_system_cpu:cpu|nios_system_cpu_nios2_oci:the_nios_system_cpu_nios2_oci|nios_system_cpu_jtag_debug_module_wrapper:the_nios_system_cpu_jtag_debug_module_wrapper|nios_system_cpu_jtag_debug_module_sysclk:the_nios_system_cpu_jtag_debug_module_sysclk|jdo[26]                             ; 3       ;
; nios_system:U0|nios_system_cpu:cpu|nios_system_cpu_nios2_oci:the_nios_system_cpu_nios2_oci|nios_system_cpu_jtag_debug_module_wrapper:the_nios_system_cpu_jtag_debug_module_wrapper|nios_system_cpu_jtag_debug_module_sysclk:the_nios_system_cpu_jtag_debug_module_sysclk|jdo[27]                             ; 3       ;
; nios_system:U0|nios_system_cpu:cpu|nios_system_cpu_nios2_oci:the_nios_system_cpu_nios2_oci|nios_system_cpu_jtag_debug_module_wrapper:the_nios_system_cpu_jtag_debug_module_wrapper|nios_system_cpu_jtag_debug_module_sysclk:the_nios_system_cpu_jtag_debug_module_sysclk|jdo[28]                             ; 3       ;
; nios_system:U0|nios_system_cpu:cpu|nios_system_cpu_nios2_oci:the_nios_system_cpu_nios2_oci|nios_system_cpu_jtag_debug_module_wrapper:the_nios_system_cpu_jtag_debug_module_wrapper|nios_system_cpu_jtag_debug_module_sysclk:the_nios_system_cpu_jtag_debug_module_sysclk|jdo[29]                             ; 3       ;
; nios_system:U0|nios_system_cpu:cpu|nios_system_cpu_nios2_oci:the_nios_system_cpu_nios2_oci|nios_system_cpu_jtag_debug_module_wrapper:the_nios_system_cpu_jtag_debug_module_wrapper|nios_system_cpu_jtag_debug_module_sysclk:the_nios_system_cpu_jtag_debug_module_sysclk|jdo[30]                             ; 3       ;
; nios_system:U0|nios_system_cpu:cpu|nios_system_cpu_nios2_oci:the_nios_system_cpu_nios2_oci|nios_system_cpu_jtag_debug_module_wrapper:the_nios_system_cpu_jtag_debug_module_wrapper|nios_system_cpu_jtag_debug_module_sysclk:the_nios_system_cpu_jtag_debug_module_sysclk|jdo[31]                             ; 3       ;
; nios_system:U0|nios_system_sdram:sdram|WideOr8~0                                                                                                                                                                                                                                                             ; 3       ;
; nios_system:U0|nios_system_sdram:sdram|Selector31~0                                                                                                                                                                                                                                                          ; 3       ;
; nios_system:U0|nios_system_cpu:cpu|nios_system_cpu_nios2_oci:the_nios_system_cpu_nios2_oci|nios_system_cpu_jtag_debug_module_wrapper:the_nios_system_cpu_jtag_debug_module_wrapper|nios_system_cpu_jtag_debug_module_sysclk:the_nios_system_cpu_jtag_debug_module_sysclk|jdo[18]                             ; 3       ;
; nios_system:U0|nios_system_cpu:cpu|nios_system_cpu_nios2_oci:the_nios_system_cpu_nios2_oci|nios_system_cpu_jtag_debug_module_wrapper:the_nios_system_cpu_jtag_debug_module_wrapper|nios_system_cpu_jtag_debug_module_sysclk:the_nios_system_cpu_jtag_debug_module_sysclk|jdo[19]                             ; 3       ;
; nios_system:U0|nios_system_JTAG_UART:jtag_uart|ien_AE~0                                                                                                                                                                                                                                                      ; 3       ;
; nios_system:U0|nios_system_Expansion_JP1:expansion_jp1|capture[31]                                                                                                                                                                                                                                           ; 3       ;
; nios_system:U0|nios_system_Expansion_JP1:expansion_jp1|capture[30]                                                                                                                                                                                                                                           ; 3       ;
; nios_system:U0|nios_system_Expansion_JP1:expansion_jp1|capture[29]                                                                                                                                                                                                                                           ; 3       ;
; nios_system:U0|nios_system_Expansion_JP1:expansion_jp1|capture[28]                                                                                                                                                                                                                                           ; 3       ;
; nios_system:U0|nios_system_Expansion_JP1:expansion_jp1|capture[27]                                                                                                                                                                                                                                           ; 3       ;
; nios_system:U0|nios_system_Expansion_JP1:expansion_jp1|capture[26]                                                                                                                                                                                                                                           ; 3       ;
; nios_system:U0|nios_system_Expansion_JP1:expansion_jp1|capture[25]                                                                                                                                                                                                                                           ; 3       ;
; nios_system:U0|nios_system_Expansion_JP1:expansion_jp1|capture[24]                                                                                                                                                                                                                                           ; 3       ;
; nios_system:U0|nios_system_Expansion_JP1:expansion_jp1|capture[23]                                                                                                                                                                                                                                           ; 3       ;
; nios_system:U0|nios_system_Expansion_JP1:expansion_jp1|capture[22]                                                                                                                                                                                                                                           ; 3       ;
; nios_system:U0|nios_system_Expansion_JP1:expansion_jp1|capture[21]                                                                                                                                                                                                                                           ; 3       ;
; nios_system:U0|nios_system_Expansion_JP1:expansion_jp1|capture[20]                                                                                                                                                                                                                                           ; 3       ;
; nios_system:U0|nios_system_Expansion_JP1:expansion_jp1|capture[19]                                                                                                                                                                                                                                           ; 3       ;
; nios_system:U0|nios_system_Expansion_JP1:expansion_jp1|capture[18]                                                                                                                                                                                                                                           ; 3       ;
; nios_system:U0|nios_system_Expansion_JP1:expansion_jp1|capture[17]                                                                                                                                                                                                                                           ; 3       ;
; nios_system:U0|nios_system_Expansion_JP1:expansion_jp1|capture[16]                                                                                                                                                                                                                                           ; 3       ;
; nios_system:U0|nios_system_Expansion_JP1:expansion_jp1|capture[15]                                                                                                                                                                                                                                           ; 3       ;
; nios_system:U0|nios_system_Expansion_JP1:expansion_jp1|capture[14]                                                                                                                                                                                                                                           ; 3       ;
; nios_system:U0|nios_system_Expansion_JP1:expansion_jp1|capture[13]                                                                                                                                                                                                                                           ; 3       ;
; nios_system:U0|nios_system_Expansion_JP1:expansion_jp1|capture[12]                                                                                                                                                                                                                                           ; 3       ;
; nios_system:U0|nios_system_Expansion_JP1:expansion_jp1|capture[11]                                                                                                                                                                                                                                           ; 3       ;
; nios_system:U0|nios_system_Expansion_JP1:expansion_jp1|capture[10]                                                                                                                                                                                                                                           ; 3       ;
; nios_system:U0|nios_system_Expansion_JP1:expansion_jp1|capture[9]                                                                                                                                                                                                                                            ; 3       ;
; nios_system:U0|nios_system_Expansion_JP1:expansion_jp1|capture[8]                                                                                                                                                                                                                                            ; 3       ;
; nios_system:U0|nios_system_Expansion_JP1:expansion_jp1|capture[7]                                                                                                                                                                                                                                            ; 3       ;
; nios_system:U0|nios_system_Expansion_JP1:expansion_jp1|capture[6]                                                                                                                                                                                                                                            ; 3       ;
; nios_system:U0|nios_system_Expansion_JP1:expansion_jp1|capture[5]                                                                                                                                                                                                                                            ; 3       ;
; nios_system:U0|nios_system_Expansion_JP1:expansion_jp1|capture[4]                                                                                                                                                                                                                                            ; 3       ;
; nios_system:U0|nios_system_Expansion_JP1:expansion_jp1|capture[3]                                                                                                                                                                                                                                            ; 3       ;
; nios_system:U0|nios_system_Expansion_JP1:expansion_jp1|capture[2]                                                                                                                                                                                                                                            ; 3       ;
; nios_system:U0|nios_system_Expansion_JP1:expansion_jp1|capture[1]                                                                                                                                                                                                                                            ; 3       ;
; nios_system:U0|nios_system_Expansion_JP2:expansion_jp2|capture[31]                                                                                                                                                                                                                                           ; 3       ;
; nios_system:U0|nios_system_Expansion_JP2:expansion_jp2|capture[30]                                                                                                                                                                                                                                           ; 3       ;
; nios_system:U0|nios_system_Expansion_JP2:expansion_jp2|capture[29]                                                                                                                                                                                                                                           ; 3       ;
; nios_system:U0|nios_system_Expansion_JP2:expansion_jp2|capture[28]                                                                                                                                                                                                                                           ; 3       ;
; nios_system:U0|nios_system_Expansion_JP2:expansion_jp2|capture[27]                                                                                                                                                                                                                                           ; 3       ;
; nios_system:U0|nios_system_Expansion_JP2:expansion_jp2|capture[26]                                                                                                                                                                                                                                           ; 3       ;
; nios_system:U0|nios_system_Expansion_JP2:expansion_jp2|capture[25]                                                                                                                                                                                                                                           ; 3       ;
; nios_system:U0|nios_system_Expansion_JP2:expansion_jp2|capture[24]                                                                                                                                                                                                                                           ; 3       ;
; nios_system:U0|nios_system_Expansion_JP2:expansion_jp2|capture[23]                                                                                                                                                                                                                                           ; 3       ;
; nios_system:U0|nios_system_Expansion_JP2:expansion_jp2|capture[22]                                                                                                                                                                                                                                           ; 3       ;
; nios_system:U0|nios_system_Expansion_JP2:expansion_jp2|capture[21]                                                                                                                                                                                                                                           ; 3       ;
; nios_system:U0|nios_system_Expansion_JP2:expansion_jp2|capture[20]                                                                                                                                                                                                                                           ; 3       ;
; nios_system:U0|nios_system_Expansion_JP2:expansion_jp2|capture[19]                                                                                                                                                                                                                                           ; 3       ;
; nios_system:U0|nios_system_Expansion_JP2:expansion_jp2|capture[18]                                                                                                                                                                                                                                           ; 3       ;
; nios_system:U0|nios_system_Expansion_JP2:expansion_jp2|capture[17]                                                                                                                                                                                                                                           ; 3       ;
; nios_system:U0|nios_system_Expansion_JP2:expansion_jp2|capture[16]                                                                                                                                                                                                                                           ; 3       ;
; nios_system:U0|nios_system_Expansion_JP2:expansion_jp2|capture[15]                                                                                                                                                                                                                                           ; 3       ;
; nios_system:U0|nios_system_Expansion_JP2:expansion_jp2|capture[14]                                                                                                                                                                                                                                           ; 3       ;
; nios_system:U0|nios_system_Expansion_JP2:expansion_jp2|capture[13]                                                                                                                                                                                                                                           ; 3       ;
; nios_system:U0|nios_system_Expansion_JP2:expansion_jp2|capture[12]                                                                                                                                                                                                                                           ; 3       ;
; nios_system:U0|nios_system_Expansion_JP2:expansion_jp2|capture[11]                                                                                                                                                                                                                                           ; 3       ;
; nios_system:U0|nios_system_Expansion_JP2:expansion_jp2|capture[10]                                                                                                                                                                                                                                           ; 3       ;
; nios_system:U0|nios_system_Expansion_JP2:expansion_jp2|capture[9]                                                                                                                                                                                                                                            ; 3       ;
; nios_system:U0|nios_system_Expansion_JP2:expansion_jp2|capture[8]                                                                                                                                                                                                                                            ; 3       ;
; nios_system:U0|nios_system_Expansion_JP2:expansion_jp2|capture[7]                                                                                                                                                                                                                                            ; 3       ;
; nios_system:U0|nios_system_Expansion_JP2:expansion_jp2|capture[6]                                                                                                                                                                                                                                            ; 3       ;
; nios_system:U0|nios_system_Expansion_JP2:expansion_jp2|capture[5]                                                                                                                                                                                                                                            ; 3       ;
; nios_system:U0|nios_system_Expansion_JP2:expansion_jp2|capture[4]                                                                                                                                                                                                                                            ; 3       ;
; nios_system:U0|nios_system_Expansion_JP2:expansion_jp2|capture[3]                                                                                                                                                                                                                                            ; 3       ;
; nios_system:U0|nios_system_Expansion_JP2:expansion_jp2|capture[2]                                                                                                                                                                                                                                            ; 3       ;
; nios_system:U0|nios_system_Expansion_JP2:expansion_jp2|capture[1]                                                                                                                                                                                                                                            ; 3       ;
; nios_system:U0|nios_system_Expansion_JP2:expansion_jp2|capture[0]                                                                                                                                                                                                                                            ; 3       ;
; nios_system:U0|nios_system_Expansion_JP2:expansion_jp2|data_in[0]                                                                                                                                                                                                                                            ; 3       ;
; nios_system:U0|nios_system_Expansion_JP1:expansion_jp1|capture[0]                                                                                                                                                                                                                                            ; 3       ;
; nios_system:U0|nios_system_Expansion_JP1:expansion_jp1|data_in[0]                                                                                                                                                                                                                                            ; 3       ;
; nios_system:U0|nios_system_cpu:cpu|nios_system_cpu_nios2_oci:the_nios_system_cpu_nios2_oci|nios_system_cpu_jtag_debug_module_wrapper:the_nios_system_cpu_jtag_debug_module_wrapper|nios_system_cpu_jtag_debug_module_sysclk:the_nios_system_cpu_jtag_debug_module_sysclk|jdo[25]                             ; 3       ;
; nios_system:U0|nios_system_cpu:cpu|nios_system_cpu_nios2_oci:the_nios_system_cpu_nios2_oci|nios_system_cpu_nios2_avalon_reg:the_nios_system_cpu_nios2_avalon_reg|take_action_ocireg~0                                                                                                                        ; 3       ;
; nios_system:U0|nios_system_cpu:cpu|nios_system_cpu_nios2_oci:the_nios_system_cpu_nios2_oci|writedata[0]                                                                                                                                                                                                      ; 3       ;
; nios_system:U0|nios_system_JTAG_UART:jtag_uart|alt_jtag_atlantic:nios_system_JTAG_UART_alt_jtag_atlantic|rst2                                                                                                                                                                                                ; 3       ;
; nios_system:U0|nios_system_JTAG_UART:jtag_uart|alt_jtag_atlantic:nios_system_JTAG_UART_alt_jtag_atlantic|r_ena1                                                                                                                                                                                              ; 3       ;
; nios_system:U0|nios_system_JTAG_UART:jtag_uart|r_val                                                                                                                                                                                                                                                         ; 3       ;
; nios_system:U0|nios_system_reg16_avalon_interface_0_avalon_slave_0_translator:reg16_avalon_interface_0_avalon_slave_0_translator|altera_merlin_slave_translator:reg16_avalon_interface_0_avalon_slave_0_translator|av_readdata_pre[15]                                                                       ; 3       ;
; nios_system:U0|nios_system_reg16_avalon_interface_0_avalon_slave_0_translator:reg16_avalon_interface_0_avalon_slave_0_translator|altera_merlin_slave_translator:reg16_avalon_interface_0_avalon_slave_0_translator|av_readdata_pre[14]                                                                       ; 3       ;
; nios_system:U0|nios_system_reg16_avalon_interface_0_avalon_slave_0_translator:reg16_avalon_interface_0_avalon_slave_0_translator|altera_merlin_slave_translator:reg16_avalon_interface_0_avalon_slave_0_translator|av_readdata_pre[13]                                                                       ; 3       ;
; nios_system:U0|nios_system_reg16_avalon_interface_0_avalon_slave_0_translator:reg16_avalon_interface_0_avalon_slave_0_translator|altera_merlin_slave_translator:reg16_avalon_interface_0_avalon_slave_0_translator|av_readdata_pre[12]                                                                       ; 3       ;
; nios_system:U0|nios_system_reg16_avalon_interface_0_avalon_slave_0_translator:reg16_avalon_interface_0_avalon_slave_0_translator|altera_merlin_slave_translator:reg16_avalon_interface_0_avalon_slave_0_translator|av_readdata_pre[11]                                                                       ; 3       ;
; nios_system:U0|nios_system_reg16_avalon_interface_0_avalon_slave_0_translator:reg16_avalon_interface_0_avalon_slave_0_translator|altera_merlin_slave_translator:reg16_avalon_interface_0_avalon_slave_0_translator|av_readdata_pre[10]                                                                       ; 3       ;
; nios_system:U0|nios_system_reg16_avalon_interface_0_avalon_slave_0_translator:reg16_avalon_interface_0_avalon_slave_0_translator|altera_merlin_slave_translator:reg16_avalon_interface_0_avalon_slave_0_translator|av_readdata_pre[9]                                                                        ; 3       ;
; nios_system:U0|nios_system_cpu:cpu|av_fill_bit~0                                                                                                                                                                                                                                                             ; 3       ;
; nios_system:U0|nios_system_cpu:cpu|R_ctrl_ld_signed                                                                                                                                                                                                                                                          ; 3       ;
; nios_system:U0|nios_system_reg16_avalon_interface_0_avalon_slave_0_translator:reg16_avalon_interface_0_avalon_slave_0_translator|altera_merlin_slave_translator:reg16_avalon_interface_0_avalon_slave_0_translator|av_readdata_pre[8]                                                                        ; 3       ;
; nios_system:U0|nios_system_reg16_avalon_interface_0_avalon_slave_0_translator:reg16_avalon_interface_0_avalon_slave_0_translator|altera_merlin_slave_translator:reg16_avalon_interface_0_avalon_slave_0_translator|av_readdata_pre[7]                                                                        ; 3       ;
; nios_system:U0|nios_system_reg16_avalon_interface_0_avalon_slave_0_translator:reg16_avalon_interface_0_avalon_slave_0_translator|altera_merlin_slave_translator:reg16_avalon_interface_0_avalon_slave_0_translator|av_readdata_pre[6]                                                                        ; 3       ;
; nios_system:U0|nios_system_reg16_avalon_interface_0_avalon_slave_0_translator:reg16_avalon_interface_0_avalon_slave_0_translator|altera_merlin_slave_translator:reg16_avalon_interface_0_avalon_slave_0_translator|av_readdata_pre[5]                                                                        ; 3       ;
; nios_system:U0|nios_system_reg16_avalon_interface_0_avalon_slave_0_translator:reg16_avalon_interface_0_avalon_slave_0_translator|altera_merlin_slave_translator:reg16_avalon_interface_0_avalon_slave_0_translator|av_readdata_pre[4]                                                                        ; 3       ;
; nios_system:U0|nios_system_reg16_avalon_interface_0_avalon_slave_0_translator:reg16_avalon_interface_0_avalon_slave_0_translator|altera_merlin_slave_translator:reg16_avalon_interface_0_avalon_slave_0_translator|av_readdata_pre[3]                                                                        ; 3       ;
; nios_system:U0|nios_system_reg16_avalon_interface_0_avalon_slave_0_translator:reg16_avalon_interface_0_avalon_slave_0_translator|altera_merlin_slave_translator:reg16_avalon_interface_0_avalon_slave_0_translator|av_readdata_pre[2]                                                                        ; 3       ;
; nios_system:U0|nios_system_reg16_avalon_interface_0_avalon_slave_0_translator:reg16_avalon_interface_0_avalon_slave_0_translator|altera_merlin_slave_translator:reg16_avalon_interface_0_avalon_slave_0_translator|av_readdata_pre[1]                                                                        ; 3       ;
; nios_system:U0|nios_system_sdram:sdram|nios_system_sdram_input_efifo_module:the_nios_system_sdram_input_efifo_module|wr_address                                                                                                                                                                              ; 3       ;
; nios_system:U0|nios_system_sdram:sdram|Selector41~5                                                                                                                                                                                                                                                          ; 3       ;
; nios_system:U0|nios_system_sdram_s1_translator_avalon_universal_slave_0_agent_rdata_fifo:sdram_s1_translator_avalon_universal_slave_0_agent_rdata_fifo|altera_avalon_sc_fifo:sdram_s1_translator_avalon_universal_slave_0_agent_rdata_fifo|rd_ptr[2]                                                         ; 3       ;
; nios_system:U0|nios_system_SRAM:sram|readdata[12]                                                                                                                                                                                                                                                            ; 3       ;
; nios_system:U0|nios_system_width_adapter_001:width_adapter_003|altera_merlin_width_adapter:width_adapter_001|data_reg[12]                                                                                                                                                                                    ; 3       ;
; nios_system:U0|nios_system_SRAM:sram|readdata[13]                                                                                                                                                                                                                                                            ; 3       ;
; nios_system:U0|nios_system_width_adapter_001:width_adapter_003|altera_merlin_width_adapter:width_adapter_001|data_reg[13]                                                                                                                                                                                    ; 3       ;
; nios_system:U0|nios_system_SRAM:sram|readdata[11]                                                                                                                                                                                                                                                            ; 3       ;
; nios_system:U0|nios_system_width_adapter_001:width_adapter_003|altera_merlin_width_adapter:width_adapter_001|data_reg[11]                                                                                                                                                                                    ; 3       ;
; nios_system:U0|nios_system_SRAM:sram|readdata[14]                                                                                                                                                                                                                                                            ; 3       ;
; nios_system:U0|nios_system_width_adapter_001:width_adapter_003|altera_merlin_width_adapter:width_adapter_001|data_reg[14]                                                                                                                                                                                    ; 3       ;
; nios_system:U0|nios_system_SRAM:sram|readdata[15]                                                                                                                                                                                                                                                            ; 3       ;
; nios_system:U0|nios_system_SRAM:sram|readdata[2]                                                                                                                                                                                                                                                             ; 3       ;
; nios_system:U0|nios_system_width_adapter_001:width_adapter_003|altera_merlin_width_adapter:width_adapter_001|ShiftLeft2~4                                                                                                                                                                                    ; 3       ;
; nios_system:U0|nios_system_SRAM:sram|readdata[5]                                                                                                                                                                                                                                                             ; 3       ;
; nios_system:U0|nios_system_SRAM:sram|readdata[1]                                                                                                                                                                                                                                                             ; 3       ;
; nios_system:U0|nios_system_cpu:cpu|nios_system_cpu_nios2_oci:the_nios_system_cpu_nios2_oci|nios_system_cpu_jtag_debug_module_wrapper:the_nios_system_cpu_jtag_debug_module_wrapper|nios_system_cpu_jtag_debug_module_sysclk:the_nios_system_cpu_jtag_debug_module_sysclk|jdo[20]                             ; 3       ;
; nios_system:U0|nios_system_cpu:cpu|nios_system_cpu_nios2_oci:the_nios_system_cpu_nios2_oci|nios_system_cpu_jtag_debug_module_wrapper:the_nios_system_cpu_jtag_debug_module_wrapper|nios_system_cpu_jtag_debug_module_sysclk:the_nios_system_cpu_jtag_debug_module_sysclk|jdo[21]                             ; 3       ;
; nios_system:U0|nios_system_cpu:cpu|nios_system_cpu_nios2_oci:the_nios_system_cpu_nios2_oci|nios_system_cpu_nios2_avalon_reg:the_nios_system_cpu_nios2_avalon_reg|oci_single_step_mode                                                                                                                        ; 3       ;
; nios_system:U0|nios_system_cpu:cpu|R_ctrl_wrctl_inst                                                                                                                                                                                                                                                         ; 3       ;
; nios_system:U0|nios_system_Interval_timer:interval_timer|timeout_occurred                                                                                                                                                                                                                                    ; 3       ;
; nios_system:U0|nios_system_SRAM:sram|readdata[10]                                                                                                                                                                                                                                                            ; 3       ;
; nios_system:U0|nios_system_SRAM:sram|readdata[9]                                                                                                                                                                                                                                                             ; 3       ;
; nios_system:U0|nios_system_SRAM:sram|readdata[8]                                                                                                                                                                                                                                                             ; 3       ;
; nios_system:U0|nios_system_SRAM:sram|readdata[7]                                                                                                                                                                                                                                                             ; 3       ;
; nios_system:U0|nios_system_SRAM:sram|readdata[6]                                                                                                                                                                                                                                                             ; 3       ;
; nios_system:U0|nios_system_cpu:cpu|W_bstatus_reg                                                                                                                                                                                                                                                             ; 3       ;
; nios_system:U0|nios_system_cpu:cpu|W_estatus_reg                                                                                                                                                                                                                                                             ; 3       ;
; nios_system:U0|nios_system_cpu:cpu|E_src1[31]                                                                                                                                                                                                                                                                ; 3       ;
; nios_system:U0|nios_system_cpu:cpu|av_ld_rshift8~0                                                                                                                                                                                                                                                           ; 3       ;
; nios_system:U0|nios_system_reg16_avalon_interface_0_avalon_slave_0_translator:reg16_avalon_interface_0_avalon_slave_0_translator|altera_merlin_slave_translator:reg16_avalon_interface_0_avalon_slave_0_translator|av_readdata_pre[0]                                                                        ; 3       ;
; nios_system:U0|nios_system_width_adapter_001:width_adapter_003|altera_merlin_width_adapter:width_adapter_001|ShiftLeft2~2                                                                                                                                                                                    ; 3       ;
; nios_system:U0|nios_system_SRAM:sram|readdata[0]                                                                                                                                                                                                                                                             ; 3       ;
; nios_system:U0|nios_system_cpu:cpu|av_ld_align_cycle[1]                                                                                                                                                                                                                                                      ; 3       ;
; nios_system:U0|nios_system_cpu:cpu|D_ctrl_implicit_dst_retaddr~0                                                                                                                                                                                                                                             ; 3       ;
; nios_system:U0|nios_system_cpu:cpu|nios_system_cpu_nios2_oci:the_nios_system_cpu_nios2_oci|nios_system_cpu_nios2_oci_debug:the_nios_system_cpu_nios2_oci_debug|monitor_ready                                                                                                                                 ; 3       ;
; nios_system:U0|nios_system_cpu:cpu|nios_system_cpu_nios2_oci:the_nios_system_cpu_nios2_oci|nios_system_cpu_jtag_debug_module_wrapper:the_nios_system_cpu_jtag_debug_module_wrapper|nios_system_cpu_jtag_debug_module_sysclk:the_nios_system_cpu_jtag_debug_module_sysclk|ir[0]                               ; 3       ;
; nios_system:U0|nios_system_cpu:cpu|nios_system_cpu_nios2_oci:the_nios_system_cpu_nios2_oci|nios_system_cpu_jtag_debug_module_wrapper:the_nios_system_cpu_jtag_debug_module_wrapper|nios_system_cpu_jtag_debug_module_sysclk:the_nios_system_cpu_jtag_debug_module_sysclk|enable_action_strobe                ; 3       ;
; nios_system:U0|nios_system_cpu:cpu|nios_system_cpu_nios2_oci:the_nios_system_cpu_nios2_oci|nios_system_cpu_jtag_debug_module_wrapper:the_nios_system_cpu_jtag_debug_module_wrapper|nios_system_cpu_jtag_debug_module_sysclk:the_nios_system_cpu_jtag_debug_module_sysclk|ir[1]                               ; 3       ;
; nios_system:U0|nios_system_JTAG_UART:jtag_uart|alt_jtag_atlantic:nios_system_JTAG_UART_alt_jtag_atlantic|write_stalled                                                                                                                                                                                       ; 3       ;
+--------------------------------------------------------------------------------------------------------------------------------------------------------------------------------------------------------------------------------------------------------------------------------------------------------------+---------+


+---------------------------------------------------------------------------------------------------------------------------------------------------------------------------------------------------------------------------------------------------------------------------------------------------------------------------------------------------------------------------------------------------------------------------------------------------------------------------------------------------------------------------------------------------------------------------------------------------------------------------------------------------------------------------------------------------------------------------------------------------------------------------------------------------------------------------------------------------------------------------------------------------------------------------------------------------------------------------------------------------+
; Fitter RAM Summary                                                                                                                                                                                                                                                                                                                                                                                                                                                                                                                                                                                                                                                                                                                                                                                                                                                                                                                                                                                ;
+-------------------------------------------------------------------------------------------------------------------------------------------------------------------------------------------------------------------------------------------------------------------------------------------------+------+------------------+--------------+--------------+--------------+--------------+--------------+------------------------+-------------------------+------------------------+-------------------------+-------+-----------------------------+-----------------------------+-----------------------------+-----------------------------+---------------------+------+---------------------------------------------+----------------------------------------------------------------------------------------------------------------------------------------------------------------------------------------------------------------+----------------------+-----------------+-----------------+
; Name                                                                                                                                                                                                                                                                                            ; Type ; Mode             ; Clock Mode   ; Port A Depth ; Port A Width ; Port B Depth ; Port B Width ; Port A Input Registers ; Port A Output Registers ; Port B Input Registers ; Port B Output Registers ; Size  ; Implementation Port A Depth ; Implementation Port A Width ; Implementation Port B Depth ; Implementation Port B Width ; Implementation Bits ; M4Ks ; MIF                                         ; Location                                                                                                                                                                                                       ; Mixed Width RDW Mode ; Port A RDW Mode ; Port B RDW Mode ;
+-------------------------------------------------------------------------------------------------------------------------------------------------------------------------------------------------------------------------------------------------------------------------------------------------+------+------------------+--------------+--------------+--------------+--------------+--------------+------------------------+-------------------------+------------------------+-------------------------+-------+-----------------------------+-----------------------------+-----------------------------+-----------------------------+---------------------+------+---------------------------------------------+----------------------------------------------------------------------------------------------------------------------------------------------------------------------------------------------------------------+----------------------+-----------------+-----------------+
; nios_system:U0|nios_system_JTAG_UART:jtag_uart|nios_system_JTAG_UART_scfifo_r:the_nios_system_JTAG_UART_scfifo_r|scfifo:rfifo|scfifo_1n21:auto_generated|a_dpfifo_8t21:dpfifo|dpram_5h21:FIFOram|altsyncram_9tl1:altsyncram2|ALTSYNCRAM                                                         ; AUTO ; Simple Dual Port ; Dual Clocks  ; 64           ; 8            ; 64           ; 8            ; yes                    ; no                      ; yes                    ; no                      ; 512   ; 64                          ; 8                           ; 64                          ; 8                           ; 512                 ; 1    ; None                                        ; M4K_X17_Y21                                                                                                                                                                                                    ; Don't care           ; Don't care      ; Don't care      ;
; nios_system:U0|nios_system_JTAG_UART:jtag_uart|nios_system_JTAG_UART_scfifo_w:the_nios_system_JTAG_UART_scfifo_w|scfifo:wfifo|scfifo_1n21:auto_generated|a_dpfifo_8t21:dpfifo|dpram_5h21:FIFOram|altsyncram_9tl1:altsyncram2|ALTSYNCRAM                                                         ; AUTO ; Simple Dual Port ; Dual Clocks  ; 64           ; 8            ; 64           ; 8            ; yes                    ; no                      ; yes                    ; no                      ; 512   ; 64                          ; 8                           ; 64                          ; 8                           ; 512                 ; 1    ; None                                        ; M4K_X17_Y17                                                                                                                                                                                                    ; Don't care           ; Don't care      ; Don't care      ;
; nios_system:U0|nios_system_Onchip_memory:onchip_memory|altsyncram:the_altsyncram|altsyncram_ld32:auto_generated|ALTSYNCRAM                                                                                                                                                                      ; M4K  ; True Dual Port   ; Dual Clocks  ; 2048         ; 32           ; 2048         ; 32           ; yes                    ; no                      ; yes                    ; no                      ; 65536 ; 2048                        ; 32                          ; 2048                        ; 32                          ; 65536               ; 16   ; nios_system_Onchip_memory.hex               ; M4K_X17_Y19, M4K_X17_Y20, M4K_X17_Y14, M4K_X17_Y10, M4K_X17_Y12, M4K_X41_Y19, M4K_X41_Y18, M4K_X17_Y18, M4K_X17_Y16, M4K_X41_Y12, M4K_X17_Y11, M4K_X17_Y13, M4K_X41_Y11, M4K_X41_Y17, M4K_X41_Y15, M4K_X17_Y15 ; Don't care           ; Don't care      ; Don't care      ;
; nios_system:U0|nios_system_Serial_port:serial_port|altera_up_rs232_in_deserializer:RS232_In_Deserializer|altera_up_sync_fifo:RS232_In_FIFO|scfifo:Sync_FIFO|scfifo_pu31:auto_generated|a_dpfifo_cm31:dpfifo|altsyncram_3a81:FIFOram|ALTSYNCRAM                                                  ; AUTO ; Simple Dual Port ; Single Clock ; 128          ; 9            ; 128          ; 9            ; yes                    ; no                      ; yes                    ; no                      ; 1152  ; 128                         ; 9                           ; 128                         ; 9                           ; 1152                ; 1    ; None                                        ; M4K_X41_Y16                                                                                                                                                                                                    ; Don't care           ; Don't care      ; Don't care      ;
; nios_system:U0|nios_system_cpu:cpu|nios_system_cpu_nios2_oci:the_nios_system_cpu_nios2_oci|nios_system_cpu_nios2_ocimem:the_nios_system_cpu_nios2_ocimem|nios_system_cpu_ociram_sp_ram_module:nios_system_cpu_ociram_sp_ram|altsyncram:the_altsyncram|altsyncram_gs71:auto_generated|ALTSYNCRAM ; AUTO ; Single Port      ; Single Clock ; 256          ; 32           ; --           ; --           ; yes                    ; no                      ; --                     ; --                      ; 8192  ; 256                         ; 32                          ; --                          ; --                          ; 8192                ; 2    ; nios_system_cpu_ociram_default_contents.mif ; M4K_X41_Y14, M4K_X41_Y13                                                                                                                                                                                       ; Don't care           ; Don't care      ; Don't care      ;
; nios_system:U0|nios_system_cpu:cpu|nios_system_cpu_register_bank_a_module:nios_system_cpu_register_bank_a|altsyncram:the_altsyncram|altsyncram_cfg1:auto_generated|ALTSYNCRAM                                                                                                                   ; AUTO ; Simple Dual Port ; Single Clock ; 32           ; 32           ; 32           ; 32           ; yes                    ; no                      ; yes                    ; no                      ; 1024  ; 32                          ; 32                          ; 32                          ; 32                          ; 1024                ; 1    ; nios_system_cpu_rf_ram_a.mif                ; M4K_X17_Y8                                                                                                                                                                                                     ; Don't care           ; Don't care      ; Don't care      ;
; nios_system:U0|nios_system_cpu:cpu|nios_system_cpu_register_bank_b_module:nios_system_cpu_register_bank_b|altsyncram:the_altsyncram|altsyncram_dfg1:auto_generated|ALTSYNCRAM                                                                                                                   ; AUTO ; Simple Dual Port ; Single Clock ; 32           ; 32           ; 32           ; 32           ; yes                    ; no                      ; yes                    ; no                      ; 1024  ; 32                          ; 32                          ; 32                          ; 32                          ; 1024                ; 1    ; nios_system_cpu_rf_ram_b.mif                ; M4K_X17_Y9                                                                                                                                                                                                     ; Don't care           ; Don't care      ; Don't care      ;
+-------------------------------------------------------------------------------------------------------------------------------------------------------------------------------------------------------------------------------------------------------------------------------------------------+------+------------------+--------------+--------------+--------------+--------------+--------------+------------------------+-------------------------+------------------------+-------------------------+-------+-----------------------------+-----------------------------+-----------------------------+-----------------------------+---------------------+------+---------------------------------------------+----------------------------------------------------------------------------------------------------------------------------------------------------------------------------------------------------------------+----------------------+-----------------+-----------------+
Note: Fitter may spread logical memories into multiple blocks to improve timing. The actual required RAM blocks can be found in the Fitter Resource Usage section.


+-------------------------------------------------------+
; Other Routing Usage Summary                           ;
+-----------------------------+-------------------------+
; Other Routing Resource Type ; Usage                   ;
+-----------------------------+-------------------------+
; Block interconnects         ; 5,764 / 54,004 ( 11 % ) ;
; C16 interconnects           ; 35 / 2,100 ( 2 % )      ;
; C4 interconnects            ; 3,321 / 36,000 ( 9 % )  ;
; Direct links                ; 829 / 54,004 ( 2 % )    ;
; Global clocks               ; 7 / 16 ( 44 % )         ;
; Local interconnects         ; 2,033 / 18,752 ( 11 % ) ;
; R24 interconnects           ; 105 / 1,900 ( 6 % )     ;
; R4 interconnects            ; 4,219 / 46,920 ( 9 % )  ;
+-----------------------------+-------------------------+


+-----------------------------------------------------------------------------+
; LAB Logic Elements                                                          ;
+---------------------------------------------+-------------------------------+
; Number of Logic Elements  (Average = 13.19) ; Number of LABs  (Total = 299) ;
+---------------------------------------------+-------------------------------+
; 1                                           ; 12                            ;
; 2                                           ; 9                             ;
; 3                                           ; 3                             ;
; 4                                           ; 1                             ;
; 5                                           ; 5                             ;
; 6                                           ; 6                             ;
; 7                                           ; 3                             ;
; 8                                           ; 6                             ;
; 9                                           ; 4                             ;
; 10                                          ; 8                             ;
; 11                                          ; 7                             ;
; 12                                          ; 11                            ;
; 13                                          ; 13                            ;
; 14                                          ; 25                            ;
; 15                                          ; 49                            ;
; 16                                          ; 137                           ;
+---------------------------------------------+-------------------------------+


+--------------------------------------------------------------------+
; LAB-wide Signals                                                   ;
+------------------------------------+-------------------------------+
; LAB-wide Signals  (Average = 2.29) ; Number of LABs  (Total = 299) ;
+------------------------------------+-------------------------------+
; 1 Async. clear                     ; 164                           ;
; 1 Clock                            ; 272                           ;
; 1 Clock enable                     ; 121                           ;
; 1 Sync. clear                      ; 23                            ;
; 1 Sync. load                       ; 32                            ;
; 2 Async. clears                    ; 10                            ;
; 2 Clock enables                    ; 55                            ;
; 2 Clocks                           ; 9                             ;
+------------------------------------+-------------------------------+


+------------------------------------------------------------------------------+
; LAB Signals Sourced                                                          ;
+----------------------------------------------+-------------------------------+
; Number of Signals Sourced  (Average = 21.13) ; Number of LABs  (Total = 299) ;
+----------------------------------------------+-------------------------------+
; 0                                            ; 1                             ;
; 1                                            ; 5                             ;
; 2                                            ; 9                             ;
; 3                                            ; 1                             ;
; 4                                            ; 5                             ;
; 5                                            ; 1                             ;
; 6                                            ; 4                             ;
; 7                                            ; 1                             ;
; 8                                            ; 1                             ;
; 9                                            ; 2                             ;
; 10                                           ; 4                             ;
; 11                                           ; 2                             ;
; 12                                           ; 10                            ;
; 13                                           ; 4                             ;
; 14                                           ; 2                             ;
; 15                                           ; 4                             ;
; 16                                           ; 9                             ;
; 17                                           ; 8                             ;
; 18                                           ; 6                             ;
; 19                                           ; 16                            ;
; 20                                           ; 17                            ;
; 21                                           ; 22                            ;
; 22                                           ; 15                            ;
; 23                                           ; 21                            ;
; 24                                           ; 23                            ;
; 25                                           ; 10                            ;
; 26                                           ; 14                            ;
; 27                                           ; 17                            ;
; 28                                           ; 13                            ;
; 29                                           ; 14                            ;
; 30                                           ; 12                            ;
; 31                                           ; 5                             ;
; 32                                           ; 21                            ;
+----------------------------------------------+-------------------------------+


+---------------------------------------------------------------------------------+
; LAB Signals Sourced Out                                                         ;
+-------------------------------------------------+-------------------------------+
; Number of Signals Sourced Out  (Average = 8.78) ; Number of LABs  (Total = 299) ;
+-------------------------------------------------+-------------------------------+
; 0                                               ; 1                             ;
; 1                                               ; 16                            ;
; 2                                               ; 15                            ;
; 3                                               ; 6                             ;
; 4                                               ; 19                            ;
; 5                                               ; 16                            ;
; 6                                               ; 15                            ;
; 7                                               ; 35                            ;
; 8                                               ; 40                            ;
; 9                                               ; 24                            ;
; 10                                              ; 15                            ;
; 11                                              ; 15                            ;
; 12                                              ; 13                            ;
; 13                                              ; 15                            ;
; 14                                              ; 14                            ;
; 15                                              ; 10                            ;
; 16                                              ; 19                            ;
; 17                                              ; 3                             ;
; 18                                              ; 1                             ;
; 19                                              ; 2                             ;
; 20                                              ; 2                             ;
; 21                                              ; 0                             ;
; 22                                              ; 0                             ;
; 23                                              ; 0                             ;
; 24                                              ; 3                             ;
+-------------------------------------------------+-------------------------------+


+------------------------------------------------------------------------------+
; LAB Distinct Inputs                                                          ;
+----------------------------------------------+-------------------------------+
; Number of Distinct Inputs  (Average = 17.00) ; Number of LABs  (Total = 299) ;
+----------------------------------------------+-------------------------------+
; 0                                            ; 0                             ;
; 1                                            ; 1                             ;
; 2                                            ; 3                             ;
; 3                                            ; 8                             ;
; 4                                            ; 12                            ;
; 5                                            ; 6                             ;
; 6                                            ; 6                             ;
; 7                                            ; 10                            ;
; 8                                            ; 5                             ;
; 9                                            ; 6                             ;
; 10                                           ; 15                            ;
; 11                                           ; 10                            ;
; 12                                           ; 10                            ;
; 13                                           ; 15                            ;
; 14                                           ; 15                            ;
; 15                                           ; 17                            ;
; 16                                           ; 12                            ;
; 17                                           ; 8                             ;
; 18                                           ; 11                            ;
; 19                                           ; 11                            ;
; 20                                           ; 11                            ;
; 21                                           ; 15                            ;
; 22                                           ; 14                            ;
; 23                                           ; 12                            ;
; 24                                           ; 10                            ;
; 25                                           ; 4                             ;
; 26                                           ; 5                             ;
; 27                                           ; 3                             ;
; 28                                           ; 4                             ;
; 29                                           ; 6                             ;
; 30                                           ; 5                             ;
; 31                                           ; 7                             ;
; 32                                           ; 18                            ;
; 33                                           ; 3                             ;
+----------------------------------------------+-------------------------------+


+-------------------------------------------------------------------------+
; Fitter Device Options                                                   ;
+----------------------------------------------+--------------------------+
; Option                                       ; Setting                  ;
+----------------------------------------------+--------------------------+
; Enable user-supplied start-up clock (CLKUSR) ; Off                      ;
; Enable device-wide reset (DEV_CLRn)          ; Off                      ;
; Enable device-wide output enable (DEV_OE)    ; Off                      ;
; Enable INIT_DONE output                      ; Off                      ;
; Configuration scheme                         ; Active Serial            ;
; Error detection CRC                          ; Off                      ;
; nCEO                                         ; As output driving ground ;
; ASDO,nCSO                                    ; As input tri-stated      ;
; Reserve all unused pins                      ; As output driving ground ;
; Base pin-out file on sameframe device        ; Off                      ;
+----------------------------------------------+--------------------------+


+------------------------------------+
; Operating Settings and Conditions  ;
+---------------------------+--------+
; Setting                   ; Value  ;
+---------------------------+--------+
; Nominal Core Voltage      ; 1.20 V ;
; Low Junction Temperature  ; 0 °C   ;
; High Junction Temperature ; 85 °C  ;
+---------------------------+--------+


+-----------------+
; Fitter Messages ;
+-----------------+
Info (11104): Parallel Compilation has detected 24 hyper-threaded processors. However, the extra hyper-threaded processors will not be used by default. Parallel Compilation will use 16 of the 16 physical processors detected instead.
Info (119006): Selected device EP2C20F484C7 for design "DE1_Basic_Computer"
Info (21077): Low junction temperature is 0 degrees C
Info (21077): High junction temperature is 85 degrees C
Info (171003): Fitter is performing an Auto Fit compilation, which may decrease Fitter effort to reduce compilation time
Info (176444): Device migration not selected. If you intend to use device migration later, you may need to change the pin assignments as they may be incompatible with other devices
    Info (176445): Device EP2C15AF484C7 is compatible
    Info (176445): Device EP2C35F484C7 is compatible
    Info (176445): Device EP2C50F484C7 is compatible
Info (169124): Fitter converted 3 user pins into dedicated programming pins
    Info (169125): Pin ~ASDO~ is reserved at location C4
    Info (169125): Pin ~nCSO~ is reserved at location C3
    Info (169125): Pin ~LVDS91p/nCEO~ is reserved at location W20
Info (176045): Design uses memory blocks. Violating setup or hold times of memory block address registers for either read or write operations could cause memory contents to be corrupted. Make sure that all memory block address registers meet the setup and hold time requirements.
Info (332164): Evaluating HDL-embedded SDC commands
    Info (332165): Entity alt_jtag_atlantic
        Info (332166): set_false_path -from [get_registers {*|alt_jtag_atlantic:*|jupdate}] -to [get_registers {*|alt_jtag_atlantic:*|jupdate1*}] 
        Info (332166): set_false_path -from [get_registers {*|alt_jtag_atlantic:*|rdata[*]}] -to [get_registers {*|alt_jtag_atlantic*|td_shift[*]}]
        Info (332166): set_false_path -from [get_registers {*|alt_jtag_atlantic:*|rdata[*]}] -to [get_registers {*|alt_jtag_atlantic*|td_shift[*]}]
        Info (332166): set_false_path -from [get_registers {*|alt_jtag_atlantic:*|rdata[*]}] -to [get_registers {*|alt_jtag_atlantic*|td_shift[*]}]
        Info (332166): set_false_path -from [get_registers {*|alt_jtag_atlantic:*|rdata[*]}] -to [get_registers {*|alt_jtag_atlantic*|td_shift[*]}]
        Info (332166): set_false_path -from [get_registers {*|alt_jtag_atlantic:*|rdata[*]}] -to [get_registers {*|alt_jtag_atlantic*|td_shift[*]}]
        Info (332166): set_false_path -from [get_registers {*|alt_jtag_atlantic:*|rdata[*]}] -to [get_registers {*|alt_jtag_atlantic*|td_shift[*]}]
        Info (332166): set_false_path -from [get_registers {*|alt_jtag_atlantic:*|rdata[*]}] -to [get_registers {*|alt_jtag_atlantic*|td_shift[*]}]
        Info (332166): set_false_path -from [get_registers {*|alt_jtag_atlantic:*|rdata[*]}] -to [get_registers {*|alt_jtag_atlantic*|td_shift[*]}]
        Info (332166): set_false_path -from [get_registers {*|alt_jtag_atlantic:*|read}] -to [get_registers {*|alt_jtag_atlantic:*|read1*}] 
        Info (332166): set_false_path -from [get_registers {*|alt_jtag_atlantic:*|read_req}]
        Info (332166): set_false_path -from [get_registers {*|alt_jtag_atlantic:*|rvalid}] -to [get_registers {*|alt_jtag_atlantic*|td_shift[*]}]
        Info (332166): set_false_path -from [get_registers {*|t_dav}] -to [get_registers {*|alt_jtag_atlantic:*|tck_t_dav}]
        Info (332166): set_false_path -from [get_registers {*|alt_jtag_atlantic:*|user_saw_rvalid}] -to [get_registers {*|alt_jtag_atlantic:*|rvalid0*}]
        Info (332166): set_false_path -from [get_registers {*|alt_jtag_atlantic:*|wdata[*]}] -to [get_registers {*}]
        Info (332166): set_false_path -from [get_registers {*|alt_jtag_atlantic:*|wdata[*]}] -to [get_registers {*}]
        Info (332166): set_false_path -from [get_registers {*|alt_jtag_atlantic:*|wdata[*]}] -to [get_registers {*}]
        Info (332166): set_false_path -from [get_registers {*|alt_jtag_atlantic:*|wdata[*]}] -to [get_registers {*}]
        Info (332166): set_false_path -from [get_registers {*|alt_jtag_atlantic:*|wdata[*]}] -to [get_registers {*}]
        Info (332166): set_false_path -from [get_registers {*|alt_jtag_atlantic:*|wdata[*]}] -to [get_registers {*}]
        Info (332166): set_false_path -from [get_registers {*|alt_jtag_atlantic:*|wdata[*]}] -to [get_registers {*}]
        Info (332166): set_false_path -from [get_registers {*|alt_jtag_atlantic:*|wdata[*]}] -to [get_registers {*}]
        Info (332166): set_false_path -from [get_registers {*|alt_jtag_atlantic:*|write}] -to [get_registers {*|alt_jtag_atlantic:*|write1*}] 
        Info (332166): set_false_path -from [get_registers {*|alt_jtag_atlantic:*|write_stalled}] -to [get_registers {*|alt_jtag_atlantic:*|t_ena*}]
        Info (332166): set_false_path -from [get_registers {*|alt_jtag_atlantic:*|write_stalled}] -to [get_registers {*|alt_jtag_atlantic:*|t_pause*}]
        Info (332166): set_false_path -from [get_registers {*|alt_jtag_atlantic:*|write_valid}]
    Info (332165): Entity altera_std_synchronizer
        Info (332166): set_false_path -to [get_keepers {*altera_std_synchronizer:*|din_s1}]
    Info (332165): Entity sld_jtag_hub
        Info (332166): create_clock -name altera_reserved_tck [get_ports {altera_reserved_tck}] -period 10MHz   
        Info (332166): set_clock_groups -asynchronous -group {altera_reserved_tck}
Info (332104): Reading SDC File: 'nios_system/synthesis/submodules/altera_reset_controller.sdc'
Info (332104): Reading SDC File: 'nios_system/synthesis/submodules/nios_system_cpu.sdc'
Warning (332060): Node: CLOCK_50 was determined to be a clock but was found without an associated clock assignment.
Info (332129): Detected timing requirements -- optimizing circuit to achieve only the specified requirements
Info (332111): Found 1 clocks
    Info (332111):   Period   Clock Name
    Info (332111): ======== ============
    Info (332111):  100.000 altera_reserved_tck
Info (176353): Automatically promoted node CLOCK_50 (placed in PIN L1 (CLK0, LVDSCLK0p, Input))
    Info (176355): Automatically promoted destinations to use location or clock signal Global Clock CLKCTRL_G2
Info (176353): Automatically promoted node altera_internal_jtag~TCKUTAP 
    Info (176355): Automatically promoted destinations to use location or clock signal Global Clock
Info (176353): Automatically promoted node nios_system:U0|nios_system_rst_controller:rst_controller|altera_reset_controller:rst_controller|r_sync_rst 
    Info (176355): Automatically promoted destinations to use location or clock signal Global Clock
    Info (176356): Following destination nodes may be non-global or may not use global or regional clocks
        Info (176357): Destination node nios_system:U0|nios_system_Serial_port:serial_port|altera_up_rs232_out_serializer:RS232_Out_Serializer|altera_up_sync_fifo:RS232_Out_FIFO|scfifo:Sync_FIFO|scfifo_pu31:auto_generated|a_dpfifo_cm31:dpfifo|cntr_q57:usedw_counter|counter_reg_bit3a[6]
        Info (176357): Destination node nios_system:U0|nios_system_Serial_port:serial_port|altera_up_rs232_out_serializer:RS232_Out_Serializer|altera_up_sync_fifo:RS232_Out_FIFO|scfifo:Sync_FIFO|scfifo_pu31:auto_generated|a_dpfifo_cm31:dpfifo|cntr_q57:usedw_counter|counter_reg_bit3a[5]
        Info (176357): Destination node nios_system:U0|nios_system_Serial_port:serial_port|altera_up_rs232_out_serializer:RS232_Out_Serializer|altera_up_sync_fifo:RS232_Out_FIFO|scfifo:Sync_FIFO|scfifo_pu31:auto_generated|a_dpfifo_cm31:dpfifo|cntr_q57:usedw_counter|counter_reg_bit3a[4]
        Info (176357): Destination node nios_system:U0|nios_system_Serial_port:serial_port|altera_up_rs232_out_serializer:RS232_Out_Serializer|altera_up_sync_fifo:RS232_Out_FIFO|scfifo:Sync_FIFO|scfifo_pu31:auto_generated|a_dpfifo_cm31:dpfifo|cntr_q57:usedw_counter|counter_reg_bit3a[3]
        Info (176357): Destination node nios_system:U0|nios_system_Serial_port:serial_port|altera_up_rs232_out_serializer:RS232_Out_Serializer|altera_up_sync_fifo:RS232_Out_FIFO|scfifo:Sync_FIFO|scfifo_pu31:auto_generated|a_dpfifo_cm31:dpfifo|cntr_q57:usedw_counter|counter_reg_bit3a[2]
        Info (176357): Destination node nios_system:U0|nios_system_Serial_port:serial_port|altera_up_rs232_out_serializer:RS232_Out_Serializer|altera_up_sync_fifo:RS232_Out_FIFO|scfifo:Sync_FIFO|scfifo_pu31:auto_generated|a_dpfifo_cm31:dpfifo|cntr_q57:usedw_counter|counter_reg_bit3a[1]
        Info (176357): Destination node nios_system:U0|nios_system_Serial_port:serial_port|altera_up_rs232_out_serializer:RS232_Out_Serializer|altera_up_sync_fifo:RS232_Out_FIFO|scfifo:Sync_FIFO|scfifo_pu31:auto_generated|a_dpfifo_cm31:dpfifo|cntr_q57:usedw_counter|counter_reg_bit3a[0]
        Info (176357): Destination node nios_system:U0|nios_system_Serial_port:serial_port|altera_up_rs232_in_deserializer:RS232_In_Deserializer|altera_up_sync_fifo:RS232_In_FIFO|scfifo:Sync_FIFO|scfifo_pu31:auto_generated|a_dpfifo_cm31:dpfifo|cntr_e5b:wr_ptr|counter_reg_bit4a[6]
        Info (176357): Destination node nios_system:U0|nios_system_Serial_port:serial_port|altera_up_rs232_in_deserializer:RS232_In_Deserializer|altera_up_sync_fifo:RS232_In_FIFO|scfifo:Sync_FIFO|scfifo_pu31:auto_generated|a_dpfifo_cm31:dpfifo|cntr_e5b:wr_ptr|counter_reg_bit4a[5]
        Info (176357): Destination node nios_system:U0|nios_system_Serial_port:serial_port|altera_up_rs232_in_deserializer:RS232_In_Deserializer|altera_up_sync_fifo:RS232_In_FIFO|scfifo:Sync_FIFO|scfifo_pu31:auto_generated|a_dpfifo_cm31:dpfifo|cntr_e5b:wr_ptr|counter_reg_bit4a[4]
        Info (176358): Non-global destination nodes limited to 10 nodes
Info (176353): Automatically promoted node nios_system:U0|nios_system_rst_controller_001:rst_controller_001|altera_reset_controller:rst_controller_001|altera_reset_synchronizer:alt_rst_sync_uq1|altera_reset_synchronizer_int_chain_out 
    Info (176355): Automatically promoted destinations to use location or clock signal Global Clock
    Info (176356): Following destination nodes may be non-global or may not use global or regional clocks
        Info (176357): Destination node nios_system:U0|reg16_avalon_interface:reg16_avalon_interface_0|reg16:reg_instance|Q[3]
        Info (176357): Destination node nios_system:U0|reg16_avalon_interface:reg16_avalon_interface_0|reg16:reg_instance|Q[2]
        Info (176357): Destination node nios_system:U0|reg16_avalon_interface:reg16_avalon_interface_0|reg16:reg_instance|Q[1]
        Info (176357): Destination node nios_system:U0|reg16_avalon_interface:reg16_avalon_interface_0|reg16:reg_instance|Q[0]
        Info (176357): Destination node nios_system:U0|reg16_avalon_interface:reg16_avalon_interface_0|reg16:reg_instance|Q[7]
        Info (176357): Destination node nios_system:U0|reg16_avalon_interface:reg16_avalon_interface_0|reg16:reg_instance|Q[6]
        Info (176357): Destination node nios_system:U0|reg16_avalon_interface:reg16_avalon_interface_0|reg16:reg_instance|Q[5]
        Info (176357): Destination node nios_system:U0|reg16_avalon_interface:reg16_avalon_interface_0|reg16:reg_instance|Q[4]
        Info (176357): Destination node nios_system:U0|reg16_avalon_interface:reg16_avalon_interface_0|reg16:reg_instance|Q[11]
        Info (176357): Destination node nios_system:U0|reg16_avalon_interface:reg16_avalon_interface_0|reg16:reg_instance|Q[10]
        Info (176358): Non-global destination nodes limited to 10 nodes
Info (176353): Automatically promoted node sld_hub:auto_hub|sld_jtag_hub:\jtag_hub_gen:sld_jtag_hub_inst|clr_reg 
    Info (176355): Automatically promoted destinations to use location or clock signal Global Clock
    Info (176356): Following destination nodes may be non-global or may not use global or regional clocks
        Info (176357): Destination node sld_hub:auto_hub|sld_jtag_hub:\jtag_hub_gen:sld_jtag_hub_inst|clr_reg~_wirecell
Info (176353): Automatically promoted node sld_hub:auto_hub|sld_jtag_hub:\jtag_hub_gen:sld_jtag_hub_inst|sld_shadow_jsm:shadow_jsm|state[0] 
    Info (176355): Automatically promoted destinations to use location or clock signal Global Clock
    Info (176356): Following destination nodes may be non-global or may not use global or regional clocks
        Info (176357): Destination node sld_hub:auto_hub|sld_jtag_hub:\jtag_hub_gen:sld_jtag_hub_inst|sld_shadow_jsm:shadow_jsm|state~0
        Info (176357): Destination node sld_hub:auto_hub|sld_jtag_hub:\jtag_hub_gen:sld_jtag_hub_inst|sld_shadow_jsm:shadow_jsm|state~1
        Info (176357): Destination node sld_hub:auto_hub|sld_jtag_hub:\jtag_hub_gen:sld_jtag_hub_inst|sld_shadow_jsm:shadow_jsm|state[0]~_wirecell
Info (176353): Automatically promoted node nios_system:U0|nios_system_rst_controller:rst_controller|altera_reset_controller:rst_controller|merged_reset~0 
    Info (176355): Automatically promoted destinations to use location or clock signal Global Clock
Info (176233): Starting register packing
Warning (176250): Ignoring invalid fast I/O register assignments. See the Ignored Assignments panel in the Fitter Compilation Report for more information.
Info (176235): Finished register packing
    Extra Info (176219): No registers were packed into other blocks
Warning (15709): Ignored I/O standard assignments to the following nodes
    Warning (15710): Ignored I/O standard assignment to node "AUD_ADCDAT"
    Warning (15710): Ignored I/O standard assignment to node "AUD_ADCLRCK"
    Warning (15710): Ignored I/O standard assignment to node "AUD_BCLK"
    Warning (15710): Ignored I/O standard assignment to node "AUD_DACDAT"
    Warning (15710): Ignored I/O standard assignment to node "AUD_DACLRCK"
    Warning (15710): Ignored I/O standard assignment to node "AUD_XCK"
    Warning (15710): Ignored I/O standard assignment to node "CLOCK_24[0]"
    Warning (15710): Ignored I/O standard assignment to node "CLOCK_24[1]"
    Warning (15710): Ignored I/O standard assignment to node "CLOCK_27[1]"
    Warning (15710): Ignored I/O standard assignment to node "EXT_CLOCK"
    Warning (15710): Ignored I/O standard assignment to node "GPIO_0[0]"
    Warning (15710): Ignored I/O standard assignment to node "GPIO_0[10]"
    Warning (15710): Ignored I/O standard assignment to node "GPIO_0[11]"
    Warning (15710): Ignored I/O standard assignment to node "GPIO_0[12]"
    Warning (15710): Ignored I/O standard assignment to node "GPIO_0[13]"
    Warning (15710): Ignored I/O standard assignment to node "GPIO_0[14]"
    Warning (15710): Ignored I/O standard assignment to node "GPIO_0[15]"
    Warning (15710): Ignored I/O standard assignment to node "GPIO_0[16]"
    Warning (15710): Ignored I/O standard assignment to node "GPIO_0[17]"
    Warning (15710): Ignored I/O standard assignment to node "GPIO_0[18]"
    Warning (15710): Ignored I/O standard assignment to node "GPIO_0[19]"
    Warning (15710): Ignored I/O standard assignment to node "GPIO_0[1]"
    Warning (15710): Ignored I/O standard assignment to node "GPIO_0[20]"
    Warning (15710): Ignored I/O standard assignment to node "GPIO_0[21]"
    Warning (15710): Ignored I/O standard assignment to node "GPIO_0[22]"
    Warning (15710): Ignored I/O standard assignment to node "GPIO_0[23]"
    Warning (15710): Ignored I/O standard assignment to node "GPIO_0[24]"
    Warning (15710): Ignored I/O standard assignment to node "GPIO_0[25]"
    Warning (15710): Ignored I/O standard assignment to node "GPIO_0[26]"
    Warning (15710): Ignored I/O standard assignment to node "GPIO_0[27]"
    Warning (15710): Ignored I/O standard assignment to node "GPIO_0[28]"
    Warning (15710): Ignored I/O standard assignment to node "GPIO_0[29]"
    Warning (15710): Ignored I/O standard assignment to node "GPIO_0[2]"
    Warning (15710): Ignored I/O standard assignment to node "GPIO_0[30]"
    Warning (15710): Ignored I/O standard assignment to node "GPIO_0[31]"
    Warning (15710): Ignored I/O standard assignment to node "GPIO_0[32]"
    Warning (15710): Ignored I/O standard assignment to node "GPIO_0[33]"
    Warning (15710): Ignored I/O standard assignment to node "GPIO_0[34]"
    Warning (15710): Ignored I/O standard assignment to node "GPIO_0[35]"
    Warning (15710): Ignored I/O standard assignment to node "GPIO_0[3]"
    Warning (15710): Ignored I/O standard assignment to node "GPIO_0[4]"
    Warning (15710): Ignored I/O standard assignment to node "GPIO_0[5]"
    Warning (15710): Ignored I/O standard assignment to node "GPIO_0[6]"
    Warning (15710): Ignored I/O standard assignment to node "GPIO_0[7]"
    Warning (15710): Ignored I/O standard assignment to node "GPIO_0[8]"
    Warning (15710): Ignored I/O standard assignment to node "GPIO_0[9]"
    Warning (15710): Ignored I/O standard assignment to node "GPIO_1[0]"
    Warning (15710): Ignored I/O standard assignment to node "GPIO_1[10]"
    Warning (15710): Ignored I/O standard assignment to node "GPIO_1[11]"
    Warning (15710): Ignored I/O standard assignment to node "GPIO_1[12]"
    Warning (15710): Ignored I/O standard assignment to node "GPIO_1[13]"
    Warning (15710): Ignored I/O standard assignment to node "GPIO_1[14]"
    Warning (15710): Ignored I/O standard assignment to node "GPIO_1[15]"
    Warning (15710): Ignored I/O standard assignment to node "GPIO_1[16]"
    Warning (15710): Ignored I/O standard assignment to node "GPIO_1[17]"
    Warning (15710): Ignored I/O standard assignment to node "GPIO_1[18]"
    Warning (15710): Ignored I/O standard assignment to node "GPIO_1[19]"
    Warning (15710): Ignored I/O standard assignment to node "GPIO_1[1]"
    Warning (15710): Ignored I/O standard assignment to node "GPIO_1[20]"
    Warning (15710): Ignored I/O standard assignment to node "GPIO_1[21]"
    Warning (15710): Ignored I/O standard assignment to node "GPIO_1[22]"
    Warning (15710): Ignored I/O standard assignment to node "GPIO_1[23]"
    Warning (15710): Ignored I/O standard assignment to node "GPIO_1[24]"
    Warning (15710): Ignored I/O standard assignment to node "GPIO_1[25]"
    Warning (15710): Ignored I/O standard assignment to node "GPIO_1[26]"
    Warning (15710): Ignored I/O standard assignment to node "GPIO_1[27]"
    Warning (15710): Ignored I/O standard assignment to node "GPIO_1[28]"
    Warning (15710): Ignored I/O standard assignment to node "GPIO_1[29]"
    Warning (15710): Ignored I/O standard assignment to node "GPIO_1[2]"
    Warning (15710): Ignored I/O standard assignment to node "GPIO_1[30]"
    Warning (15710): Ignored I/O standard assignment to node "GPIO_1[31]"
    Warning (15710): Ignored I/O standard assignment to node "GPIO_1[32]"
    Warning (15710): Ignored I/O standard assignment to node "GPIO_1[33]"
    Warning (15710): Ignored I/O standard assignment to node "GPIO_1[34]"
    Warning (15710): Ignored I/O standard assignment to node "GPIO_1[35]"
    Warning (15710): Ignored I/O standard assignment to node "GPIO_1[3]"
    Warning (15710): Ignored I/O standard assignment to node "GPIO_1[4]"
    Warning (15710): Ignored I/O standard assignment to node "GPIO_1[5]"
    Warning (15710): Ignored I/O standard assignment to node "GPIO_1[6]"
    Warning (15710): Ignored I/O standard assignment to node "GPIO_1[7]"
    Warning (15710): Ignored I/O standard assignment to node "GPIO_1[8]"
    Warning (15710): Ignored I/O standard assignment to node "GPIO_1[9]"
    Warning (15710): Ignored I/O standard assignment to node "I2C_SCLK"
    Warning (15710): Ignored I/O standard assignment to node "I2C_SDAT"
    Warning (15710): Ignored I/O standard assignment to node "KEY[1]"
    Warning (15710): Ignored I/O standard assignment to node "KEY[2]"
    Warning (15710): Ignored I/O standard assignment to node "KEY[3]"
    Warning (15710): Ignored I/O standard assignment to node "LEDG[0]"
    Warning (15710): Ignored I/O standard assignment to node "LEDG[1]"
    Warning (15710): Ignored I/O standard assignment to node "LEDG[2]"
    Warning (15710): Ignored I/O standard assignment to node "LEDG[3]"
    Warning (15710): Ignored I/O standard assignment to node "LEDG[4]"
    Warning (15710): Ignored I/O standard assignment to node "LEDG[5]"
    Warning (15710): Ignored I/O standard assignment to node "LEDG[6]"
    Warning (15710): Ignored I/O standard assignment to node "LEDG[7]"
    Warning (15710): Ignored I/O standard assignment to node "LEDR[0]"
    Warning (15710): Ignored I/O standard assignment to node "LEDR[1]"
    Warning (15710): Ignored I/O standard assignment to node "LEDR[2]"
    Warning (15710): Ignored I/O standard assignment to node "LEDR[3]"
    Warning (15710): Ignored I/O standard assignment to node "LEDR[4]"
    Warning (15710): Ignored I/O standard assignment to node "LEDR[5]"
    Warning (15710): Ignored I/O standard assignment to node "LEDR[6]"
    Warning (15710): Ignored I/O standard assignment to node "LEDR[7]"
    Warning (15710): Ignored I/O standard assignment to node "LEDR[8]"
    Warning (15710): Ignored I/O standard assignment to node "LEDR[9]"
    Warning (15710): Ignored I/O standard assignment to node "PS2_CLK"
    Warning (15710): Ignored I/O standard assignment to node "PS2_DAT"
    Warning (15710): Ignored I/O standard assignment to node "SW[0]"
    Warning (15710): Ignored I/O standard assignment to node "SW[1]"
    Warning (15710): Ignored I/O standard assignment to node "SW[2]"
    Warning (15710): Ignored I/O standard assignment to node "SW[3]"
    Warning (15710): Ignored I/O standard assignment to node "SW[4]"
    Warning (15710): Ignored I/O standard assignment to node "SW[5]"
    Warning (15710): Ignored I/O standard assignment to node "SW[6]"
    Warning (15710): Ignored I/O standard assignment to node "SW[7]"
    Warning (15710): Ignored I/O standard assignment to node "SW[8]"
    Warning (15710): Ignored I/O standard assignment to node "SW[9]"
    Warning (15710): Ignored I/O standard assignment to node "TCK"
    Warning (15710): Ignored I/O standard assignment to node "TCS"
    Warning (15710): Ignored I/O standard assignment to node "TDI"
    Warning (15710): Ignored I/O standard assignment to node "TDO"
    Warning (15710): Ignored I/O standard assignment to node "UART_RXD"
    Warning (15710): Ignored I/O standard assignment to node "UART_TXD"
    Warning (15710): Ignored I/O standard assignment to node "VGA_B[0]"
    Warning (15710): Ignored I/O standard assignment to node "VGA_B[1]"
    Warning (15710): Ignored I/O standard assignment to node "VGA_B[2]"
    Warning (15710): Ignored I/O standard assignment to node "VGA_B[3]"
    Warning (15710): Ignored I/O standard assignment to node "VGA_G[0]"
    Warning (15710): Ignored I/O standard assignment to node "VGA_G[1]"
    Warning (15710): Ignored I/O standard assignment to node "VGA_G[2]"
    Warning (15710): Ignored I/O standard assignment to node "VGA_G[3]"
    Warning (15710): Ignored I/O standard assignment to node "VGA_HS"
    Warning (15710): Ignored I/O standard assignment to node "VGA_R[0]"
    Warning (15710): Ignored I/O standard assignment to node "VGA_R[1]"
    Warning (15710): Ignored I/O standard assignment to node "VGA_R[2]"
    Warning (15710): Ignored I/O standard assignment to node "VGA_R[3]"
    Warning (15710): Ignored I/O standard assignment to node "VGA_VS"
Warning (15705): Ignored locations or region assignments to the following nodes
    Warning (15706): Node "AUD_ADCDAT" is assigned to location or region, but does not exist in design
    Warning (15706): Node "AUD_ADCLRCK" is assigned to location or region, but does not exist in design
    Warning (15706): Node "AUD_BCLK" is assigned to location or region, but does not exist in design
    Warning (15706): Node "AUD_DACDAT" is assigned to location or region, but does not exist in design
    Warning (15706): Node "AUD_DACLRCK" is assigned to location or region, but does not exist in design
    Warning (15706): Node "AUD_XCK" is assigned to location or region, but does not exist in design
    Warning (15706): Node "CLOCK_24[0]" is assigned to location or region, but does not exist in design
    Warning (15706): Node "CLOCK_24[1]" is assigned to location or region, but does not exist in design
    Warning (15706): Node "CLOCK_27[0]" is assigned to location or region, but does not exist in design
    Warning (15706): Node "CLOCK_27[1]" is assigned to location or region, but does not exist in design
    Warning (15706): Node "DRAM_ADDR[0]" is assigned to location or region, but does not exist in design
    Warning (15706): Node "DRAM_ADDR[10]" is assigned to location or region, but does not exist in design
    Warning (15706): Node "DRAM_ADDR[11]" is assigned to location or region, but does not exist in design
    Warning (15706): Node "DRAM_ADDR[1]" is assigned to location or region, but does not exist in design
    Warning (15706): Node "DRAM_ADDR[2]" is assigned to location or region, but does not exist in design
    Warning (15706): Node "DRAM_ADDR[3]" is assigned to location or region, but does not exist in design
    Warning (15706): Node "DRAM_ADDR[4]" is assigned to location or region, but does not exist in design
    Warning (15706): Node "DRAM_ADDR[5]" is assigned to location or region, but does not exist in design
    Warning (15706): Node "DRAM_ADDR[6]" is assigned to location or region, but does not exist in design
    Warning (15706): Node "DRAM_ADDR[7]" is assigned to location or region, but does not exist in design
    Warning (15706): Node "DRAM_ADDR[8]" is assigned to location or region, but does not exist in design
    Warning (15706): Node "DRAM_ADDR[9]" is assigned to location or region, but does not exist in design
    Warning (15706): Node "DRAM_BA_0" is assigned to location or region, but does not exist in design
    Warning (15706): Node "DRAM_BA_1" is assigned to location or region, but does not exist in design
    Warning (15706): Node "DRAM_CAS_N" is assigned to location or region, but does not exist in design
    Warning (15706): Node "DRAM_CKE" is assigned to location or region, but does not exist in design
    Warning (15706): Node "DRAM_CLK" is assigned to location or region, but does not exist in design
    Warning (15706): Node "DRAM_CS_N" is assigned to location or region, but does not exist in design
    Warning (15706): Node "DRAM_DQ[0]" is assigned to location or region, but does not exist in design
    Warning (15706): Node "DRAM_DQ[10]" is assigned to location or region, but does not exist in design
    Warning (15706): Node "DRAM_DQ[11]" is assigned to location or region, but does not exist in design
    Warning (15706): Node "DRAM_DQ[12]" is assigned to location or region, but does not exist in design
    Warning (15706): Node "DRAM_DQ[13]" is assigned to location or region, but does not exist in design
    Warning (15706): Node "DRAM_DQ[14]" is assigned to location or region, but does not exist in design
    Warning (15706): Node "DRAM_DQ[15]" is assigned to location or region, but does not exist in design
    Warning (15706): Node "DRAM_DQ[1]" is assigned to location or region, but does not exist in design
    Warning (15706): Node "DRAM_DQ[2]" is assigned to location or region, but does not exist in design
    Warning (15706): Node "DRAM_DQ[3]" is assigned to location or region, but does not exist in design
    Warning (15706): Node "DRAM_DQ[4]" is assigned to location or region, but does not exist in design
    Warning (15706): Node "DRAM_DQ[5]" is assigned to location or region, but does not exist in design
    Warning (15706): Node "DRAM_DQ[6]" is assigned to location or region, but does not exist in design
    Warning (15706): Node "DRAM_DQ[7]" is assigned to location or region, but does not exist in design
    Warning (15706): Node "DRAM_DQ[8]" is assigned to location or region, but does not exist in design
    Warning (15706): Node "DRAM_DQ[9]" is assigned to location or region, but does not exist in design
    Warning (15706): Node "DRAM_LDQM" is assigned to location or region, but does not exist in design
    Warning (15706): Node "DRAM_RAS_N" is assigned to location or region, but does not exist in design
    Warning (15706): Node "DRAM_UDQM" is assigned to location or region, but does not exist in design
    Warning (15706): Node "DRAM_WE_N" is assigned to location or region, but does not exist in design
    Warning (15706): Node "EXT_CLOCK" is assigned to location or region, but does not exist in design
    Warning (15706): Node "FL_ADDR[0]" is assigned to location or region, but does not exist in design
    Warning (15706): Node "FL_ADDR[10]" is assigned to location or region, but does not exist in design
    Warning (15706): Node "FL_ADDR[11]" is assigned to location or region, but does not exist in design
    Warning (15706): Node "FL_ADDR[12]" is assigned to location or region, but does not exist in design
    Warning (15706): Node "FL_ADDR[13]" is assigned to location or region, but does not exist in design
    Warning (15706): Node "FL_ADDR[14]" is assigned to location or region, but does not exist in design
    Warning (15706): Node "FL_ADDR[15]" is assigned to location or region, but does not exist in design
    Warning (15706): Node "FL_ADDR[16]" is assigned to location or region, but does not exist in design
    Warning (15706): Node "FL_ADDR[17]" is assigned to location or region, but does not exist in design
    Warning (15706): Node "FL_ADDR[18]" is assigned to location or region, but does not exist in design
    Warning (15706): Node "FL_ADDR[19]" is assigned to location or region, but does not exist in design
    Warning (15706): Node "FL_ADDR[1]" is assigned to location or region, but does not exist in design
    Warning (15706): Node "FL_ADDR[20]" is assigned to location or region, but does not exist in design
    Warning (15706): Node "FL_ADDR[21]" is assigned to location or region, but does not exist in design
    Warning (15706): Node "FL_ADDR[2]" is assigned to location or region, but does not exist in design
    Warning (15706): Node "FL_ADDR[3]" is assigned to location or region, but does not exist in design
    Warning (15706): Node "FL_ADDR[4]" is assigned to location or region, but does not exist in design
    Warning (15706): Node "FL_ADDR[5]" is assigned to location or region, but does not exist in design
    Warning (15706): Node "FL_ADDR[6]" is assigned to location or region, but does not exist in design
    Warning (15706): Node "FL_ADDR[7]" is assigned to location or region, but does not exist in design
    Warning (15706): Node "FL_ADDR[8]" is assigned to location or region, but does not exist in design
    Warning (15706): Node "FL_ADDR[9]" is assigned to location or region, but does not exist in design
    Warning (15706): Node "FL_DQ[0]" is assigned to location or region, but does not exist in design
    Warning (15706): Node "FL_DQ[1]" is assigned to location or region, but does not exist in design
    Warning (15706): Node "FL_DQ[2]" is assigned to location or region, but does not exist in design
    Warning (15706): Node "FL_DQ[3]" is assigned to location or region, but does not exist in design
    Warning (15706): Node "FL_DQ[4]" is assigned to location or region, but does not exist in design
    Warning (15706): Node "FL_DQ[5]" is assigned to location or region, but does not exist in design
    Warning (15706): Node "FL_DQ[6]" is assigned to location or region, but does not exist in design
    Warning (15706): Node "FL_DQ[7]" is assigned to location or region, but does not exist in design
    Warning (15706): Node "FL_OE_N" is assigned to location or region, but does not exist in design
    Warning (15706): Node "FL_RST_N" is assigned to location or region, but does not exist in design
    Warning (15706): Node "FL_WE_N" is assigned to location or region, but does not exist in design
    Warning (15706): Node "GPIO_0[0]" is assigned to location or region, but does not exist in design
    Warning (15706): Node "GPIO_0[10]" is assigned to location or region, but does not exist in design
    Warning (15706): Node "GPIO_0[11]" is assigned to location or region, but does not exist in design
    Warning (15706): Node "GPIO_0[12]" is assigned to location or region, but does not exist in design
    Warning (15706): Node "GPIO_0[13]" is assigned to location or region, but does not exist in design
    Warning (15706): Node "GPIO_0[14]" is assigned to location or region, but does not exist in design
    Warning (15706): Node "GPIO_0[15]" is assigned to location or region, but does not exist in design
    Warning (15706): Node "GPIO_0[16]" is assigned to location or region, but does not exist in design
    Warning (15706): Node "GPIO_0[17]" is assigned to location or region, but does not exist in design
    Warning (15706): Node "GPIO_0[18]" is assigned to location or region, but does not exist in design
    Warning (15706): Node "GPIO_0[19]" is assigned to location or region, but does not exist in design
    Warning (15706): Node "GPIO_0[1]" is assigned to location or region, but does not exist in design
    Warning (15706): Node "GPIO_0[20]" is assigned to location or region, but does not exist in design
    Warning (15706): Node "GPIO_0[21]" is assigned to location or region, but does not exist in design
    Warning (15706): Node "GPIO_0[22]" is assigned to location or region, but does not exist in design
    Warning (15706): Node "GPIO_0[23]" is assigned to location or region, but does not exist in design
    Warning (15706): Node "GPIO_0[24]" is assigned to location or region, but does not exist in design
    Warning (15706): Node "GPIO_0[25]" is assigned to location or region, but does not exist in design
    Warning (15706): Node "GPIO_0[26]" is assigned to location or region, but does not exist in design
    Warning (15706): Node "GPIO_0[27]" is assigned to location or region, but does not exist in design
    Warning (15706): Node "GPIO_0[28]" is assigned to location or region, but does not exist in design
    Warning (15706): Node "GPIO_0[29]" is assigned to location or region, but does not exist in design
    Warning (15706): Node "GPIO_0[2]" is assigned to location or region, but does not exist in design
    Warning (15706): Node "GPIO_0[30]" is assigned to location or region, but does not exist in design
    Warning (15706): Node "GPIO_0[31]" is assigned to location or region, but does not exist in design
    Warning (15706): Node "GPIO_0[32]" is assigned to location or region, but does not exist in design
    Warning (15706): Node "GPIO_0[33]" is assigned to location or region, but does not exist in design
    Warning (15706): Node "GPIO_0[34]" is assigned to location or region, but does not exist in design
    Warning (15706): Node "GPIO_0[35]" is assigned to location or region, but does not exist in design
    Warning (15706): Node "GPIO_0[3]" is assigned to location or region, but does not exist in design
    Warning (15706): Node "GPIO_0[4]" is assigned to location or region, but does not exist in design
    Warning (15706): Node "GPIO_0[5]" is assigned to location or region, but does not exist in design
    Warning (15706): Node "GPIO_0[6]" is assigned to location or region, but does not exist in design
    Warning (15706): Node "GPIO_0[7]" is assigned to location or region, but does not exist in design
    Warning (15706): Node "GPIO_0[8]" is assigned to location or region, but does not exist in design
    Warning (15706): Node "GPIO_0[9]" is assigned to location or region, but does not exist in design
    Warning (15706): Node "GPIO_1[0]" is assigned to location or region, but does not exist in design
    Warning (15706): Node "GPIO_1[10]" is assigned to location or region, but does not exist in design
    Warning (15706): Node "GPIO_1[11]" is assigned to location or region, but does not exist in design
    Warning (15706): Node "GPIO_1[12]" is assigned to location or region, but does not exist in design
    Warning (15706): Node "GPIO_1[13]" is assigned to location or region, but does not exist in design
    Warning (15706): Node "GPIO_1[14]" is assigned to location or region, but does not exist in design
    Warning (15706): Node "GPIO_1[15]" is assigned to location or region, but does not exist in design
    Warning (15706): Node "GPIO_1[16]" is assigned to location or region, but does not exist in design
    Warning (15706): Node "GPIO_1[17]" is assigned to location or region, but does not exist in design
    Warning (15706): Node "GPIO_1[18]" is assigned to location or region, but does not exist in design
    Warning (15706): Node "GPIO_1[19]" is assigned to location or region, but does not exist in design
    Warning (15706): Node "GPIO_1[1]" is assigned to location or region, but does not exist in design
    Warning (15706): Node "GPIO_1[20]" is assigned to location or region, but does not exist in design
    Warning (15706): Node "GPIO_1[21]" is assigned to location or region, but does not exist in design
    Warning (15706): Node "GPIO_1[22]" is assigned to location or region, but does not exist in design
    Warning (15706): Node "GPIO_1[23]" is assigned to location or region, but does not exist in design
    Warning (15706): Node "GPIO_1[24]" is assigned to location or region, but does not exist in design
    Warning (15706): Node "GPIO_1[25]" is assigned to location or region, but does not exist in design
    Warning (15706): Node "GPIO_1[26]" is assigned to location or region, but does not exist in design
    Warning (15706): Node "GPIO_1[27]" is assigned to location or region, but does not exist in design
    Warning (15706): Node "GPIO_1[28]" is assigned to location or region, but does not exist in design
    Warning (15706): Node "GPIO_1[29]" is assigned to location or region, but does not exist in design
    Warning (15706): Node "GPIO_1[2]" is assigned to location or region, but does not exist in design
    Warning (15706): Node "GPIO_1[30]" is assigned to location or region, but does not exist in design
    Warning (15706): Node "GPIO_1[31]" is assigned to location or region, but does not exist in design
    Warning (15706): Node "GPIO_1[32]" is assigned to location or region, but does not exist in design
    Warning (15706): Node "GPIO_1[33]" is assigned to location or region, but does not exist in design
    Warning (15706): Node "GPIO_1[34]" is assigned to location or region, but does not exist in design
    Warning (15706): Node "GPIO_1[35]" is assigned to location or region, but does not exist in design
    Warning (15706): Node "GPIO_1[3]" is assigned to location or region, but does not exist in design
    Warning (15706): Node "GPIO_1[4]" is assigned to location or region, but does not exist in design
    Warning (15706): Node "GPIO_1[5]" is assigned to location or region, but does not exist in design
    Warning (15706): Node "GPIO_1[6]" is assigned to location or region, but does not exist in design
    Warning (15706): Node "GPIO_1[7]" is assigned to location or region, but does not exist in design
    Warning (15706): Node "GPIO_1[8]" is assigned to location or region, but does not exist in design
    Warning (15706): Node "GPIO_1[9]" is assigned to location or region, but does not exist in design
    Warning (15706): Node "I2C_SCLK" is assigned to location or region, but does not exist in design
    Warning (15706): Node "I2C_SDAT" is assigned to location or region, but does not exist in design
    Warning (15706): Node "KEY[1]" is assigned to location or region, but does not exist in design
    Warning (15706): Node "KEY[2]" is assigned to location or region, but does not exist in design
    Warning (15706): Node "KEY[3]" is assigned to location or region, but does not exist in design
    Warning (15706): Node "LEDG[0]" is assigned to location or region, but does not exist in design
    Warning (15706): Node "LEDG[1]" is assigned to location or region, but does not exist in design
    Warning (15706): Node "LEDG[2]" is assigned to location or region, but does not exist in design
    Warning (15706): Node "LEDG[3]" is assigned to location or region, but does not exist in design
    Warning (15706): Node "LEDG[4]" is assigned to location or region, but does not exist in design
    Warning (15706): Node "LEDG[5]" is assigned to location or region, but does not exist in design
    Warning (15706): Node "LEDG[6]" is assigned to location or region, but does not exist in design
    Warning (15706): Node "LEDG[7]" is assigned to location or region, but does not exist in design
    Warning (15706): Node "LEDR[0]" is assigned to location or region, but does not exist in design
    Warning (15706): Node "LEDR[1]" is assigned to location or region, but does not exist in design
    Warning (15706): Node "LEDR[2]" is assigned to location or region, but does not exist in design
    Warning (15706): Node "LEDR[3]" is assigned to location or region, but does not exist in design
    Warning (15706): Node "LEDR[4]" is assigned to location or region, but does not exist in design
    Warning (15706): Node "LEDR[5]" is assigned to location or region, but does not exist in design
    Warning (15706): Node "LEDR[6]" is assigned to location or region, but does not exist in design
    Warning (15706): Node "LEDR[7]" is assigned to location or region, but does not exist in design
    Warning (15706): Node "LEDR[8]" is assigned to location or region, but does not exist in design
    Warning (15706): Node "LEDR[9]" is assigned to location or region, but does not exist in design
    Warning (15706): Node "PS2_CLK" is assigned to location or region, but does not exist in design
    Warning (15706): Node "PS2_DAT" is assigned to location or region, but does not exist in design
    Warning (15706): Node "SRAM_ADDR[0]" is assigned to location or region, but does not exist in design
    Warning (15706): Node "SRAM_ADDR[10]" is assigned to location or region, but does not exist in design
    Warning (15706): Node "SRAM_ADDR[11]" is assigned to location or region, but does not exist in design
    Warning (15706): Node "SRAM_ADDR[12]" is assigned to location or region, but does not exist in design
    Warning (15706): Node "SRAM_ADDR[13]" is assigned to location or region, but does not exist in design
    Warning (15706): Node "SRAM_ADDR[14]" is assigned to location or region, but does not exist in design
    Warning (15706): Node "SRAM_ADDR[15]" is assigned to location or region, but does not exist in design
    Warning (15706): Node "SRAM_ADDR[16]" is assigned to location or region, but does not exist in design
    Warning (15706): Node "SRAM_ADDR[17]" is assigned to location or region, but does not exist in design
    Warning (15706): Node "SRAM_ADDR[1]" is assigned to location or region, but does not exist in design
    Warning (15706): Node "SRAM_ADDR[2]" is assigned to location or region, but does not exist in design
    Warning (15706): Node "SRAM_ADDR[3]" is assigned to location or region, but does not exist in design
    Warning (15706): Node "SRAM_ADDR[4]" is assigned to location or region, but does not exist in design
    Warning (15706): Node "SRAM_ADDR[5]" is assigned to location or region, but does not exist in design
    Warning (15706): Node "SRAM_ADDR[6]" is assigned to location or region, but does not exist in design
    Warning (15706): Node "SRAM_ADDR[7]" is assigned to location or region, but does not exist in design
    Warning (15706): Node "SRAM_ADDR[8]" is assigned to location or region, but does not exist in design
    Warning (15706): Node "SRAM_ADDR[9]" is assigned to location or region, but does not exist in design
    Warning (15706): Node "SRAM_CE_N" is assigned to location or region, but does not exist in design
    Warning (15706): Node "SRAM_DQ[0]" is assigned to location or region, but does not exist in design
    Warning (15706): Node "SRAM_DQ[10]" is assigned to location or region, but does not exist in design
    Warning (15706): Node "SRAM_DQ[11]" is assigned to location or region, but does not exist in design
    Warning (15706): Node "SRAM_DQ[12]" is assigned to location or region, but does not exist in design
    Warning (15706): Node "SRAM_DQ[13]" is assigned to location or region, but does not exist in design
    Warning (15706): Node "SRAM_DQ[14]" is assigned to location or region, but does not exist in design
    Warning (15706): Node "SRAM_DQ[15]" is assigned to location or region, but does not exist in design
    Warning (15706): Node "SRAM_DQ[1]" is assigned to location or region, but does not exist in design
    Warning (15706): Node "SRAM_DQ[2]" is assigned to location or region, but does not exist in design
    Warning (15706): Node "SRAM_DQ[3]" is assigned to location or region, but does not exist in design
    Warning (15706): Node "SRAM_DQ[4]" is assigned to location or region, but does not exist in design
    Warning (15706): Node "SRAM_DQ[5]" is assigned to location or region, but does not exist in design
    Warning (15706): Node "SRAM_DQ[6]" is assigned to location or region, but does not exist in design
    Warning (15706): Node "SRAM_DQ[7]" is assigned to location or region, but does not exist in design
    Warning (15706): Node "SRAM_DQ[8]" is assigned to location or region, but does not exist in design
    Warning (15706): Node "SRAM_DQ[9]" is assigned to location or region, but does not exist in design
    Warning (15706): Node "SRAM_LB_N" is assigned to location or region, but does not exist in design
    Warning (15706): Node "SRAM_OE_N" is assigned to location or region, but does not exist in design
    Warning (15706): Node "SRAM_UB_N" is assigned to location or region, but does not exist in design
    Warning (15706): Node "SRAM_WE_N" is assigned to location or region, but does not exist in design
    Warning (15706): Node "SW[0]" is assigned to location or region, but does not exist in design
    Warning (15706): Node "SW[1]" is assigned to location or region, but does not exist in design
    Warning (15706): Node "SW[2]" is assigned to location or region, but does not exist in design
    Warning (15706): Node "SW[3]" is assigned to location or region, but does not exist in design
    Warning (15706): Node "SW[4]" is assigned to location or region, but does not exist in design
    Warning (15706): Node "SW[5]" is assigned to location or region, but does not exist in design
    Warning (15706): Node "SW[6]" is assigned to location or region, but does not exist in design
    Warning (15706): Node "SW[7]" is assigned to location or region, but does not exist in design
    Warning (15706): Node "SW[8]" is assigned to location or region, but does not exist in design
    Warning (15706): Node "SW[9]" is assigned to location or region, but does not exist in design
    Warning (15706): Node "TCK" is assigned to location or region, but does not exist in design
    Warning (15706): Node "TCS" is assigned to location or region, but does not exist in design
    Warning (15706): Node "TDI" is assigned to location or region, but does not exist in design
    Warning (15706): Node "TDO" is assigned to location or region, but does not exist in design
    Warning (15706): Node "UART_RXD" is assigned to location or region, but does not exist in design
    Warning (15706): Node "UART_TXD" is assigned to location or region, but does not exist in design
    Warning (15706): Node "VGA_B[0]" is assigned to location or region, but does not exist in design
    Warning (15706): Node "VGA_B[1]" is assigned to location or region, but does not exist in design
    Warning (15706): Node "VGA_B[2]" is assigned to location or region, but does not exist in design
    Warning (15706): Node "VGA_B[3]" is assigned to location or region, but does not exist in design
    Warning (15706): Node "VGA_G[0]" is assigned to location or region, but does not exist in design
    Warning (15706): Node "VGA_G[1]" is assigned to location or region, but does not exist in design
    Warning (15706): Node "VGA_G[2]" is assigned to location or region, but does not exist in design
    Warning (15706): Node "VGA_G[3]" is assigned to location or region, but does not exist in design
    Warning (15706): Node "VGA_HS" is assigned to location or region, but does not exist in design
    Warning (15706): Node "VGA_R[0]" is assigned to location or region, but does not exist in design
    Warning (15706): Node "VGA_R[1]" is assigned to location or region, but does not exist in design
    Warning (15706): Node "VGA_R[2]" is assigned to location or region, but does not exist in design
    Warning (15706): Node "VGA_R[3]" is assigned to location or region, but does not exist in design
    Warning (15706): Node "VGA_VS" is assigned to location or region, but does not exist in design
Info (171121): Fitter preparation operations ending: elapsed time is 00:00:01
Info (170189): Fitter placement preparation operations beginning
Info (170190): Fitter placement preparation operations ending: elapsed time is 00:00:01
Info (170191): Fitter placement operations beginning
Info (170137): Fitter placement was successful
Info (170192): Fitter placement operations ending: elapsed time is 00:00:01
Info (170193): Fitter routing operations beginning
Info (170195): Router estimated average interconnect usage is 8% of the available device resources
    Info (170196): Router estimated peak interconnect usage is 17% of the available device resources in the region that extends from location X12_Y14 to location X24_Y27
Info (170194): Fitter routing operations ending: elapsed time is 00:00:02
Info (170199): The Fitter performed an Auto Fit compilation.  Optimizations were skipped to reduce compilation time.
    Info (170201): Optimizations that may affect the design's routability were skipped
    Info (170200): Optimizations that may affect the design's timing were skipped
Info (11888): Total time spent on timing analysis during the Fitter is 0.77 seconds.
Info (306004): Started post-fitting delay annotation
Warning (306006): Found 28 output pins without output pin load capacitance assignment
    Info (306007): Pin "HEX0[6]" has no specified output pin load capacitance -- assuming default load capacitance of 0 pF for timing analysis
    Info (306007): Pin "HEX0[5]" has no specified output pin load capacitance -- assuming default load capacitance of 0 pF for timing analysis
    Info (306007): Pin "HEX0[4]" has no specified output pin load capacitance -- assuming default load capacitance of 0 pF for timing analysis
    Info (306007): Pin "HEX0[3]" has no specified output pin load capacitance -- assuming default load capacitance of 0 pF for timing analysis
    Info (306007): Pin "HEX0[2]" has no specified output pin load capacitance -- assuming default load capacitance of 0 pF for timing analysis
    Info (306007): Pin "HEX0[1]" has no specified output pin load capacitance -- assuming default load capacitance of 0 pF for timing analysis
    Info (306007): Pin "HEX0[0]" has no specified output pin load capacitance -- assuming default load capacitance of 0 pF for timing analysis
    Info (306007): Pin "HEX1[6]" has no specified output pin load capacitance -- assuming default load capacitance of 0 pF for timing analysis
    Info (306007): Pin "HEX1[5]" has no specified output pin load capacitance -- assuming default load capacitance of 0 pF for timing analysis
    Info (306007): Pin "HEX1[4]" has no specified output pin load capacitance -- assuming default load capacitance of 0 pF for timing analysis
    Info (306007): Pin "HEX1[3]" has no specified output pin load capacitance -- assuming default load capacitance of 0 pF for timing analysis
    Info (306007): Pin "HEX1[2]" has no specified output pin load capacitance -- assuming default load capacitance of 0 pF for timing analysis
    Info (306007): Pin "HEX1[1]" has no specified output pin load capacitance -- assuming default load capacitance of 0 pF for timing analysis
    Info (306007): Pin "HEX1[0]" has no specified output pin load capacitance -- assuming default load capacitance of 0 pF for timing analysis
    Info (306007): Pin "HEX2[6]" has no specified output pin load capacitance -- assuming default load capacitance of 0 pF for timing analysis
    Info (306007): Pin "HEX2[5]" has no specified output pin load capacitance -- assuming default load capacitance of 0 pF for timing analysis
    Info (306007): Pin "HEX2[4]" has no specified output pin load capacitance -- assuming default load capacitance of 0 pF for timing analysis
    Info (306007): Pin "HEX2[3]" has no specified output pin load capacitance -- assuming default load capacitance of 0 pF for timing analysis
    Info (306007): Pin "HEX2[2]" has no specified output pin load capacitance -- assuming default load capacitance of 0 pF for timing analysis
    Info (306007): Pin "HEX2[1]" has no specified output pin load capacitance -- assuming default load capacitance of 0 pF for timing analysis
    Info (306007): Pin "HEX2[0]" has no specified output pin load capacitance -- assuming default load capacitance of 0 pF for timing analysis
    Info (306007): Pin "HEX3[6]" has no specified output pin load capacitance -- assuming default load capacitance of 0 pF for timing analysis
    Info (306007): Pin "HEX3[5]" has no specified output pin load capacitance -- assuming default load capacitance of 0 pF for timing analysis
    Info (306007): Pin "HEX3[4]" has no specified output pin load capacitance -- assuming default load capacitance of 0 pF for timing analysis
    Info (306007): Pin "HEX3[3]" has no specified output pin load capacitance -- assuming default load capacitance of 0 pF for timing analysis
    Info (306007): Pin "HEX3[2]" has no specified output pin load capacitance -- assuming default load capacitance of 0 pF for timing analysis
    Info (306007): Pin "HEX3[1]" has no specified output pin load capacitance -- assuming default load capacitance of 0 pF for timing analysis
    Info (306007): Pin "HEX3[0]" has no specified output pin load capacitance -- assuming default load capacitance of 0 pF for timing analysis
Info (306005): Delay annotation completed successfully
Info (306004): Started post-fitting delay annotation
Info (306005): Delay annotation completed successfully
Info (11218): Fitter post-fit operations ending: elapsed time is 00:00:02
Info (176045): Design uses memory blocks. Violating setup or hold times of memory block address registers for either read or write operations could cause memory contents to be corrupted. Make sure that all memory block address registers meet the setup and hold time requirements.
Warning (171167): Found invalid Fitter assignments. See the Ignored Assignments panel in the Fitter Compilation Report for more information.
Warning (169174): The Reserve All Unused Pins setting has not been specified, and will default to 'As output driving ground'.
Info (144001): Generated suppressed messages file C:/Users/mouazir/Documents/TP_System_on_ship/DE1_Basic_Computer/vhdl/DE1_Basic_Computer.fit.smsg
Info: Quartus II 32-bit Fitter was successful. 0 errors, 392 warnings
    Info: Peak virtual memory: 793 megabytes
    Info: Processing ended: Tue May 12 12:47:24 2026
    Info: Elapsed time: 00:00:22
    Info: Total CPU time (on all processors): 00:00:17


+----------------------------+
; Fitter Suppressed Messages ;
+----------------------------+
The suppressed messages can be found in C:/Users/mouazir/Documents/TP_System_on_ship/DE1_Basic_Computer/vhdl/DE1_Basic_Computer.fit.smsg.


