S02B0000433A2F55736572732F44656C6C2F446F63756D656E74732F6D795F415050352F536F432F54502F7352
S3150400000034004100145A40083A6800080000000011
S3150400001000000000000000000000000000000000D6
S3150400002004EDFFDE1500C0DF150240D8150380D8A5
S315040000301504C0D8150500D9150640D9150780D969
S315040000401508C0D97A300B00150900DA150A40DA0A
S31504000050150B80DA150CC0DA150D00DB150E40DB26
S31504000060150F80DB1510C0DB151140D904FFFFEB1B
S315040000701512C0DB3A3109004C0080282603001013
S3150400008026020020C00E004006030000151240DFC1
S3150400009017FFBFE83AA03D00171140D9171240DFF9
S315040000A01700C0DF7A700128170240D8170380D8DA
S315040000B01704C0D8170500D9170640D9170780D9E1
S315040000C01708C0D9170900DA170A40DA170B80DABD
S315040000D0170CC0DA170D00DB170E40DB170F80DB99
S315040000E01710C0DB0413C0DE3A0880EF04FEFFDEFF
S315040000F01501C0DF150000DC3A310D00740001045F
S3150400010004F63E844C0080303A0005101E0A0010A6
S315040001103A880900FA9004203A8805141700C0109A
S31504000120170100113AE83E183A310500260A001074
S315040001303A880D1006F33F004400C0003A880900CF
S315040001403A880B183A88C7183A8849213A70C43055
S315040001501EF03F1006FB3F001701C0DF170000DC4E
S30D040001600402C0DE3A2800F88F
S315040001683480C1061400C0DE74008106143898D69B
S315040001783400810014DFBE103400C1001436FF18A1
S315040001882603C010150000100401801036FDFF1068
S31504000198C0E00A4040F80A4006FF3F0004FFFFDEBD
S315040001A8260E0020C4E1C401C4FFBF01150000D80F
S315040001B8170080D83607803844004001C4E1C400DB
S315040001C8170080D83A884511150080D8170080D8BA
S315040001D82EFBBF183A8889211EF43F200401C0DE8D
S315040001E83A2800F8041084002D00001084108400B6
S315040001F82D0000103A2800F81E0200203A8805004F
S3150400020806060000260200280400CC0006010000A9
S315040002180400C800CCFF83303AB0C410CCFFFF10EA
S31504000228841084002D00C0103A2800F81E0200200D
S315040002383A88050006060000260200280400CC00B9
S31504000248060100000400C800CCFF83303AB0C4108D
S31504000258CCFFFF10041084002D00C0103A2800F8C3
S3150400026804F6FFDE1509C0DF150880DD150740DD35
S31504000278150600DD1505C0DC150480DC150340DC15
S31504000288150200DC7400010104CE3021006102402D
S31504000298740081000438B810170080101702001182
S315040002A8808701400480CC003A8805003500C010D8
S315040002B83A882B003A882500440080054401000149
S315040002C8401A00403A880500370080107AD0041096
S315040002D8CC1F4011CC3F80281E0C0010C01E0040C5
S315040002E87400010104D430210061024074008100C5
S315040002F80438B810170080101702001180870140CF
S315040003083A882B003A88250006EC3F00CC3FC02CDF
S315040003184400C0003A70C4983A0005101E03001041
S3150400032844FF3F013A882318060200003A88090068
S315040003383A8823008400C0003A70C4982602001044
S315040003483AC8C9204400408C0C0180982602001043
S31504000358C4FF3F214400408C0C02809826010010FB
S315040003684400408C0C048098260200103A8889259B
S315040003783A88A38D0C088098260200108400002170
S315040003884400408C0C10809826020010C4000021FA
S315040003984400408C40D000403A8821103A880988A5
S315040003A840D000403A8809803A880B1080A2004061
S315040003B83A8829103A8809A83A880B10407E0040E2
S315040003C83A882B1034B210043A8809103A880B80FC
S315040003D8C0B900400E0280003A882B800606000049
S315040003E834B230043A8809A83A880B80C0C8004059
S315040003F80E0100103A882B803A8809A034A85001C7
S31504000408808400403A8821103A8809A83A880B0063
S31504000418808400403A8809803A880B10407E004060
S315040004283A8821103A8809A03A880B904077004008
S315040004383A88091034285001808400403A88098093
S315040004483A880B10407E00403A882110B43B510488
S315040004580400608C3A8809883A880B104077004073
S315040004683A880910005200403A8825103A880980CB
S315040004783A880B88407E00403A88091000520040AA
S31504000488C4FFC3002E01801C3A8825183A88211017
S31504000498C4FF83002E0100143A882110C4BF8100CA
S315040004A83601801404C08104C4BF810036010014D7
S315040004B804C001043A8809B03A880B003A880D80CA
S315040004C8402300403A8809B03A880B003A880D90D0
S315040004D8002000403A8809A000E30040150080DCAB
S315040004E8150100DC7400010104DA30213A880B98FE
S315040004F83A880D103A880F18804F0240740081001C
S315040005080438B810170080101702001180870140BC
S315040005183A8825A006693F0004FDFFDE150000DCC5
S3150400052834C013043A880B80150140DC1502C0DF79
S315040005383A88232040C100403A880B803A880988C3
S31504000548160A0010407700403A880910C0D90040BE
S315040005583400E0003A88C5101702C0DF170140DCF2
S31504000568170000DC0403C0DE3A2800F83A88098834
S31504000578C0D900401702C0DF170140DC170000DCB1
S315040005880403C0DE3A2800F81700C021440000021C
S315040005982E33C041170080282E4680400401C0002F
S315040005A8266BC0382643C0108400C000262EC0100F
S315040005B82640C038170280221702C02817030023D2
S315040005C81703402A3AC8CF503A881738164F0038C6
S315040005D8C40780001633C0110E54C0023A98C441A9
S315040005E83AD8C649C4FFBF103A7084483AC00410C2
S315040005F83AB092181701C02017018028263C8018A3
S31504000608262F00183AC8054B1642001015028032E8
S315040006181503803015010030170300313400D0016A
S3150400062884FFFF39C4FFBF203A880720360880387C
S31504000638170240313A88C918C4FFBF20C4FF7F296E
S315040006483A8807202EFBBF381502403115030031BE
S31504000658C400800015008030161B00203A88093033
S315040006683A8805203A2800F81EFDFF381500C031DF
S3150400067817018020150180301702C0201502C030EA
S3150400068817038020150380301701C020170180281E
S315040006983A8809303A7086183A8805201501C03018
S315040006A83A2800F81617801A3A8815183A8819004D
S315040006B806D03F003A8809283A8805203A2800F8DF
S315040006C83AC8456206D03F00170280307AD0062021
S315040006D84C000021440080103AB006193A880930C3
S315040006E8150280303A8805201503C0303A2800F8E8
S315040006F83A88094B1501C0301502803215030031BA
S3150400070806D33F003A88130006BA3F003AC8CF0119
S3150400071806AF3F003AC889004400800015018030BE
S31504000728150280321503003106BB3F0026B13F5837
S315040007383A98C4413AD8C6613A88D551C4FFBF101D
S315040007483A7084603AC004103AB0981806A93F0073
S315040007581EC3FF111701C0281701802026C0FF10E9
S315040007687400010104E2302106BD3F0004EFFFDEF8
S31504000778150FC0DC0402C0DC150E40DC150000D9D8
S31504000788150140D93A8809D83A880B98040640DCFA
S315040007981510C0DF001C0140040100D93A880B88F3
S315040007A8001C0140170780D83A8809983A880B88AC
S315040007B8040A80D95C008010150780D800590040C7
S315040007C83A880910000601401710C0DF170FC0DC6D
S315040007D8170E40DC0411C0DE3A2800F804EFFFDEE9
S315040007E8150FC0DC0402C0DC150E40DC150000D968
S315040007F8150140D93A8809D83A880B98040640DC8A
S315040008081510C0DF001C0140040100D93A880B8882
S31504000818001C0140040A80D93A8809983A880B884A
S31504000828005900403A880910000601401710C0DF35
S31504000838170FC0DC170E40DC0411C0DE3A2800F896
S3150400084804EFFFDE150F40DC040240DC150E00DC65
S31504000858150000D9150140D93A8809D83A880B8871
S31504000868040600DC1510C0DF001C0140040100D991
S315040008783A880B80001C0140170200D94400800006
S31504000888040140012E1400111706C0D82E05C01005
S31504000898260F4021265D401984008000260E8020FC
S315040008A81E1880181707C0D8170380D83A880980F5
S315040008B83AC0C410150780D8000601401710C0DFD7
S315040008C8170F40DC170E00DC0411C0DE3A2800F8C6
S315040008D884008000264F8018170380D81707C0D8CD
S315040008E83A8809883AC0C410150380D8000601401E
S315040008F81710C0DF170F40DC170E00DC0411C0DE2A
S315040009083A2800F8170580D8170900DA3A88130038
S315040009183A8807003A880F483A880B183A880D40EF
S315040009283A880910C0EB0040170480DA170880D902
S31504000938170340DA840080523A889532170780D91B
S315040009483A880B183A880F183AC09249150B40DAB8
S315040009583A880710150C80DA0E0700284C00802800
S315040009683A0005103A880D50261E00107AD00E3823
S3150400097844008031150C80D934001001C4FF3F218E
S31504000988360BC021170C80D8060200003A88C7180F
S315040009983606C021C4FFBF103A88CF390EFB3F186C
S315040009A85400C0393A88C7182EFAFF21150C80D886
S315040009B8CC1F003904108000260D8020C400800056
S315040009C8040A00D9150DC0D9150A80D800060140B5
S315040009D81710C0DF170F40DC170E00DC0411C0DE49
S315040009E83A2800F87AD004183400E01006DF3F00ED
S315040009F80C2080381EF13F1026F03F183A88073934
S31504000A0804E0BF003A708E1806EC3F0084008000AC
S31504000A181EA4BF207400010104E2302106B33F007E
S31504000A2804F3FFDE150B40DC040240DC150A00DC87
S31504000A38150000D9150140D93A8809D83A880B888F
S31504000A48040600DC150CC0DF001C0140040100D9B3
S31504000A583A880B80001C0140170200D94400800024
S31504000A68040180012E0A0011170640D92E434011AD
S31504000A78170380D81707C0D83AF0C410150380D8CE
S31504000A8826028021840080001E1080202607002963
S31504000A983A88098800060140170CC0DF170B40DCAA
S31504000AA8170A00DC040DC0DE3A2800F874000101B8
S31504000AB804E2302100060140170CC0DF170B40DCA6
S31504000AC8170A00DC040DC0DE3A2800F8262D802912
S31504000AD8261A80281704C0D8170880D8170500D9FD
S31504000AE8170980D93AC88518150480D82E03802199
S31504000AF8C4FFBF10150480D83A8809213400500170
S31504000B083A8807003A880500C407C00144008010E3
S31504000B18360280213AB046193AC889217AD00A2879
S31504000B283A8809211EF9FF11CC1F401904108000C8
S31504000B38260A80281505C0D806D53F003A880988AC
S31504000B48150280D900060140170CC0DF170B40DCDC
S31504000B58170A00DC040DC0DE3A2800F80C208018B9
S31504000B681EF43F1026F33F203A88471904E0BF00D5
S31504000B783A7086181505C0D806C53F003A88098014
S31504000B8806C43F003A880988150500D8150400D814
S31504000B9806C03F0004F3FFDE150B40DC040240DC0C
S31504000BA8150A00DC150000D9150140D93A8809D878
S31504000BB83A880B88040600DC150CC0DF001C0140CB
S31504000BC8040100D93A880B80001C0140170280D81A
S31504000BD84400C000C4FFBF012E068018170680D83B
S31504000BE83A8809883A880B802E02801880280140A2
S31504000BF83A880D103A880530170CC0DF170B40DC0D
S31504000C08170A00DC040DC0DE3A2800F804F3FFDEF8
S31504000C18150B40DC040240DC150A00DC150000D97B
S31504000C28150140D93A8809D83A880B88040600DCA5
S31504000C38150CC0DF001C0140040100D93A880B805A
S31504000C48001C0140170280D84400C000C4FFBF013D
S31504000C582E068018170680D83A8809883A880B80A1
S31504000C682E028018802801403A880D103A880530EB
S31504000C78170CC0DF170B40DC170A00DC040DC0DEB6
S31504000C883A2800F804F3FFDE150B40DC040240DCC6
S31504000C98150A00DC150000D9150140D93A8809D887
S31504000CA83A880B88040600DC150CC0DF001C0140DA
S31504000CB8040100D93A880B80001C0140170280D829
S31504000CC84400C0003A880D182E068018170680D8E6
S31504000CD83A8809883A880B802E02801880280140B1
S31504000CE83A880D103A880530170CC0DF170B40DC1C
S31504000CF8170A00DC040DC0DE3A2800F8FAD70620E5
S31504000D0804FAFFDEC40080001505C0DF150400DC04
S31504000D18150080D81501C0D81E080020840080005C
S31504000D28150080D83A8809D8000601401705C0DF9F
S31504000D38170400DC0406C0DE3A2800F8840780009D
S31504000D483A000718150280D81E0E00183400A000B1
S31504000D58260E80203AC821013A880980150300DC4A
S31504000D6800FE0040C4FF7F110EEE7F01170280D8F3
S31504000D783A9846813AC845111503C0D8150280D851
S31504000D8806E83F003A88212006F33F0034C0B30042
S31504000D9806E63F0004FAFFDE150000D9040140D92F
S31504000DA83A8809D81505C0DF001C01401701C0D8C8
S31504000DB8840080001E0480183A8805001705C0DFE1
S31504000DC80406C0DE3A2800F8440080002EFAFF1014
S31504000DD80401800026048018170380D816F63F10ED
S31504000DE88407C0000E078018170280D81E0C00104E
S31504000DF83400A000C4FFBF101705C0DF0406C0DE18
S31504000E083A2800F83AC88518170200D91704C0D832
S31504000E183AD8841826E93F203AC8850006E73F00F1
S31504000E283400A00006E53F0004F9FFDE150100D9E9
S31504000E38040240D9040100D91506C0DF001C01408C
S31504000E481705C0D93A881100BA970640BAD012389D
S31504000E58BA970438170200D9170340D9170480D95A
S31504000E683AB0C6483A880F101500C0D840E8004082
S31504000E781706C0DF0407C0DE3A2800F804F9FFDEC7
S31504000E881707C0D8150000D93A8809D81505C0DF50
S31504000E981506C0D9150140D9150280D91504C0D83C
S31504000EA81503C0D9003301401705C0DF0407C0DEA7
S31504000EB83A2800F804F2FFDE150C00DF3AD438307D
S31504000EC8150800DD150540DC3AD42820CCFF7F241C
S31504000ED8150400DCCCFF3F341507C0DC150000D927
S31504000EE83A8827283A880988150140D93A880B8010
S31504000EF8150280D9150DC0DF1503C0D9150A80DD82
S31504000F08150940DD3A882D30150BC0DD150680DC41
S31504000F18406401403A8809883A880BE03A882B10DD
S31504000F28406401403A880B803A8809A03A8823101D
S31504000F38406401403A8809A03A880BE03A882110AF
S31504000F4840640140CCFFFFA83AD42AA83A88238CE7
S31504000F583A8811103A886BAC3A9404A83A8809B0CE
S31504000F683A880B983A88C7103AD412A83A880D18C2
S31504000F782E0200AC740080003A8891403A88674291
S31504000F883A882D3040640140170340D9170000D928
S31504000F983A882310406401403A88CB143A884B892E
S31504000FA83A8805B03A880728170DC0DF170C00DF02
S31504000FB8170BC0DD170A80DD170940DD170800DDA9
S31504000FC81707C0DC170680DC170540DC170400DCAD
S31504000FD8040EC0DE3A2800F8D4FFBF00360E00110E
S31504000FE8C43F8000040240013A8807003610001105
S31504000FF83A880B003AD8C6207400810004E6B0107B
S315040010083A888718030080180408C0003A88852897
S315040010183AC885183A2800F8040440013440800088
S31504001028C4FFBF103A8807282EF23F110406400170
S315040010383A8807283AD8C6207400810004E6B01016
S315040010483A888718030080180408C0003A88852857
S315040010583AC885183A2800F81700C0204400C00189
S3150400106817038021170140212E2DC0380401800062
S315040010782628801884008000260180181E10003057
S315040010883A880D003A880700CC3F0019FA950820DB
S315040010983420C000C4FFFF183A70C6302C00A010D4
S315040010A83AB0C410FA970A283AB004113400E0009A
S315040010B8C4FFFF183A70C4103AB044113A2800F82D
S315040010C81702002184E0BF00161B8020C41F80007D
S315040010D8161000113A708E303A8887200410800062
S315040010E826058038C40F803116070030BA900430BC
S315040010F87AD20C1006E43F000C20803026FA3F1002
S315040011083A88CD3106F83F007AD00C304400C0182E
S3150400111806F63F003A880D00C4FFFF0006DA3F00D2
S315040011283404803134208000C4FFBF103A708C30F8
S31504001138C4FFFF0006D43F003AC8091144068000DC
S31504001148161200113A9804393AD80631C4FFBF106A
S315040011583A7084303AC004103AB08618CC1F001985
S3150400116804108000260C8020C40FC0183400900098
S31504001178C4FFBF10FAD10C183A80C7103420800077
S31504001188C4FFBF103A708C3006BF3F003A88070088
S315040011983A880D0006F93F000C2080182601001035
S315040011A83A880719FAD10C1834009000C4FFBF1006
S315040011B83A80C71006F13F00170080213420C0008A
S315040011C8C4FFFF18FAD50430FAD708303A70CE307F
S315040011D8CC3FC010150100291E130018260F00382D
S315040011E8FA91063884E0BF01C40080003400100177
S315040011F8C4FF3F2115008028150280293605C02022
S315040012083A8805303A88C718C4FFBF102EFDFF2058
S31504001218150280281503C0283A2800F8840080009F
S31504001228150080283A2800F8C43F8000260880184C
S31504001238FA91043844E0FF181502C02834009010C7
S3150400124815038028C4008000150080283A2800F871
S315040012581E03003804018000150080283A2800F887
S315040012682C048030260400104400800015008028D1
S315040012781503C0293A2800F81500002806FC3F0083
S31504001288170080214400C0002E0A80191700802800
S315040012982E0880180401C000261EC030261AC01065
S315040012A88400C0002605C0301E07C0101701802020
S315040012B81E090010440080003A2800F81E12C010C7
S315040012C83A8805003A2800F81701C0201701802833
S315040012D82603801826F73F18C4FFBF003A2800F8EB
S315040012E8170280211702802816FABF1116048030C7
S315040012F8170300211703402936F63F292EF07F21CC
S315040013081EEC3F1806F43F00170180281EE93F101B
S3150400131806F13F001EE5BF111701C02817018020FA
S315040013283AC885183A2800F81700C02004FDFFDEDD
S31504001338150000DC150280DC150140DC4400800041
S31504001348170300223A881F001704402217010024B5
S315040013582E55C01004018000264F80188400800092
S31504001368260280183AB044421E1A00103A880D0024
S315040013783A880F003A88110034048000C4FFBF106D
S315040013883A881D303A7084383A950A402CFCBF795D
S315040013983AB08C303404E000C4FFFF18FA9704808E
S315040013A83A70C6303AB0461934006001C4FF7F2942
S315040013B83A704A193AB08A283A8807283A8805704A
S315040013C8170280DC170140DC170000DC0403C0DECA
S315040013D83A2800F8170200218400BF00163F80202F
S315040013E8C4FF8000162C0011C43F80003A708C405C
S315040013F8042080003A8807003A880F00C4FF802238
S31504001408261E8030C41F80003A8889403A800D22FF
S315040014183A884D323A8811203A88133034008800C5
S31504001428C4FFBF10360D40123A9604483AD20C400F
S315040014383AD20E48C4FF3F013AB08C113404400135
S31504001448C4FF7F293A7004313A704639CCFF0152F9
S315040014583A880D103A880F1806C73F00FA970848C5
S315040014687AD004407AD00648440080523AB08420A0
S315040014783A8811103A88131806EB3F001EE13F38E4
S31504001488044000013A7004413AB0C41026E33F1000
S315040014983A88053006DC3F003A880D003A880F0082
S315040014A8C4FF010206B43F003A8805003402C000AE
S315040014B83AB08C403AB0CE48C4FF3F0134044001E8
S315040014C8C4FF7F293A7004313A7046393A880D10B8
S315040014D83A880F18C4FF010206A73F003AC8091143
S315040014E8040E80001643001104F8FF21164500383F
S315040014F83AD8D8493A881B003A8823004400400160
S315040015083A882500164700383A98D6293A881500A5
S31504001518C4FFBF003A8889503A888B583A808D228E
S315040015283A884B313A7004413A7046493AB0C41085
S3150400153826020010440040043A882500C43F80006F
S315040015483AB04E643A709238042080003AB0906CEF
S315040015583A88150026168048C41F00013A880539BA
S315040015683A80CD113A880D323A880F103400840037
S31504001578C4FFBF103A8811303A880700361B801119
S315040015883A9604403AD208383AD20A403A881318A6
S315040015983AB00811C4FFBF003404C000C4FFFF18E2
S315040015A83A708C203A70CE28CCFF014A06723F0066
S315040015B81EE93F50044000013A7004393A8807008E
S315040015C83AB0C410260600103A88453A3A80CD1136
S315040015D83A880D323A880F103A8811303A8807004B
S315040015E834008400C4FFBF102EE53F124400C00037
S315040015F806E33F003A8809003A8813003A880B0044
S3150400160806E43F003A88474AC40780003AC80511E9
S315040016183A9886183AD818413AD81A493AB0181B4B
S3150400162806B53F007AD00628C40780003AC80511D3
S315040016383AD896183A98142906B53F00260A00207F
S315040016483A8807004C0080203A0005107AD0082012
S315040016581E0100103A8847193A884B291EF93F207B
S315040016683A8805183A2800F83A8807003A88051887
S315040016783A2800F804FBFFDE1503C0DC150280DCFB
S315040016881504C0DF150140DC150000DC3A88272064
S315040016983A88252826020020170E80202656001090
S315040016A80B030091CCFFFF201C00E0180400E0188F
S315040016B80C0280181E2600101701C0901400822000
S315040016C80D0380903A8809100E40C000170A00924C
S315040016D8264000400C00842026530010171400945A
S315040016E80B0380900C0180101E48001017074091C8
S315040016F83A8809983A880D803A880F003AE83E40B5
S315040017081E2680800B038090170400911501009013
S31504001718CCFFBD10CCFFFF100C00C4180D0380903D
S3150400172815000091262B00183A8807003A880518F0
S31504001738151400941704C0DF1703C0DC170280DCF5
S31504001748170140DC170000DC0405C0DE3A2800F85F
S3150400175817044094261F008817008090CC00C018F0
S31504001768150040943AC86114262500183A880500DD
S31504001778150280900E1700041709C09017074091A8
S315040017883A880D883A880F803A8809983AE83E18C4
S315040017983A88A3883AC8A18016F6BF000B0380903E
S315040017A8C4FFFF00141080100D0380903A880518B2
S315040017B81704C0DF1703C0DC170280DC170140DCFE
S315040017C8170000DC0405C0DE3A2800F8170F8090DD
S315040017D816BEBF003A8807003A8805181704C0DF02
S315040017E81703C0DC170280DC170140DC170000DC95
S315040017F80405C0DE3A2800F84091014006A83F00D7
S31504001808170580901502809006DA3F00170180902C
S31504001818170CC0903AC8A18026B43F18170F8090B9
S315040018283AC8A18006B13F00170740913A8809983B
S315040018383A880D004400C0013AE83E403A8821102F
S31504001848C4FFBF0026028080170A009206A43F0040
S315040018581700C0984407800026DEBF180B03809043
S315040018683A880780141080100D03809006CF3F0035
S3150400187834004101049F45293A880720260500209B
S31504001888740081000438B810170000113A880B1840
S31504001898C1670140740081000439B81017000011AB
S315040018A801BA01403400810004A58910150B802073
S315040018B83400810004E08910150880203400C10032
S315040018C804C1C9183400810004A789100D034021F6
S315040018D88D0380211509C020150A802015000020D3
S315040018E81501002015020020150400201505002006
S315040018F815060020150700213A2800F83A2800F8AA
S315040019083A2800F83A2800F83A2800F8170E8020F2
S3150400191804FDFFDE150140DC150000DC1502C0DFFE
S3150400192844004004040140013A880D003A88212005
S3150400193804BB00223A880F20260500101702C0DFD0
S31504001948170140DC170000DC0403C0DE3A2800F85F
S315040019581701002134008100047E8610C400C000EB
S31504001968150F808015B9C08015BA0082150E4084FB
S3150400197815B80080C08A0140170200813A880D888C
S315040019883A880F8084024001C08A01401703008107
S315040019983A880F8084044001840080011702C0DF5E
S315040019A8170140DC170000DC0403C0DEC18A0140CD
S315040019B83A8805003A2800F83A8805003A2800F8D3
S315040019C8740081000438B81017000011340041016E
S315040019D80470462981C60140740081000438B81091
S315040019E81700001134004101046E462981C60140DE
S315040019F83400410104B0582981C6014074008100AD
S31504001A080439B81017000011819F014004FCFFDE59
S31504001A18150000DC3A882128150140DC041740012A
S31504001A283A8823203A8809801503C0DF1502C0DCEA
S31504001A3840640140040340113A8809883A8827100B
S31504001A4800D201400403C0103A8823103A880918C2
S31504001A583A880D983A880B00260B001015010014D5
S31504001A681502C01015000010004602403A88058881
S31504001A781703C0DF1702C0DC170140DC170000DCBF
S31504001A880404C0DE3A2800F83A8823003A88058810
S31504001A981703C0DF1702C0DC170140DC170000DC9F
S31504001AA80404C0DE3A2800F804FDFFDE7400810051
S31504001AB80439B810150000DC17000014150140DCC1
S31504001AC81502C0DF170E80803A88232026260010C8
S31504001AD804B800841701808017020081C4FFFF1030
S31504001AE8160900180F038020260B0010C4FF7F0177
S31504001AF8060200000F03802026070010C4FFFF1803
S31504001B08041700211EFB7F19170080802619001070
S31504001B183A88211006EF3F00C4FFBF004400C00006
S31504001B288D0380200D03C020150000201502002017
S31504001B3815010020150400201505002015060020AF
S31504001B48150C0020150D0020151100201512002073
S31504001B583A8805201702C0DF170140DC170000DCAD
S31504001B680403C0DE3A2800F83A8809804091014007
S31504001B7806D73F003A8809880401400140A101407C
S31504001B88150080801EE23F10040380003A8809008D
S31504001B981500808806EE3F0004F7FFDE1503C0DC57
S31504001BA804B8C024150680DD150540DD1508C0DF18
S31504001BB81507C0DD150400DD150280DC150140DCBF
S31504001BC8150000DC3A882B203A882D2840900140DD
S31504001BD8262100983A882F001701809C1702009C3A
S31504001BE8C4FFBF90160D00103A882300C4FF3F05B2
S31504001BF80F0380804400408C260600108F038080E3
S31504001C083A880B803A8809A8260200153AE83EB0B5
S31504001C183AB0AEB8041700841EF57F941700C09C2A
S31504001C281EED3F98809001403A8805B81708C0DF32
S31504001C381707C0DD170680DD170540DD170400DD2C
S31504001C481703C0DC170280DC170140DC170000DC30
S31504001C580409C0DE3A2800F83A882F0006F13F0046
S31504001C6804F8FFDE1503C0DC04B8C024150540DDFE
S31504001C781507C0DF150680DD150400DD150280DCB6
S31504001C88150140DC150000DC3A882B2840900140F9
S31504001C98261F00983A882D001701809C1702009C7D
S31504001CA8C4FFBF90160C00103A882300C4FF3F05F2
S31504001CB80F0380804400408C260500108F03808023
S31504001CC83A880980260200153AE83EA83AB0ACB02C
S31504001CD8041700841EF67F941700C09C1EEE3F98D6
S31504001CE8809001403A8805B01707C0DF170680DDE3
S31504001CF8170540DD170400DD1703C0DC170280DC76
S31504001D08170140DC170000DC0408C0DE3A2800F896
S31504001D183A882D0006F23F0004F6FFDEC402C02806
S31504001D2884058000150280DC1509C0DF150800DF6C
S31504001D381507C0DD150680DD150540DD150400DD33
S31504001D481503C0DC150140DC150000DC3A882520A3
S31504001D583612C010040440042E144089040380007B
S31504001D683A880700150080903A8805181709C0DFD5
S31504001D78170800DF1707C0DD170680DD170540DDE5
S31504001D88170400DD1703C0DC170280DC170140DCEA
S31504001D98170000DC040AC0DE3A2800F804FEBF0077
S31504001DA83A70A21816ED3F8836EC7F893A8809906E
S31504001DB840FD0A40C47D80002E2B40147AD2068842
S31504001DC81E3F0018FAD00C88FA9004307400C10239
S31504001DD804B1F25A3A88CB121703002C3A880F58E2
S31504001DE81E04002C060A00000E8600181703008439
S31504001DF82607002C1701808004FFFF003A70C810DC
S31504001E083AC84724C40380000EF7FF10C4FFBF3145
S31504001E18440040327400810204B3B25217020054DB
S31504001E2826A080821701808004FFFF003A70CA103A
S31504001E383AC84D2CC40380001683801115038052BA
S31504001E4815028052162900303A88478117018018EE
S31504001E583A880990540080101501801880FD0A40BC
S31504001E680402C08006C03F007400C10204B1F25ADD
S31504001E783A88C58A170300143A880F58FAD0068890
S31504001E88266C00141701C08004FFBF001703808165
S31504001E983A7086183A88C780170180181702408155
S31504001EA83A880990540080101501801815024031AB
S31504001EB81503802980FD0A400402C08006AA3F0053
S31504001EC8040180002E05C010040580003678C01071
S31504001ED8C4168019FA90043006BC3F00BAD10488A7
S31504001EE8040E8011FA90043006B83F00C47F8000BF
S31504001EF836BB4011FAD0062804FE3F57440080003A
S31504001F08FA900818BAD007181701C0E13A8809598F
S31504001F18170240213A98C41015030081150240811E
S31504001F283AB08E381503002C150200241501C0E1B9
S31504001F383A88074816CD0048BAD0071844008000E6
S31504001F483A98C810364400393A70C4211E0A00105B
S31504001F583A88092104FFBF003A7084483A70063962
S31504001F68040140121E0400183A8809213A700439FB
S31504001F780401404A26FC3F10FA9004483A88194856
S31504001F8804FF3F023A889B583A880768C40340010D
S31504001F981703001C1E04001C06A700000EAB003025
S31504001FA81703008426A4001C170180803A700412C3
S31504001FB83AC84D140EF9BF29170300811702C080C9
S31504001FC8540040893A8845841502C020150300192F
S31504001FD8150140813A888711540000311503805051
S31504001FE8150280501500801915010011150280127A
S31504001FF8150380123A88099080FD0A400402C080BD
S3150400200806593F003A880981170180201702C080C3
S315040020181703408154008010150180201502C0283A
S31504002028150340193A88099080FD0A400402C080C5
S31504002038064D3F0004028080170300141E913F14C6
S315040020488400401A06733F005400C0883A884584C1
S315040020581501C08006DF3F00170200E404FFBF0035
S315040020681701C0803A882D803A70AA18361640ACF3
S315040020783AC849ACC40380000E1300115400808882
S315040020883A884784150180805400802015018018F9
S315040020981502C0E03A88099080FD0A400402C0800F
S315040020A806313F001701C03904FE3F5706A03F001A
S315040020B8041580003667C0103AD30488841B80113F
S315040020C8FA90043006413F0017A7A6D01703E0D0BC
S315040020D8C4FF3F05040480103A88A7882603001D18
S315040020E8C4FFC3980400BC003A70A6183A8809903D
S315040020F83A880B98406202403A880910260400156B
S315040021083A884B853A8829102E5A4011260C00879E
S31504002118170200E41701C08004FFBF003A70841850
S31504002128360340143AC84914C403800016D33F1131
S315040021383A88099080FD0A403A880700060A3F0053
S315040021487400C10504ECFEBD170080B83A888D9862
S31504002158150080B91703E0D0C4FFBF00268E801887
S315040021683AC845213A888530150080B8CC01C02084
S315040021781E5F00183A880B003A88C5A4CCFF831062
S315040021880400C4003AC887183A88E7283A880990A8
S315040021983A880B98406202403A880710C4FFBF0089
S315040021A8267A80183AC8051D3A8885985400C010BE
S315040021B8170080B83A8821A01501C0A03A888598E6
S315040021C8150080B8150200E5263600B7C403800159
S315040021D8364B403544008000150180A006CD3F00EB
S315040021E87AD208281E370020FAD00828FA90062042
S315040021F83A88D11A17028041265B8041170180303C
S3150400220804FFFF003A70C4102E028028170280319A
S315040022181EFABF41170300321701C039150300829D
S31504002228150280817400010704B132E715030034EE
S3150400223815020044063E3F0044000063CC0080605B
S31504002248265D00100402C01806513F003A888980AA
S31504002258066D3F00045580003620C010FAD3048862
S31504002268C41D8011FA90043006D83E00C400C04844
S3150400227806313F007400C10504ECFEBD170080B8A2
S315040022883A888D98150080B91EB23F29CCFF832061
S315040022981EB03F10170200E43A88459D540080108A
S315040022A8150180801700C0B817A8A6D02E01C01043
S315040022B815A8E6D017A9A6D02E96FF1015A9E6D01C
S315040022C806943F0004018000361E0011BAD1042882
S315040022D8040E0011FA90062006C53F000455810035
S315040022E82E1DC010841F800104FC800006B73E0022
S315040022F8040280003AC8CB103A886921069E3F003A
S3150400230804FEBF0004FD3FA93A7088203A880BB141
S315040023184401C0001502C0281501C028170180B061
S315040023284C0080103AB08420150180B02EDD3F3170
S31504002338040240B13A88099000400640170200E4B6
S3150400234806D83F000405800036150011C41600217E
S31504002358FA90062006A63F00BAD40488041F801102
S31504002368FA90043006993E00BAD009207400410157
S3150400237804B172294400C000170180283A98061946
S315040023883AB0C4101501802806A33F003A882700EE
S315040023984400C00006863F00150320D106733F009B
S315040023A804158000361900113AD30428841B001139
S315040023B8FA900620068E3F003A880B483A88076842
S315040023C8CC00802804FEFF18C4FF7F2926150010B8
S315040023D81702801826FAFF103A880921361E3F3953
S315040023E8261D3F203A70C421260200103A8813603D
S315040023F806E13E003A8809213A700439040100636B
S3150400240826FC3F103A88136006DB3E00045580001C
S3150400241836080011FAD30428C41D0011FA900620C0
S3150400242806733F003A3004013A708E381501C0E14C
S3150400243806E93F00045581002E030011841F00019C
S3150400244804FCC000066A3F00BAD40428041F00111D
S31504002458FA90062006663F00C4008000CC3F402957
S315040024683A8807202E0280113A7084202608001024
S31504002478260500303A8805283A88CD3005008018A4
S315040024884400C0181EFDBF193A8805203A2800F8EA
S315040024983A920428C40300023A880F203AB08428E2
S315040024A83A9406103AB0C6102E0A80413A88054076
S315040024B804FCBF311500C0381501C0381502C038F0
S315040024C81503C0380404C03936F9BF11C4008000A6
S315040024D82E05801104FFBF31C40080001500C038E2
S315040024E80401C03936FBBF113A88073806E03F00B5
S315040024F804FBFFDE1501C0DF150240D9150380D998
S315040025081504C0D9740081000438B8101700C01027
S315040025183A880B20040280D8170200193A880D104D
S31504002528150080D8007704401701C0DF0405C0DE13
S315040025383A2800F804FCFFDE1501C0DF150280D92D
S315040025481503C0D93A880D28170240210402C0D8B9
S315040025583A880F181500C0D8C08A02401701C0DF90
S315040025680404C0DE3A2800F804F6FFDE150740DC4A
S315040025783A8823203A8809281509C0DF1508C0DCDB
S315040025883A882728007E0240170240897400C10051
S315040025980427F1184400C001440000121505C0D8E8
S315040025A81506C0D90403C0D88400C0013A8809882E
S315040025B83A880DD81500C0D81503C0DC150200DA10
S315040025C81501C0D9150480D840710640C4FFFF0020
S315040025D8260600103A8805181709C0DF1708C0DC54
S315040025E8170740DC040AC0DE3A2800F88402C00053
S315040025F83A8805181709C0DF1708C0DC170740DC36
S31504002608040AC0DE3A2800F8740081000438B810B9
S315040026183A880B20170000110157024004FDFFDE1B
S31504002628150000DC7400010404E23E84150140DC54
S31504002638150000803A8823203A8809281502C0DF45
S3150400264880150B403A880710C4FFBF002606801879
S315040026583A8805181702C0DF170140DC170000DCAA
S315040026680403C0DE3A2800F81700808026F83F10D5
S31504002678150080883A8805181702C0DF170140DC60
S31504002688170000DC0403C0DE3A2800F88F0340294B
S315040026988194044004FEFFDE150000DC3A882128F4
S315040026A88F0340291501C0DF40C706403A88071042
S315040026B8C4FFBF00260980180B0380801514C08048
S315040026C8140084100D0380803A8805181701C0DFAA
S315040026D8170000DC0402C0DE3A2800F80B038080E9
S315040026E8CCFFBB100D0380803A8805181701C0DF9C
S315040026F8170000DC0402C0DE3A2800F80B03802821
S3150400270804FBFFDE1503C0DC0C408010150280DCD8
S31504002718150140DC150000DC3A8827303A8825384C
S315040027281504C0DF3A8821283A880D008400C001C0
S315040027383A882320260200108F03402940C7064002
S315040027480B0380808F0340813A880988CCFFBB102D
S315040027583A880D983A880F900D0380801704C0DFD5
S315040027681703C0DC170280DC170140DC170000DC05
S315040027780405C0DE4179044004FEFFDE150000DCD2
S315040027883A8821288F0340291501C0DF001708401D
S315040027983A88071016080010171480803A88C5105E
S315040027A8151480803A8805181701C0DF170000DC65
S315040027B80402C0DE3A2800F80B038080CCFFBB1065
S315040027C80D0380803A8805181701C0DF170000DC5E
S315040027D80402C0DE3A2800F8CC0080203A8811208A
S315040027E81E1600101700C020F4BF7F01C4BF7F293E
S315040027F87420E0010420E0393A8845193A70C41176
S315040028083A30C6003A7086181E0C00183A880D2805
S315040028183A880B3804010021170080203A8887116A
S315040028283A7046193A3084003A70C41026F93F10B3
S31504002838070080202603001044000021070080209A
S315040028481EFD3F103AC805223A2800F817028030C0
S3150400285804FEFFDE150000DC1501C0DF3A882130CE
S315040028683A8807001E0600103A8805181501003034
S315040028781701C0DF170000DC0402C0DE3A2800F89E
S31504002888407106403A8807103A88051815010080F1
S31504002898150200801701C0DF170000DC0402C0DE41
S315040028A83A2800F804A4FEDE155881DD155201DC29
S315040028B81551C1D9155BC1DF155A01DF1559C1DD9B
S315040028C8155741DD155601DD1555C1DC155481DC56
S315040028D8155341DC3A882D283A882130154F01D9F9
S315040028E880BB0640170080101751C1D9154981D8F5
S315040028F8174F81D826020010170E8010260D0210D5
S315040029080B0380B00C028010260E0210170480B048
S31504002918260C02100B0300B2840280008C06C04009
S315040029281E2F80188F0380B0162D00108B0340B21B
S31504002938170780B21709C0B2174F01D9042940DC1A
S31504002948044080D80400C1004CFF3F423A880D80F9
S315040029583A880B880D2C00DA8D2C40DA153080DA8B
S315040029681532C0DA152D80D8152EC0D8152980D869
S31504002978152BC0D8152F00D8C08A0240154B81D80C
S3150400298816040010174F01D93A880B88C06701400E
S315040029981E3202100B2C80D80C108010260300104F
S315040029A80B0380B0141080100D0380B0174B81D828
S315040029B8175BC1DF175A01DF1759C1DD175881DDC7
S315040029C8175741DD175601DD1755C1DC175481DC4D
S315040029D8175341DC175201DC045CC1DE3A2800F8BF
S315040029E83A8805003A880700041940DD154281D85B
S315040029F83A882F801543C1D8154B01D8154801D8F4
S31504002A08154401D8154701D8150C40DD150E00D814
S31504002A18150D00D8070080B8261900104409C0000F
S31504002A282617C0103A8821B8060100002603C010EC
S31504002A3844000084070080801EFC3F103AC8E785DE
S31504002A48260E0098170E80DC170D40DCC4018000A2
S31504002A583A88E5944400408C1500C0AD150E80DC18
S31504002A681501C0AC150D40DC168B4214040240ADAA
S31504002A78174B01D93A88C924154B01D93A882F80AE
S31504002A88070080B8263C01104400C0BD050400D8E0
S31504002A980700C0B8C4FFFF04154C01D8154A01D86D
S31504002AA8154DC1D84400C0BD174D41D90416800040
S31504002AB804F8FF283660C0103A88C5183A88851085
S31504002AC83400C10004B7CA183A88C51017000011A3
S31504002AD83A680020503A0004402C0004402C0004B4
S31504002AE83C3A0004402C0004402C0004402C00040A
S31504002AF8402C0004402C0004402C00041C3800041C
S31504002B082C3A0004402C000434380004D43A000457
S31504002B18402C0004C03A00047C3A00047C3A0004C1
S31504002B287C3A00047C3A00047C3A00047C3A0004AB
S31504002B387C3A00047C3A00047C3A0004402C0004E5
S31504002B48402C0004402C0004402C0004402C0004B3
S31504002B58402C0004402C0004402C0004402C0004A3
S31504002B68402C00049832000404390004402C000464
S31504002B7804390004402C0004402C0004402C0004B2
S31504002B88402C0004683A0004402C0004402C00043D
S31504002B984C330004402C0004402C0004402C000450
S31504002BA8402C0004402C000498330004402C0004F4
S31504002BB8402C0004B8390004402C0004402C0004BE
S31504002BC8402C0004402C0004402C0004402C000433
S31504002BD8402C0004402C0004402C0004402C000423
S31504002BE88C390004A43200040439000404390004AE
S31504002BF804390004F0380004A4320004402C00040C
S31504002C08402C000478380004402C0004483800049A
S31504002C1858330004A838000494380004402C0004EF
S31504002C283C3B0004402C0004A4330004402C00045C
S31504002C38402C00041C3A0004174D01D926CE002066
S31504002C4844004001040F80D91540C1D9154541D91E
S31504002C58154181D93A880F28050F00D9050400D8EB
S31504002C68154601D8174CC1D88C0080183A000510AF
S31504002C78155081D81E030010174501D98400002178
S31504002C88154501D9174C41D90C214029154E41D96E
S31504002C981E2D0028174A81D9174581D83AC8A1306C
S31504002CA80E290004040480000E5E0414170E80DC4A
S31504002CB8170D40DC3A88271074000107844331E76E
S31504002CC8C40100050603000004FC3F84040240AD69
S31504002CD80E13009C040480944400408C150000AF35
S31504002CE81501C0AC150E80DC150D40DC0EF67FA46C
S31504002CF8174F01D93A880BB0040C80D91551C1D99C
S31504002D08408502401751C1D91E9E001004FC3F8419
S31504002D18170E80DC170D40DC041940DD16ED3F9CC8
S31504002D283A8825944400408CC4018000150000AFFD
S31504002D38150100AC150E80DC150D40DC16F54114A2
S31504002D48040240AD06020000170E80DC170D40DCB5
S31504002D58070480D8260B00104400800044008094A1
S31504002D684400408C150180A80404C0D8C40180001E
S31504002D781500C0A8150E80DC150D40DC16DA4114C2
S31504002D88040240AD175001D91E0B0020440480D814
S31504002D98840080944400408C150080A88400C000F8
S31504002DA8C40180001501C0A8150E80DC150D40DC91
S31504002DB816C24114040240AD174E41D904208000BE
S31504002DC826B180281746C1D83AC8E1190E26000448
S31504002DD8040480000ECF03143A88271074000107F0
S31504002DE8843F31E7C40100050603000004FC3F8460
S31504002DF8040240AD0E13009C040480944400408CE5
S31504002E08150000AF1501C0AC150E80DC150D40DCAD
S31504002E180EF67FA4174F01D93A880BB0040C80D953
S31504002E281551C1D9408502401751C1D91E55001004
S31504002E3804FC3F84170E80DC170D40DC041940DDC2
S31504002E4816ED3F9C3A8825944400408CC4018000C2
S31504002E58150000AF150100AC150E80DC150D40DC1D
S31504002E6816824114040240AD174C01D90C40802047
S31504002E781E4A0010174141D93A88E5914400408C0E
S31504002E88C4018000150040A91501C0A9150E80DCEF
S31504002E98150D40DC166741140402C0A8174C81D9E5
S31504002EA80C01803026280010174A81D8174501D905
S31504002EB83AC821110E240004040480000E55041493
S31504002EC8170D40DC3A88271074000107844331E75C
S31504002ED8C40100050603000004FC3F840402C0186C
S31504002EE80E11009C040480944400408C1500001FB5
S31504002EF81501C01C150E80DC150D40DC0EF67FA4EA
S31504002F08174F01D93A880BB0040C80D94085024082
S31504002F181E1C001004FC3F84170E80DC170D40DCD1
S31504002F280419C0D816EF3F9C3A8825944400408C6F
S31504002F38C40180001500001F1501001C150E80DC55
S31504002F48150D40DC16CB4014174A81D8174541D9CC
S31504002F580E0140113A880528174B81D93A888D30D5
S31504002F68154B81D91E3B01901740C1D9041940DD80
S31504002F78150D00D806A73E00170E80D81E45051065
S31504002F88150D00D80B0380B00C10801026873E1050
S31504002F98C4FFBF00154B81D806843E00174D81D95E
S31504002FA844198000166E8011174741D94400C000A1
S31504002FB80E494319174181D8440080944400408C33
S31504002FC8150080A8C40180001501C0A8150E80DC70
S31504002FD8150D40DC16CA41140402C0A8174901D9C4
S31504002FE844008000440080944400408C15018018F5
S31504002FF8C401800015000019150E80DC150D40DC8F
S3150400300816B641140402C01C174201D9174341D904
S315040030183A880D003A880F0080320A402674011057
S31504003028174741D9174181D94400408C3A88852CE1
S31504003038C4FFBF14C4FFBF284400C03015018098DC
S31504003048C40180001500C098150E80DC150D40DCFF
S31504003058168E41140402C09C174841D9040880D826
S315040030684400408C3A88659115008098C401800014
S3150400307815014099150E80DC150D40DC16ED40143B
S315040030880402C09806853F00174A81D9174581D896
S315040030983AC8A1300E4B3F04040480000E3A0414C7
S315040030A83A88271074000107843F31E7C4010005F4
S315040030B80603000004FC3F84040240AD0E13009C82
S315040030C8040480944400408C150000AF1501C0AC7C
S315040030D8150E80DC150D40DC0EF67FA4174F01D9BA
S315040030E83A880BB0040C80D91551C1D940850240E1
S315040030F81751C1D91EA33F1004FC3F84170E80DC68
S31504003108170D40DC041940DD16ED3F9C3A882594DA
S315040031184400408CC4018000150000AF150100ACC2
S31504003128150E80DC150D40DC16614114040240AD11
S3150400313806243F00174F01D9409101401751C1D9C0
S3150400314806EF3D00174F01D93A880BB01551C1D97E
S31504003158C08004401751C1D926EE3D10068C3F00A5
S31504003168174201D9174341D93A880D003A880F0006
S31504003178002A0A401EF2001074008100043FB110B0
S31504003188440080944400408C150080A84400C00084
S31504003198C40180001501C0A8150E80DC150D40DC9D
S315040031A8160043140402C0A8170580D8174701D986
S315040031B80E5C0111170D40DC174981D944008000C3
S315040031C8440080944400408C15018018C401800092
S315040031D815008019150E80DC150D40DC16164314EF
S315040031E80402C018174781D8C4FF3F140E2B3F04A6
S315040031F8040480000EA80214170D40DC3A88271030
S3150400320874000107843F31E7C40100050603000082
S315040032180402C01804FC3F840EA2029C0404809491
S315040032284400408C1500001F1501C01C150E80DCD7
S31504003238150D40DC0EF67FA4174F01D93A880BB05A
S31504003248040C80D9408502401E4E3F10170E80DCC0
S31504003258170D40DC0419C0D806EE3F000B2C80D8A5
S31504003268C4FFFF00154BC1D80C1080101ECC3D10AE
S3150400327806CE3D00174F01D93A880BB0040C80D905
S31504003288408502401E3F3F10170E80DC062E3F0085
S31504003298174C41D914044029154C41D9174C81D9E6
S315040032A80C0880301E4F0110174CC1D80C04801826
S315040032B81EF00210174C01D90C10802026ED0210BE
S315040032C80F0080380401C0391540C1D9FAD7231034
S315040032D83A882110167803884400000116040098D9
S315040032E8174CC1D8C4DFBF003A708618154CC1D82C
S315040032F83AB044841E2C02101E2B0298CC3F802020
S3150400330826A102100419C0D8040F00DD1541C1D83E
S315040033181741C1D81545C1DC3AC8C5A0040AC0116D
S315040033280E01C0991545C1D91546C1DC070480D8D4
S31504003338264C3E10174581D844008010154581D87F
S3150400334806483E00174C81D914048031154C81D99E
S31504003358174CC1D80C0880181E270110174C41D9E0
S315040033680C0480281EBC0210174C81D90C1080301E
S3150400337826B902100B00003C3A8809000401C0393A
S315040033883A8823001540C1D9050400D806D33F005E
S31504003398174C01D914040021154C01D9174C41D9ED
S315040033A80C0880281E080110174CC1D80C04801874
S315040033B81EB60210174C01D90C10802026B3021031
S315040033C80B00003C440000010401C0393A8823007C
S315040033D81540C1D9050400D806C03F00174F01D9C6
S315040033E83A880BB0040C80D9408502401EE53E108D
S315040033F8170E80DC0419C0D8174C81D94C008030CC
S315040034083A0005101EA53E1044008000170D40DC46
S3150400341815018018174981D8440080944400408CCB
S3150400342815008018C4018000150E80DC150D40DCDB
S315040034380E244214174F01D93A880BB0040C80D9CC
S31504003448408502401ECF3E10170E80DC0419C0D8F2
S3150400345806923E00174F01D93A880BB0040C80D95E
S315040034684085024026C03E1006C63E00174F01D9C5
S315040034783A880BB0040C80D91551C1D9408502404D
S315040034881751C1D91EBF3E10170E80DC170D40DC3C
S31504003498041940DD06743E00174F01D93A880BB06B
S315040034A8040C80D91551C1D9408502401751C1D998
S315040034B81EB43E10041940DD066D3D00174F01D9B0
S315040034C83A880BB0040C80D91551C1D940850240FD
S315040034D81751C1D91EAB3E10170E80DC170D40DC00
S315040034E8041940DD06343E00174F01D93A880BB05B
S315040034F8040C80D91551C1D9408502401751C1D948
S315040035081EA03E10170E80DC170D40DC041940DDA2
S31504003518061C3E00174F01D93A880BB0040C80D913
S315040035281551C1D9408502401751C1D91E953E107F
S31504003538170E80DC170D40DC041940DD06043E0036
S31504003548170500D90E580201174781D9167A802122
S31504003558174181D83A88A5914400408C150080A863
S31504003568C4018000150180A9150E80DC150D40DC08
S3150400357816FC42140402C0A8174741D93AC8612167
S315040035880E9D3F04040480000E190214170D40DC36
S315040035983A88271074000107843F31E7C4010005FF
S315040035A8060300000402C01804FC3F840E13029CA0
S315040035B8040480944400408C1500001F1501C01CA7
S315040035C8150E80DC150D40DC0EF67FA4174F01D9C5
S315040035D83A880BB0040C80D9408502401E693E1017
S315040035E8170E80DC170D40DC0419C0D806EE3F0020
S315040035F8174781D8C4FF3F140E973E04040480007D
S315040036080E1800143A88291074000107843F31E71C
S31504003618C4014005060300000402C09C04FC3F8460
S315040036280E1200A4040480944400408C1500009FE4
S315040036381501009D150E80DC150D40DC0EF67FACD9
S31504003648174F01D93A880BB0040C80D9408502403B
S315040036581E4C3E10170E80DC170D40DC0419C0DC26
S3150400366806EE3F0074000107843F31E73A88259443
S315040036784400408CC40180001500009F1501009C7D
S31504003688150E80DC150D40DC0E727E14174F01D919
S315040036983A880BB0040C80D9408502401E393E1086
S315040036A8170E80DC170D40DC0419C0DC066A3E00E0
S315040036B8174F01D93A880BB0040C80D91551C1D9D2
S315040036C8408502401751C1D91E2E3E10170E80DCC4
S315040036D8170D40DC041940DD06BA3D00174F01D921
S315040036E83A880BB0040C80D9408502401E253E104A
S315040036F8170E80DC170D40DC0419C0DC06423E00B8
S31504003708174F01D93A880BB0040C80D9408502407A
S315040037181E1C3E10170E80DC170D40DC0419C0D899
S31504003728062E3E00174C41D94C0080283A00051055
S315040037381EDA3D10069F3E001741C1D83A882591E6
S315040037484400408CC40180001500C0A8150100A9D6
S31504003758150E80DC150D40DC166C42140402C0A854
S31504003768174941D944008000440080944400408CA1
S3150400377815018018C401800015004019150E80DC57
S31504003788150D40DC3A8821201656421404024019C5
S31504003798174781D94400408C150D40DC3AC80731D7
S315040037A8174101D93A88E5901501C0283A88058158
S315040037B815008028C4018000150E80DC161D7F14B0
S315040037C80402C02806B53D001700003C1701403C1A
S315040037D80402803944000001154081D9050400D843
S315040037E806BE3E001700003C1701403C0402803820
S315040037F8154081D806B73E001700003C1701403C27
S3150400380804020039154001D93A880900050400D88C
S3150400381806B23E001700C0380401C039154AC1D89B
S315040038280ED700183AC8C700154AC1D8174C01D98B
S315040038380700C0B814010021154C01D906983C00AC
S31504003848174C81D90C08803026F60110174B01D97C
S31504003858170080380401C0391540C1D9FAD70720A2
S315040038681740C1D9150000111501C01006693C009E
S315040038780700C0B8041B800026558218174C41D986
S3150400388814044029154C41D906853C00174C81D9A6
S315040038980700C0B814088031154C81D906803C004D
S315040038A8174C81D81700003C041EC00094008010F1
S315040038B8154C81D80401C0397400410104287129C2
S315040038C8040C80003A882300840000011540C1D9FD
S315040038D8154DC1D8154441D9450480D88504C0D8A6
S315040038E8050400D8067D3E00174C81D80700C0B8E9
S315040038F814108010154C81D806693C00174C41D920
S315040039080C02802826E50110170080390402803845
S31504003918154081D8154281D91701C0391543C1D933
S31504003928174201D9174341D9C07D0840261D021004
S31504003938174201D9174341D93A880D003A880F002E
S31504003948004C0A4016D00210174D41D9C411800004
S315040039581610421174008101042DB131154181D923
S31504003968174C01D9C400C000C4DFBF003A708820D0
S315040039783A880F181545C1D8154C01D9154601D8EA
S31504003988066A3E00170080384400C0000401C039A6
S315040039981540C1D9040F00D93A880F181545C1D85E
S315040039A8154101D9050F80D8050400D806AC3C009A
S315040039B87400410104337129154441D9174C81D93E
S315040039C80C08803026FF00101700003C1701403C05
S315040039D804028038154081D8174C41D94C008028F8
S315040039E83A0005101EB900103AB0448426B70010F0
S315040039F8174D81D994004029040C800084000001E5
S31504003A08154C41D9450480D8850480D9050400D8C5
S31504003A1806323E00740081010428B131154481D967
S31504003A2806E63F00C40A8000050480D80700C0B82B
S31504003A38061B3C00174C81D80700C0B854008010F8
S31504003A48154C81D806163C00070480D81E4C001075
S31504003A5804088000050480D80700C0B806103C0096
S31504003A68174C81D90700C0B814028031154C81D986
S31504003A78060B3C003A88090044020004840240010B
S31504003A881551C1D940640140070000B9174DC1D882
S31504003A984400C0BD154D01D9174D41D93A8885183A
S31504003AA804F43F1104F4BF281751C1D92EF3BF807B
S31504003AB8154A01D906FC3B00174C81D80700C0B843
S31504003AC814208010154C81D806F53B000700C0B8B1
S31504003AD8840A80004400C0BD26188318154DC1D831
S31504003AE804F4BF184402C000367B82183A882118A9
S31504003AF83A880900840240011551C1D9406401403D
S31504003B08174D41D9070080B91751C1D93A884511CB
S31504003B1804F43F1104F4BF30154D81D94400C0BDE7
S31504003B282EF4BF803A8827200EDF3B20C4FFFF040B
S31504003B3806DD3B00050400D8170080390401C039A6
S31504003B481540C1D9154181D926C90130160E0098E8
S31504003B58174101D93A880B003A880D9800E80640BF
S31504003B68265902101741C1D83AC8CF10169EC199D2
S31504003B781545C1D916090038154601D806EB3D0086
S31504003B880700C0B806C63B00174101D9007E0240AB
S31504003B98154581D83A880F100EF73F10154501D8F8
S31504003BA8154601D806E13D00CC3FC02044008000FC
S31504003BB8262D8018360E80188400800026FA801870
S31504003BC87400010104383121007E02403A880F103E
S31504003BD81545C1DC0E018098154581D8740081000D
S31504003BE80438B1101546C1DC154181D806CF3D000D
S31504003BF8041940D9040F00DD154141D97A970A887A
S31504003C08174181D9FAD00480FAD00688CC010081FC
S31504003C183AB08428C4FFBF31040C0021154181D968
S31504003C283AB0CA10050000313A8821103A88231898
S31504003C381EF23F28174CC1D84C0080183A000510CC
S31504003C481EB33D10CC3F80201C20801004E0BF101A
S31504003C58040CC00026AEFD10C4FFBF31154181D93E
S31504003C680500C03006AA3D00680080881E2C001096
S31504003C781E0200884402800036290014C41800D99C
S31504003C88040F00DD154101D9174101D9040C8080C0
S31504003C9805008020069E3D00170D40DC74000107D0
S31504003CA8843F31E73A8825944400408CC401800057
S31504003CB81500001F1501001C150E80DC150D40DCCF
S31504003CC816DC7D140402C01806743C008400000146
S31504003CD8050400D806813D00174C81D93A70C430D2
S31504003CE83A00051026B33C10174101D944008094C4
S31504003CF84400408CC4018000150000A91501C0A821
S31504003D08150E80DC150D40DC16607E140402C0AC6A
S31504003D1806D13C0074000107843F31E706493C009C
S31504003D28040F00DD041980DC3A8809803A880B8878
S31504003D38840280013A880F0000120940040C00121C
S31504003D48C4FFBF943A8809803A880B8884028001A4
S31504003D583A880F000500009240AB08403A880910DB
S31504003D683A882110680080183A8823181EEE3F10F6
S31504003D781E0200184402800036EB3F11C4FFBF94AC
S31504003D88154181DC06C03F00174C01D94C00802040
S31504003D981E9A0010041940D9040F00DD154141D9B3
S31504003DA8065B3D00174F01D93A880BB0040C80D93D
S31504003DB8408502401E733C10170E80DC0419C0D8D7
S31504003DC806F93C00174CC1D80C0480181E71001063
S31504003DD8174C01D90C108020266E00100B00003CED
S31504003DE83A8823000401C0391540C1D906FA3E00B1
S31504003DF8170D40DC74000107843F31E73A8825949F
S31504003E084400408CC40180001500001F1501001CE5
S31504003E18150E80DC150D40DC16707D140402C018DE
S31504003E2806753D00170E80DC170D40DC740001078B
S31504003E38844331E706BA3B00174F01D93A880BB0D9
S31504003E48040C80D9408502401E4E3C10170E80DCB7
S31504003E580419C0D806E33C001700003C3A88090058
S31504003E680401C0393A8823001540C1D9050400D88D
S31504003E78061A3D00170080380401C0391540C1D917
S31504003E88FAD723103A88211006123D001700003C81
S31504003E98440000010401C0393A8823001540C1D9F9
S31504003EA8050400D8060D3D0074008100043FB110D6
S31504003EB8440080944400408C150080A84400C00047
S31504003EC8C40180001501C0A8150E80DC150D40DC60
S31504003ED816CA40140402C0A81E060020174741D972
S31504003EE81E040028174C81D94C0080303A0005106E
S31504003EF81EEA3B1044008000170D40DC15018018AB
S31504003F08174981D8440080944400408C15008018D1
S31504003F18C4018000150E80DC150D40DC16CA401459
S31504003F280402C0183AC821010E5000040404800093
S31504003F380E8000143A88271074000107843F31E77D
S31504003F48C4010005060300000402C01804FC3F84EB
S31504003F580E7A009C040480944400408C1500001FCB
S31504003F681501C01C150E80DC150D40DC0EF67FA469
S31504003F78174F01D93A880BB0040C80D94085024002
S31504003F881E003C10170E80DC170D40DC0419C0D83F
S31504003F9806EE3F001700003C3A8823000401C039A6
S31504003FA81540C1D9068C3E00041940D9040F00DD1A
S31504003FB8154141D9174481D93A970A883AD10480D8
S31504003FC8CC0300813A8809313AB084280300402199
S31504003FD8174101D93AD106883A882110C4FF3F21EE
S31504003FE8154101D9174181D93AB0C8103A8823181E
S31504003FF8050040311EEF3F2006C53C00040C800036
S31504004008C41880D9040F00DDC51880D8154181D994
S3150400401806BF3C00170D40DC74000107844331E7F2
S3150400402806C13B00174C41D90C048028267C001095
S31504004038170080380401C0391540C1D9174B81D9F6
S315040040481740C1D91500801106723A00174F01D9D5
S315040040583A880BB0040C80D9408502401EC93B102F
S31504004068170E80DC170D40DC0419C0D8174701D990
S31504004078174141D94400408C3A882591C4018000EF
S315040040881500401915010019150E80DC150D40DCC4
S3150400409816E87C140402C01806803B001700C038D2
S315040040A804020039154001D91542C1D81701C0398F
S315040040B81543C1D9061A3E003A8805003AC80914B8
S315040040C83A8005113AC84B043AC885283A8821200B
S315040040D83A88231044000001440B8000050480D864
S315040040E8067E3C00174F01D93A880BB0040C80D9D8
S315040040F8408502401EA33B10170E80DC170D40DCDA
S31504004108170500D9041940D906A13D00174F01D94E
S315040041183A880BB0040C80D9408502401E993B109E
S31504004128170E80DC170D40DC170500D90419C0D812
S31504004138068B3D0074000107843F31E73A882594CD
S315040041484400408CC40180001500001F1501001CA2
S31504004158150E80DC150D40DC16BC7F140402C0184D
S3150400416806C23F00174F01D93A880BB0040C80D910
S31504004178408502401E833B10170E80DC170500D9C4
S315040041880419C0D806FC3C0074000107843F31E7D3
S3150400419806DE3B0074008100042EB110154181D857
S315040041A806EF3D00174201D9174341D9C08108409B
S315040041B826390010174D41D9C411800016CE401176
S315040041C874008101042FB131154181D906E43D00FB
S315040041D8174C01D94400C0BD0700C0B81408002113
S315040041E8154C01D9062E3A001545C1DC161001985E
S315040041F83A880F98154601D8064C3C00174F01D942
S315040042083A880BB0040C80D9408502401E5D3B10E9
S31504004218170E80DC170500D90419C0D8062E3F00EE
S31504004228174CC1D80C10801826A000101700803827
S315040042380401C0391540C1D9174B01D91740C1D952
S315040042480D00001106F33900174F01D93A880BB04F
S31504004258040C80D9408502401E4A3B10170E80DCA8
S31504004268170D40DC170500D90419C0D8062D3F00E0
S3150400427884018000369AC0141545C1DC0E010098E5
S31504004288154501D8740081000431B1103A880F9895
S31504004298154181D806723A00C4FFBF0026E2809809
S315040042A8174D41D9C419800026DC8028C411800022
S315040042B826DA8028174C41D9174301D9174281D9E0
S315040042C814404029154C41D916CC00203A8821308F
S315040042D83A8823203A883900174D41D98419800031
S315040042E826B780288411800026B5802844198000C2
S315040042F826C880284411800026C680283A8829982A
S31504004308174F01D9040580D83A880D88150180D835
S315040043180406C0D8040780D83A880B808400C001F4
S315040043281502C0D8150380D8150000DDC0BF0440A7
S31504004338174D81D9154181D8C41980002695803036
S31504004348174DC1D8C411800026928018174141D947
S31504004358174D81D9841980003A88252D2686803000
S3150400436884118000268480303A880D003A880F002C
S315040043783A880B883A880980002A0A401E75001074
S315040043883A880590150780DC174101D9174D41D99C
S31504004398C419C0003AC825112668C028C41180006B
S315040043A826668028170500D9174DC1D844198000F8
S315040043B81655C010C4FF3F21150500D90508C0D8F5
S315040043C83A88212016C10020C40A8000450880D8EE
S315040043D8440280000EAF00143A882710840B40DC90
S315040043E83A8809808402400180980A40040C8010A7
S315040043F8C4FF7F8C3A8809808402400105008088BE
S3150400440880920A403A88211016F5BF98040CC01009
S31504004418C40980D8C4018010C4FF7F89C5FFFF88FA
S315040044282EA780283A880910040880D98408C0D899
S315040044380300802844004029050080184400C01859
S3150400444836FB3F293AC88719440080001548C1D865
S315040044583A88CF900E9680144400C0391545C1D9C0
S3150400446816340038CC3F80E01C20801004E0BF10CE
S31504004478264E0010440B8000154781DC154601D8EA
S31504004488050480D806AB3B00440B8000050480D89D
S31504004498062D3D00174F01D93A880BB0040C80D974
S315040044A8408502401EB73A1006B53A001700803810
S315040044B80401C0391540C1D9174B41D91740C1D990
S315040044C815004011065339003A880F981545C1DC82
S315040044D8154601D806953B003A8827000672390026
S315040044E87400C1000431F1183A880F10154581D8B3
S315040044F81541C1D806DA3900740081000430B110B8
S31504004508154181D806163D00174D41D984198000F6
S31504004518264980283A880F2016578024174C41D9F3
S315040045284C008028260100104400C0211545C1D935
S315040045380ECC3F38154501D806CA3F00170500D9E1
S3150400454804FFBF000E48001116470099154DC1D83F
S3150400455806F03F00170780D82E8BBF143A880790B9
S31504004568040C00010500001144008010150780D8CA
S315040045781EFCBF1806843F00174181D80700C010E7
S31504004588040C8000265B8018170500D93A88259103
S3150400459806753F00174C01D94C0080203A000510D7
S315040045A8266A3F10170780D806773F001545C1D9F4
S315040045B8164D0038154781DC154601D8065B3B00C5
S315040045C8174F01D9040580D8150180D80406C0D828
S315040045D8040780D83A880B803A880D88C400C0013D
S315040045E81502C0D8150380D81500C0DC3A88299866
S315040045F8C0BF0440154181D806513F001742C1D8AF
S31504004608174301D9440B00073A8821183C00602453
S3150400461806313F004400009D06393F001E253F9899
S315040046284400C00406233F008401C00406213F0059
S31504004638154501D806EE3E003A880F200E370001CC
S315040046481E030098174C81D94C00803026B73F10BA
S31504004658440080203A88A7981545C1DC3A880F9803
S315040046680E803F9806B33F00174D81D984FFBF31AA
S31504004678154D81D9064C3F000E18000144008000F0
S315040046883A888514154581D83A880F100E753F1057
S3150400469806A83F00040CC080040C8000C508C0D8D6
S315040046A8040880D90409C0D8850880D806653F005F
S315040046B8174C01D93A708420269C3F1006663F00A1
S315040046C8040880D98408C0D8065E3F00440B8000DD
S315040046D83AC82101450880D8063D3F008400800079
S315040046E83AC8051106E63F00154501D8154781DC89
S315040046F806B13F003A880D003A880F003A880980C7
S315040047083A880B8880320A40269F3F10440080006E
S315040047183AC80915150500D9069B3F001E0D0098D1
S31504004728174CC1D84C0080181E0A0010440000011A
S315040047383A880F20154501D9064A3F001700C03CA0
S315040047480401C0390E0E3D980700C0B8C4FFFF0423
S3150400475806D338008400C09C1545C1DC3A880F98F6
S315040047680E403F9806733F00740081000438B81061
S315040047783A881320170000113A8805283A880F301A
S315040047883A880B483A880D10C18A024004FDFFDEB8
S31504004798150000DC7400010404E23E84150140DCC3
S315040047A8150000803A8823203A8809283A880B306D
S315040047B83A880D381502C0DF801A0B403A8807106C
S315040047C8C4FFBF00260680183A8805181702C0DFFA
S315040047D8170140DC170000DC0403C0DE3A2800F8A1
S315040047E81700808026F83F10150080883A88051837
S315040047F81702C0DF170140DC170000DC0403C0DE23
S315040048083A2800F8740081000438B8101700C0105C
S3150400481804FDFFDE150140DC150000DC1502C0DFCF
S315040048283A8823203A88212826020018170E801869
S31504004838261F00100B0300810C0280202628001076
S3150400484817044081261D00284C0080203A000510D4
S31504004858260B00108C008020261200103A880500CA
S3150400486815028080260B00283A8805001702C0DF47
S31504004878170140DC170000DC0403C0DE3A2800F800
S3150400488817058080150200803AC8850015068080C1
S315040048981EF53F280C20802026F33F10C4FFBF00D6
S315040048A806F23F00170580801502808006ED3F005A
S315040048B83A8809184091014006DE3F000CA0C02042
S315040048C80480800026E0BF183A8809883A880B8055
S315040048D8C0CE06400B0300811704408106DA3F0068
S315040048E80C04802026ED3F100C01802026120010AF
S315040048F8170C40812605002804108080260280288B
S315040049083A88098800400640150C00800B0380800D
S315040049181704408115010080CCF6BF100D03808072
S31504004928150040810B03808014028010CCFF3F11D0
S315040049380D03808006C33F001704408106F93F0033
S3150400494804FDFFDE150000DC7400010404E23E8465
S31504004958150140DC150000803A8823203A88092886
S315040049681502C0DF80BF0A403A880710C4FFBF009B
S31504004978260680183A8805181702C0DF170140DC96
S31504004988170000DC0403C0DE3A2800F8170080800C
S3150400499826F83F10150080883A8805181702C0DFE4
S315040049A8170140DC170000DC0403C0DE3A2800F8CF
S315040049B81704C0281704802004F1FFDE150EC0DF93
S315040049C8150D00DF150CC0DD150B80DD150A40DD5D
S315040049D8150900DD1508C0DC150780DC150640DC62
S315040049E8150500DC150300D9150440D9167FC01037
S315040049F8C4FF3F1D1704C0D8170300D93A8805A574
S31504004A083A8885100405C01C0405C0253A88AD9863
S31504004A183A88C715170040B1170000191500C0D801
S31504004A2844004029150200D9809E0A403A88391064
S31504004A381E3D0010170440D9170300D90024074067
S31504004A48162C0010440000E73A880FB83A8811007B
S31504004A583A880900170040991700C0380401C09C19
S31504004A68CCFFBF283A888520CCFFBF11CCFF3F195D
S31504004A783AD404103AD40A283AC889213A88092229
S31504004A883AD406183A888B283AD40D20CCFFBF2886
S31504004A983AC887183A8887190D0000398D00C03836
S31504004AA83AD408280401C0393AD411182EE9FFB4B7
S31504004AB83A8805A53A8885103A8885B81700C0103B
S31504004AC81E0C001804FF3F112E0800B917FFBF106B
S31504004AD82603001006050000170080201E03001098
S31504004AE804FF3F21C4FF3FA536FB3FB9170300D98E
S31504004AF8150400253A8805E0170EC0DF170D00DFF8
S31504004B08170CC0DD170B80DD170A40DD170900DD19
S31504004B181708C0DC170780DC170640DC170500DC1D
S31504004B28040FC0DE3A2800F83A8823B83A8825984C
S31504004B38150100D83A882B00170000943A8809E032
S31504004B4804018094CCFF7F81406401403AD40A80F2
S31504004B583A8809E03A88A1A8406401401700008908
S31504004B68CCFFFF803AD42080CCFF7F213AC8CB28DB
S31504004B781701C0D83AD408203A8805143A88CB28AD
S31504004B883AD40D28CCFFFF103AC8C9203A8889219F
S31504004B988D0000893AD409200D0040893AD42A1098
S31504004BA80401408C150100D92EE3BFB4170200D9BD
S31504004BB81EA03F20170080D804FFFF102E08C0B897
S31504004BC817FFBF10260300100605000017008018FB
S31504004BD81E03001004FFFF18C4FF3FA536FBFFB8E9
S31504004BE81703C0D81504001D06923F003A8805002D
S31504004BF806C13F001710002204DAFFDE152140DD46
S31504004C08152000DD151E80DC151D40DC1525C0DFCA
S31504004C18152400DF1523C0DD152280DD151FC0DC31
S31504004C28151C00DC151600D93A8823303A88292839
S31504004C381517C0D9172880DC3A882B30260A004075
S31504004C48171180203A880B40150180401711C0209F
S31504004C58440080003A98C41015028040400E07406C
S31504004C681716C0D81510001816A30088150000904A
S31504004C782CFCDFA834FC9F00269180183A880D0086
S31504004C883A880F003A8809A03A880BA8151200DD5D
S31504004C98151340DD80320A401E170010172780D9E5
S31504004CA84400800015008030172980D8269B0210FE
S31504004CB8172900D974008100443FB110C4FFFF10BE
S31504004CC8150080203A8805181725C0DF172400DF49
S31504004CD81723C0DD172280DD172140DD172000DDEC
S31504004CE8171FC0DC171E80DC171D40DC171C00DCF0
S31504004CF80426C0DE3A2800F8171600D9171240D938
S31504004D08040180D83A880DA80402C0D9150080D8B1
S31504004D1800720740150780D83AD504A8CCFF0111BC
S31504004D28268600201712C0D834048000C4FFBF109A
S31504004D381701C0DD3A7084A83A88111834FC4F125A
S31504004D484400BF25150800D83A88050034FECF006C
S31504004D583A880B483A8809403A880F183A880D1059
S31504004D6800B90940F4DB180244D81042F4F44F029F
S31504004D78C4E9614A3A880F483A880D403A880B18BC
S31504004D883A88091040C8094074D82202C42C324211
S31504004D98F4F14F02048A624A3A880F483A880D4069
S31504004DA83A880B183A88091000C109403A8809B0AC
S31504004DB83A8821103A88231880540A40F4271402A2
S31504004DC8C47E1E42F4F44F02C404514A3A880F487A
S31504004DD83A880D403A880B183A88091040C80940A1
S31504004DE83A880F183A880B883A880D103A88098049
S31504004DF800C109403A8809103A880B183A882110E4
S31504004E083A88231800640A403A880D003A880F0045
S31504004E183A8809803A880B88150D80D8004C0A40D0
S31504004E2816170310170DC0D8840580002E48C11024
S31504004E3844000001150C00D93AC885BDC4FFBF114A
S31504004E48160B0330150A80D9151100D8170DC0D8CA
S31504004E5816FF0218170A00D91509C0D8151000D864
S31504004E683A88C920150A00D9171700D944028000C0
S31504004E783646001144018000160402114400400419
S31504004E881717C0D84401800036EDC1103A88C518F2
S31504004E983A8885103400C10004ACD3183A88C51082
S31504004EA8170000113A6800209C4F00049C4F000428
S31504004EB89C59000474590004B8590004C4590004E0
S31504004EC8172700D9C4C3890015008020261000A01E
S31504004ED87400C100044BF118172980D926793F308C
S31504004EE8C7008018C40000191E100010172980D89E
S31504004EF81500001106733F003400A000C4FFBF105C
S31504004F084400C0003A70AA881500C09006583F00AD
S31504004F1834048000C4FFBF103A7084A81EEC3F1006
S31504004F287400C1000448F11806EB3F00172980D81D
S31504004F38040200191500001106623F001701C0DDBE
S31504004F48170280D804080001840CC1B83A88A3184B
S31504004F580EB841240410C0003AC8471C04F8BF8898
S31504004F683A98C6A83AD884A03AB0881880710A40F4
S31504004F783A8811103484BF00440000013A88D310DB
S31504004F8844F3BE8D150800D9066F3F00151700D8DF
S31504004F9844004004C4FFBF004400C000150E80D876
S31504004FA8152600D8150F80D8150BC0D83A882110B5
S31504004FB8171680D815110010171680D81711401126
S31504004FC83A880910406607401716C0D8150580D8D0
S31504004FD81510801884038000366800143A00058882
S31504004FE81E660010170D00D90E300201CC0380206E
S31504004FF8FA9004103AD125207400C100045CF11813
S315040050083A88C5100C04C090170000141701401400
S315040050181E6A031884008005261000907400C104D3
S31504005028048EF19C4C0080903A0005101E0800106E
S31504005038170080991701C0993A880B883A8809801D
S3150400504840C809403A882110440080B53A88231894
S315040050587AD025900402C09C1EF23F903A880BA889
S315040050683A8809A03A880F883A880D8080040A404D
S315040050783A8829103A882B18170CC0D83A0005180C
S315040050881E0800103A88050034FCCF003A880F1829
S315040050983A8809A03A880BA83A880D10004C0A40A9
S315040050A816FE03103A8809B080540A403A880B1849
S315040050B83A8809103A880DA03A880FA840C80940CA
S315040050C83A881100340750023A8809103A880B18AE
S315040050D83A880F483A880D4000C10940170F00D98D
S315040050E83A882D103430BF003A88B9183A882FE028
S315040050F81E8F02203A8805003405D0003A8809A094
S315040051083A880BA83A880F183A880D1000B909404E
S315040051183A8809103A880FE03A880B183A880DB08D
S315040051283A8825103A882718003B0A40164F830008
S315040051383C00E0E03A8809903A880B983A880F18B8
S315040051483A880DB0004C0A400E0800103A88270029
S315040051583A882500172680D8170500DF150600D8D3
S315040051683A308400150D80D8069B0100171280D9A1
S31504005178171380D83A8829303A882B101702C0D8D2
S3150400518816850018170D00D98403800016820011AD
S31504005198FA900420172680D97400C100045CF1181B
S315040051A83A88C510170080141701C014161E033058
S315040051B8170500D9170FC0D83A8823A83A8821A01A
S315040051C83A882B193A883920060F00003A880500D0
S315040051D83409D0003A8809503A880B583A880F1887
S315040051E83A880D1040C809403A880B183A880D00C9
S315040051F83A880F003A8809103A8821103A88231801
S3150400520880320A40264500103A880D903A880F984D
S315040052183A8809803A880B8880040A403A880B1829
S315040052283A88091000640A403A8809103A8829100D
S3150400523880540A403A880F183A8809903A880B9895
S315040052483A880D1040C809403A880F183A880B88DE
S315040052583A8809803A880D1000B909403A88151029
S31504005268040C80A0050080E0440000E73A8817187B
S315040052781ED67FE53A880D503A880F183A880950A1
S315040052883A880B1800C109403A880D103A880990E3
S315040052983A880B983A880F183A8821103A882318BE
S315040052A8004C0A40160800103A880B983A880D8074
S315040052B83A880F883A880990002A0A401E1700106F
S315040052C84C0080A026150010170D80D8150480D828
S315040052D83A8809E0C4FF3F210700C020440E800035
S315040052E81E088018170580D81EFA3F111704C0D85F
S315040052F8170580D9040C80004400C0181504C0D8CA
S3150400530805008030030080201704C0D84400002715
S3150400531844008010150DC0D805008020171600D942
S31504005328170740D9400E0740050000E0170D80D93D
S315040053381727C0D8172900D94400803015008018CB
S31504005348269C02201705C0D815000027065D3E00D6
S31504005358170D80D97400C100045CF118171200D91E
S31504005368FA900430171340D93A88C510170000126A
S31504005378170140123A880D403A880F48004C0A40F3
S315040053880E030010170D80D8C4FFBF10150D80D862
S31504005398150C00D806A83E00170B00D93AC02C20D5
S315040053A81EC700B0171100DC171080DC3A882700E6
S315040053B80E0B0004170AC0D80E09C0003A880580E7
S315040053C81613011C170A00D9171180D93AC8A180E7
S315040053D83AC889203AC88D30150A00D9151180D9DA
S315040053E8171080D80E158000170BC0D83A00051878
S315040053F81EC901100E0E8004171600D93A880B9898
S315040054083A880D9000F30740171600D9170780D974
S315040054183A880B103A88271040B70740171600D960
S31504005428170740D93A882310400E0740150740DC71
S31504005438171000D93AC88D241E0E0130171600D944
S31504005448440040043A880B8880DC0740170980D951
S315040054583A8825100E048001171600D93A880B10CD
S3150400546800F307403A882510171780D80EF380886A
S315040054783A882300170980D91E9E01304400C000CB
S31504005488170A00D93A88C520CC07C0101E8400180C
S3150400549804078000170A00D9171180D93A88A18011
S315040054A83A8889203A888D30150A00D9151180D989
S315040054B8171180D80E058000170740D9171600D98A
S315040054C83A880D1080A20740150780D8170AC0D855
S315040054D80E05C000171600D93A880B903A880D189D
S315040054E880A207403A882510170C00D93A000520EF
S315040054F8266F0110170F00D90E170201170B80D952
S315040055083A0005301E8800100E050004171600D947
S315040055183A880B983A880D8080A207403A88271063
S315040055283AC004881E5402103A880B98170580DD81
S315040055381506C0DC4C0000A73A882728170700D9A7
S315040055483A880B90809B0440170700D9170640D960
S315040055583A882310040CC08D00240740171600D976
S315040055683A880B903A880D983A882910C0890740DA
S315040055783A882B10170380101E280110170700D924
S315040055883A880BA800240740171600D93A88211030
S315040055983A880BA8400E07401E040080171780D8C7
S315040055A81E0200103AC004E026170110160601A0D0
S315040055B81E0400A01717C0D81E0200183AC004E03B
S315040055C826010110163D02040500C0B5170580D949
S315040055D8170F00D9440080B53A880531266580B08E
S315040055E8170740D9171600D9840280013A880F0094
S315040055F840E00740150780D8170680D8260CC11442
S31504005608170640D9171600D9840280013A880F0074
S3150400561840E00740171600D93A880B98840280019F
S315040056283A880F00150680D840E007403A882710C4
S3150400563806C23F003AC845243A9888A0064B3E005D
S31504005648C4FFBF0144008000150E80D9150F80D908
S31504005658150B80D81716C0D8C40580001511001874
S315040056682E0880150401C0003A8809003A88C7182C
S3150400567804058018440000212EFCBFB0171680D9F3
S3150400568815110031170F00DC064B3E00171780D999
S315040056983A88230004FFBF31151780D906F83D0060
S315040056A8040880003AC8C9100401C000165A001933
S315040056B8C4008000167E3F110407802006753F004B
S315040056C8171780D9440080000EA18011170F80D9BE
S315040056D81710C0D8C4FFBF3016C681183AC8A51813
S315040056E8170F80D816620210171100DC3A880710C3
S315040056F8170A80D9171180D8171600D93A88CD30D9
S315040057083A88C51044004001150A80D9151180D875
S3150400571880DC07403A88271006253F007400C1003C
S31504005728043FF11806673D00170580DD44000004B0
S3150400573806070000170740D9171600D98402800106
S315040057483A880F0040E00740150780D844000084D3
S31504005758170700D93A880B90809B0440040CC0159F
S315040057680500C0B5170FC0D8440080B516F1FF80F0
S31504005778150600D8170740D9171600D94400800122
S3150400578880A207403A8809103A880B90150780D8F2
S31504005798002407400E3C80003A8809B0C4FF3F2124
S315040057A803004021440E8000CC3FC0281C20C018AA
S315040057B804E0FF181E988118170580D91EF7BF2123
S315040057C8170D80D84400003744008010150D80D882
S315040057D8440C800005008030171600D93A880B90CF
S315040057E8400E074026CD3E981706C0D82604001852
S315040057F82603C01C171600D93A880B18400E074012
S31504005808171600D93A880B98400E074006C33E007F
S315040058183A88051806EB3E00170A80D91711C0D82E
S3150400582804FFBF203A888D303A8887183A88A180C1
S31504005838150A80D91511C0D8061D3F001E0C3FA0B5
S3150400584834048000C4FFBF103A7084A81E083F10B1
S315040058582CFC9FA826063F101711C0D8170A00D992
S315040058684400C018440000211511C0D8150A00D9EF
S3150400587806003F00170740D9171600D900F307405A
S31504005888150780D806ED3E001E0200104C0080B8AD
S315040058981EC13F10C4FFBFB50700C0B0040C80008A
S315040058A826FCBF18440000B706CB3F00170D80D965
S315040058B83AC88F0126F70138CC038039FA900C30A0
S315040058C874004101045C7129171200D93A884D31D4
S315040058D81701C03017008030171340D93AD1213840
S315040058E83A880D103A880F1840C809403A881110AA
S315040058F83A8813183A8829103A882B1826E501801D
S315040059088400800574004104048E718C4C008080E8
S315040059183A0005101E080010170080891701C0896F
S315040059283A880B483A88094040C809403A88111011
S31504005938440080B53A8813187AD021800402408C32
S315040059481EF23F803A8829403A882B4806CA3D0009
S31504005958170800D93A0005201EF60110171100DCB5
S31504005968171080DCC40CC11806613F00150B00D85B
S31504005978172680D9170DC0D8440080303A88AD1848
S31504005988C4FF3FB1150E00D90EF68105150F80DD4B
S3150400599806303F00150B00D8172600D90EEB010177
S315040059A83A882D20150E00D9150F00D906293F006F
S315040059B844008001150B80D906F73F004400000116
S315040059C8150B00D906EA3F000E0C0004170740D948
S315040059D8171600D94400800180A207403A880910A6
S315040059E83A880B90150780D8002407400EE08100FA
S315040059F84400C0BD840E800026A281B8440000B7C6
S31504005A080500C0B506743F00440E8000269D81B883
S31504005A180EFA3F05440CC08D06F83F00171600D948
S31504005A283A880BA844000004400E074006DF3E00EF
S31504005A38171600D93A880B98840280013A880F0011
S31504005A4840E007403A882710150680D806BB3E0072
S31504005A58171180D9170D80D8150900D83AC88D3082
S31504005A683AC88700151180D91510C0D806FE3C001F
S31504005A783AC88D01151180D9150A00D806F33C00D9
S31504005A88170D00D980540A403A880B883A88098049
S31504005A983A880F183A880D1080320A4026E13C10DD
S31504005AA8170D80D9C4FFBF31150D80D906DD3C001A
S31504005AB8170700D93A880B90002407400E8D3E102C
S31504005AC8170740D9171600D9840280013A880F00AF
S31504005AD840E00740170D80D9150780D8C4FFBF31A9
S31504005AE8150D80D91EA701B0170E80D8150F80D8BA
S31504005AF806803E00170480903A8885103A888510F7
S31504005B083A88851417040011C01007400408C00019
S31504005B183AC88718065A3E00170740D9171080D97D
S31504005B28171600D900F30740150780D806433E0028
S31504005B38170F80D9170D80D8150380D9150480D876
S31504005B48170BC0D83A0005181EE20010170300D92F
S31504005B583A88050034F8CF00FA900C207400010145
S31504005B68045C31213A880B183A880D3117FF7F32C5
S31504005B7817FE3F323A8809103A880F483A880D408A
S31504005B8880040A403A880B183A880DB03A880FB848
S31504005B983A88091000B909403A880BA83A8809A036
S31504005BA81519C0D8151880D800640A403A8809100F
S31504005BB83A88271080540A403A880BA83A8809A0DC
S31504005BC83A880F183A880D1000B90940171880D971
S31504005BD83A882318151480D83A882D30170580D9A1
S31504005BE8040CC09C151540DC1719C0D80500C03430
S31504005BF8170580D8171940D9171480D93A8809B0D7
S31504005C083A880F883A882F1844000017003B0A4040
S31504005C18164E8000171480D93A88050034FCCF0044
S31504005C283A880B183A880F883A88091000B9094047
S31504005C38171940D93A880F183A8809B03A880D10C6
S31504005C48003B0A4016A2BD001703C0D844008000D2
S31504005C581612C01006453D00171480D93A88050067
S31504005C6834FCCF003A880B183A880F883A8809100A
S31504005C7800B90940171BC0D93A880B183A88091085
S31504005C883A880DB0004C0A4016913D10170580D984
S31504005C98170300D93A8805312634BDE0340950047F
S31504005CA83A8821003A880BB83A8809B03A880D80B0
S31504005CB83A880F8840C80940171540D9171400D9DF
S31504005CC83A880F883A880D00151A80D8151BC0D84B
S31504005CD840C809403A880B183A8809103A882318A4
S31504005CE83A88211000640A403A8809103A882B1029
S31504005CF880540A403A880B883A8809803A880F18EB
S31504005D083A880D1000B909403A882110171B00D9A2
S31504005D183A882318151400DC040C40AD151540DC2C
S31504005D28171A80D8050040E53A882F20171BC0D9D2
S31504005D38171400D93A880B883A880D103A882D101A
S31504005D48440000E7004C0A400EC33F10170400D96C
S31504005D58150D00D906713D00171780D984008000F7
S31504005D680EE6BD111EFB3C20171600D93A880B9087
S31504005D78440180013A880F0040E00740170700D91C
S31504005D883A880B103A882510002407400EF1BC0007
S31504005D98170DC0D8170500D9150600D84400C01831
S31504005DA8150DC0D8440C8000440000270500802047
S31504005DB806893E001705C0D806C23B007400810157
S31504005DC8048EB1311709C03017088030171200D96C
S31504005DD8171340D93A880F183A880D1080040A40D8
S31504005DE8CC038094C40080053A8829103A882B1875
S31504005DF806893C00171000D9170980D93A88250066
S31504005E083AC805113A8889203A888D30151000D980
S31504005E18150980D906323E0044008028440000272C
S31504005E2805008020066C3E00170F80D816E0BC00DB
S31504005E38170F80D91EC53C303A8805003405D000B2
S31504005E483A880B983A880F183A8809903A880D10B8
S31504005E5840C809403A880B183A880FA83A880910A6
S31504005E683A880DA080430A400EB83C103A882700A9
S31504005E783A88250006C63F0017014099171600D927
S31504005E8840660740170480990403001104034099E7
S31504005E983A888D313A888D31040280313A88231044
S31504005EA840F60640171600D93A880B884400800144
S31504005EB880A207403A880B10069C3D00440E8000D9
S31504005EC8267080B8440080B8440000B7050080B046
S31504005ED806413E00170380D874008101045CB13181
S31504005EE83A8809B0FA900E103A880BB83A888F396E
S31504005EF817FEBF38170580D917FFFF384400003747
S31504005F083A880F183A880D1040C809403A880BA8F1
S31504005F183A8809A03A882F183A882D1000640A404E
S31504005F283A8809103A88271080540A403A880BA8F8
S31504005F383A8809A03A880F183A880D1000B909401A
S31504005F483A880B181705C0D8040CC09C3A8809105F
S31504005F580500C01C3A882120170300D94400800094
S31504005F683A882328262280203A8829103A88050068
S31504005F783409D0003A880F183A880D103A880B88E5
S31504005F883A88098040C809403A880B183A880910A3
S31504005F983A8823183A88211000640A403A88091076
S31504005FA83A882B1080540A403A880B883A88098024
S31504005FB83A880F183A880D1000B909403A880B1820
S31504005FC81705C0D83A880910040C40AD3A88051D4F
S31504005FD8050040153A882120170300D9440000A576
S31504005FE83A8823281EE13FA13A8805E5C4FF3F17EE
S31504005FF83A88250034F8CF043A8809B03A880BB8A9
S315040060083A880D903A880F9800C109403A880B18C7
S315040060183A8809103A880D803A880F88004C0A4055
S3150400602816AB3C103A8809003A880B983A880FB898
S315040060383A880DB000B909403A880B183A880F888F
S315040060483A8809103A880D80003B0A400E47BC007E
S31504006058040CC000C4FF3FE7070080E026FDFF10DC
S31504006068170480D9440000E7150D80D906AB3C0017
S31504006078170FC0D8171100D93AC8E1203A88070083
S31504006088069B3D00440E8000050080B0440080B5A0
S3150400609806C13D008400800506F73B00170F00D9AA
S315040060A80E003C01170E80D90E30BC013A88050053
S315040060B83409D0003A880BA83A880F183A8809A0F8
S315040060C83A880D1040C80940440000B13A882110A6
S315040060D83A88231880540A403A880B883A880980F3
S315040060E83A880F183A880D1040C809403A881100B2
S315040060F8340750023A880B183A880F483A88091028
S315040061083A880D4000C109403A882D103430BF0042
S315040061183A88EF10170D80D8170EC0D83A88298008
S31504006128C4FFBF103A882B88150480D81503C0D835
S3150400613806833E00170180D8171100DC171080DC8F
S31504006148840DC0003AC8871806693D0044008001DA
S315040061583A882130150F80D9152680D9150E80D98D
S3150400616806933B003A8821B0150F80DD06903B0064
S315040061781E223E104C0080B83A0005101E1F3E1021
S31504006188061B3E00171600D93A880B98840280012C
S315040061983A880F0040E00740170EC0D83A882710FF
S315040061A8150FC0D806D33C0004FCFFDE150140DCFD
S315040061B8150000DC1503C0DF150280DC3A882128A7
S315040061C83A88232026290028409001402602008880
S315040061D8170E8088262D00100F03808026220010B3
S315040061E83A8809883A880B80C06701403A8825109E
S315040061F8170B808026040010170740813A880988FF
S315040062083AE83E10162A00100B0380800C208010F2
S315040062181E230010170C40812605002804108080D0
S31504006228260280283A88098800400640150C008012
S3150400623817114081260300283A8809880040064039
S31504006248151100800D030080809001403A8805905E
S315040062581703C0DF170280DC170140DC170000DCD7
S315040062680404C0DE3A2800F8809001403A882500E4
S315040062783A8805901703C0DF170280DC170140DC53
S31504006288170000DC0404C0DE3A2800F83A880988B6
S31504006298409101400F0380801ED13F1006F23F0053
S315040062A8170440813A8809880040064006D93F0009
S315040062B8C4FFBF0406D43F00740081000438B81034
S315040062C83A880B2017000011011B064004FBFFDE69
S315040062D81503C0DC7400C10404B1F29C150280DC09
S315040062E8150140DC150000DC3A8823283A88252065
S315040062F81504C0DF40FD0A40170280983A880990C1
S315040063083A880B001701C01004FFBF003A70A018A2
S315040063183AC86384C4FB438C3AD32288C4FF8300F7
S31504006328C4FF7F8C3A9322880E06401440620240CA
S315040063381702C0983A8809903AC84B043A88C78025
S315040063482609C01080FD0A403A8805001704C0DFF4
S315040063581703C0DC170280DC170140DC170000DCD9
S315040063680405C0DE3A2800F83A88099040620240DB
S315040063783AC84D84C4FFFF003A8809903A880B004E
S315040063887400C10104ECFE39540080312609C0109A
S31504006398170080381702C0983A8809903AC84514F5
S315040063A8150080381501801980FD0A4044008000D4
S315040063B806E63F0040620240170280993A880F10A9
S315040063C83A8809903AC88711C403800054004019D2
S315040063D80EDCFF1074008100043BB8101700C010CF
S315040063E87400810004ECBE10150140313AC8C73860
S315040063F81500C01006D33F0004FDFFDE150140DC7E
S31504006408150000DC1502C0DF3A8821283A882320C3
S31504006418265A002840FD0A4004FE3F8217014041DF
S3150400642884FFBF007400810204B1B2523A708E2808
S315040064383A88CD411701C0301702005104FFBF0046
S315040064483A7092183A881750266700314C0080280B
S315040064583A000510150140321E1A00103A880B003E
S315040064683A884732170180184C0080101E23001002
S315040064783AC00A283A884F3A1E45002817020031BE
S315040064887400810004B3B210267B80201703803081
S315040064983A88073A1500C019150200111503802019
S315040064A85400803815018040261A00283A8809883D
S315040064B81702C0DF170140DC170000DC0403C0DE46
S315040064C881FD0A4017FEBF800402C0503AC89140B5
S315040064D8170200413A888F382661C0201703804086
S315040064E83A8847323A880B001502001115038020B2
S315040064F8170180184C00801026DD3F1054008038A0
S315040065083A88073A3AC00A28150180401500C01986
S315040065181EE63F28C47F80002E1FC0117AD2063893
S315040065281E480018FAD00438FA9006103A88CD1A8C
S3150400653817024031265940311701802804FFFF000D
S315040065483A70C4102E028038170240291EFA7F3189
S315040065581703802915038041150240413A880988A2
S315040065681503002A150200321702C0DF170140DCA2
S31504006578170000DC0403C0DE81FD0A401702C0DFF1
S31504006588170140DC170000DC0403C0DE3A2800F8D3
S315040065981702003106BD3F00FAD0063844008000D1
S315040065A817014051FA900818BAD007183A88C92230
S315040065B8170280213A98C410150300411502804138
S315040065C83AB08A28150200223A88098815014051EA
S315040065D8150300321702C0DF170140DC170000DC80
S315040065E80403C0DE81FD0A404C0080283A884D3AEF
S315040065F81E07001017FEBF803AC8914017030041D2
S315040066081702C0403A888D301502C02015030019B8
S3150400661874008100043AB810170000115400C03001
S31504006628150200521501C04036A03F31740081009E
S3150400663804DFBE10170040113A880988402D064029
S31504006648069A3F00040180002E07C0100405800046
S315040066583619C010C4168018FA90061006B33F00FF
S3150400666844004001067E3F00BAD10438040E801067
S31504006678FA90061006AD3F00150300221502002203
S315040066883A88053A5400C0381500C011150200416D
S315040066981501C0401503004106843F00BAD0051011
S315040066A84400C000170100513A9886183AB0C82029
S315040066B81501005106A73F00041580003604C010D2
S315040066C83AD30438841B8010FA90061006973F00C4
S315040066D8045580003604C010FAD30438C41D80104B
S315040066E8FA90061006913F00045581002E03C01047
S315040066F8841F800004FCC000068C3F00BAD404380A
S31504006708041F8010FA90061006883F00170280308E
S3150400671804F5FFDE150900DF150780DD150380DCA7
S31504006728150AC0DF1508C0DD150640DD150500DDB0
S315040067381504C0DC150240DC150100DC3A882D304E
S315040067483A8839203A882528261C00100B03C029C4
S315040067580C028038262700101704802826250010E6
S315040067688C008038170040B5262800103A88210086
S315040067783A8823003A880D883A8809E0040081009B
S31504006788266E00803A880F80170740912E01001460
S315040067983A880F101709C0903AE83E183A88071045
S315040067A83AC8A1803A88A3880E6D8000170280B083
S315040067B83AC8C510150280B01EEE3F103A88090083
S315040067C83A880520170AC0DF170900DF1708C0DD55
S315040067D8170780DD170640DD170500DD1704C0DC42
S315040067E8170380DC170240DC170100DC040BC0DE4B
S315040067F83A2800F8C08004401EE400100B03C09138
S31504006808170040B58C0080381ED83F104C008038DD
S315040068183A000510265700103A8829003A882F00AE
S31504006828264200A00C80803817020094268B00109C
S315040068383A880D8036A500A40C2081382627001036
S315040068481705809017040092170040913A8887101C
S315040068583A888718FAD708183AC8212A4400808043
S315040068683A88C9207AD027203A8885A03A880D988C
S315040068782E0280983A8827103A880D100C00813821
S3150400688826B800103A880B303A8809E000D201404D
S3150400689826310010170440913A8809103A880D8069
S315040068A83A88231040F606400B03C090C4FFBE0086
S315040068B83A7086181420C0180D03C0903AC8079C6D
S315040068C83A88058C3A880DA03A8821A0150080904C
S315040068D81502C090150440941505C094170000913C
S315040068E83A880BB83A8823A0400007401702C0909C
S315040068F8170080903A8827A03AC8071C3A880514D6
S315040069081502C0903A8821A015008090170280B01D
S315040069183AC80514150280B026A83F103AC869A4D7
S315040069280B03C0913A88EFBC1EBE3FA01700C0AD4A
S31504006938170100AD040240AD06B93F00170040AC8C
S31504006948170100AC040240AD068A3F0017044091C3
S315040069583A8809E00040064004038000150080E0F8
S315040069680B038090C4FF3F01141080100D03809020
S3150400697806933F003A8827003A882F00150000D866
S315040069883A882900261E00981700C0D83AC0041869
S31504006998265E00103A8821982E01C0A43A8821A0C0
S315040069A81700009117048090170280911705C0916B
S315040069B82E0200113A88E3311616008C1638C08167
S315040069C81709C090170740913A8809E03A880DB824
S315040069D83AE83E183A8823100EE1BF003AC869A47B
S315040069E8261800A0170280B03AC84514150280B0CC
S315040069F826723F103AC8679C3A886FBC1EE23F98D5
S31504006A081700C0AD1701C0AC040240AD150000D88C
S31504006A1806DC3F003A880BB83A880D8840000740E0
S31504006A281700C0903A8809E03A880B903A88471CC0
S31504006A381500C090C06701401EC93F103AC869A432
S31504006A481EE83FA03A8809E03A880B90C0670140DF
S31504006A581EC33F10150000D806E23F001700009138
S31504006A68170480902E0200113A8823803631008557
S31504006A781705C0913618C0A11709C0901707409189
S31504006A883A8809E03A880DB83AE83E183A88211057
S31504006A980EB3BF003A8823103A882710069B3F0096
S31504006AA83A880BB83A880D80400007401702C09010
S31504006AB8170080903A8823803AC8071C3A88051438
S31504006AC81502C0901500809006C43F003A880DA0B0
S31504006AD83A8821A006813F003A880BB83A880DA067
S31504006AE8400007401702C090170080903A8821A0FA
S31504006AF83AC8071D3A8805153A8823A03A8827A074
S31504006B081502C0901500809006803F003A8809B89F
S31504006B18840240013A880D9800E8064026170010BA
S31504006B283AC8C5154400001544008000150080D8ED
S31504006B3806983F003A880BB83A880D80400007400B
S31504006B481700C0903A8809E03A880B903A88071CDF
S31504006B581500C0903A882780C0670140266B3F100D
S31504006B68067F3F003A880B403A8809E0801E0840B1
S31504006B7826763F103A88231006503F004400C0008A
S31504006B884400009D1500C0D806823F000B03809080
S31504006B984402C000C4FF3F01141080100D03809006
S31504006BA81500C0E006063F001705A0D03A2800F8ED
S31504006BB8740081000450B1103A2800F8740081006A
S31504006BC80438B8101700001181BB064004FCFFDE28
S31504006BD87400C1000426F118150280DC150140DC96
S31504006BE8150000DC3A8823203A8825281503C0DFD7
S31504006BF83A8821303A8809303A880B182609003031
S31504006C08C08408403A880980740041010437712910
S31504006C181E0B0010150D008C150C808C7400C10019
S31504006C280426F1183A8805181703C0DF170280DC12
S31504006C38170140DC170000DC0404C0DE3A2800F81B
S31504006C48C08408403A88070026F23F1006F53F003C
S31504006C58740081010438B8313A88072017000031D6
S31504006C683A880D283A880B1841BD064004FDFFDE14
S31504006C78150000DC7400010404E23E84150140DCBE
S31504006C88150000803A8823203A8809283A880B3068
S31504006C983A880D381502C0DF00ED0A403A88071015
S31504006CA8C4FFBF00260680183A8805181702C0DFF5
S31504006CB8170140DC170000DC0403C0DE3A2800F89C
S31504006CC81700808026F83F10150080883A88051832
S31504006CD81702C0DF170140DC170000DC0403C0DE1E
S31504006CE83A2800F80B03802804EDFFDE151040DC73
S31504006CF88C008010150F00DC1512C0DF151180DC1E
S31504006D083A8821283A882320260B0010C410C02864
S31504006D1844008000150580281504C0281500C028DD
S31504006D281712C0DF171180DC171040DC170F00DCC0
S31504006D380413C0DE3A2800F88F03402916210028D8
S31504006D483A880DD8009D0840161E0010170180D8F1
S31504006D581400E0000C003C112631C0200B0380808F
S31504006D680400C800140082100D038080261EC0206B
S31504006D78040081043A8809883A880B9000D20140B5
S31504006D883A880910263100100B03C08034008100AC
S31504006D98047E8610150F80881420C0181505808473
S31504006DA80D03C08015040081150000811712C0DF89
S31504006DB8171180DC171040DC170F00DC0413C0DE43
S31504006DC83A2800F80B03C0800C208018260400100B
S31504006DD804108004140082180D03808006E53F0021
S31504006DE80400810406FB3F008F0340813A88098822
S31504006DF840A4084026DE3F100B038080C410C080E0
S31504006E0804008104540080100D038080440080002F
S31504006E181504C080150580801500C08006D53F007E
S31504006E28170AC0803400810004A789101ECBBF1836
S31504006E380B0380800400C1003A8825183AB0C410B0
S31504006E480D0380801513C08006CA3F000B0300811A
S31504006E580C8080201EB23F10C410C080940000210C
S31504006E6844008000150580800D0300811504C08048
S31504006E781500C08006AA3F00C4008000CC3F402904
S31504006E883A8807202E0280113A708420260B0010B7
S31504006E98C4FF3F311E050030062C0000C4FF3F2105
S31504006EA8C4FFBF004400C0182628802003008018A9
S31504006EB81EFABF283A8805183A2800F83A881100B5
S31504006EC83A8807000401C0013A9204404400C018F5
S31504006ED83A8851111EFCFF19F4BFBF02C4BFBF5242
S31504006EE8742060020420604AC400C002170080208F
S31504006EF804FFBF313A880F203AF004123A88871201
S31504006F083A70461A3A3084003A70C410260B0010B8
S31504006F1803008020260F8028430080204400C021D7
S31504006F28260C8028830080208400C0212609802816
S31504006F38C3008020C400C02126068028040100213D
S31504006F4836EABF593A88072006D13F003A88050031
S31504006F583A2800F83A8805383A2800F8C403C001E4
S31504006F683A8807202E0380393AB00429CC008010C9
S31504006F7826090010260600303A88CD3003008028FA
S31504006F8844004029050080184400C0181EFBFF3041
S31504006F983A8805203A2800F83A8811383A880F20A2
S31504006FA81700C02804FCBF311500C0381701802813
S31504006FB8150180381702C0281502C038170380281F
S31504006FC804044029150380380404C03936F4BF4143
S31504006FD8C40080002E0780113A88071017008028FD
S31504006FE804FFBF3104014029150080380401C03963
S31504006FF836FABF193A88073806DE3F003A88072862
S315040070083A8811202E0C00293A888F292E0AC02185
S31504007018260700303A8887213AC88D19C4FFFF39F4
S3150400702803008038C4FFFF18050080181EFBBF192B
S315040070383A8805203A2800F8C403C001360A80397C
S3150400704826FB3F303A880F403A880D3203008028E1
S3150400705844004029050080384400C0391EFBBF3966
S315040070683A8805203A2800F83AB00419CC0080106A
S315040070781EF33F103A8811383A880B183A880F20BD
S315040070881700C02804FCBF311500C0381701802832
S31504007098150180381702C0281502C038170380283E
S315040070A804044029150380380404C03936F4BF4162
S315040070B8C40080002E0780113A880710170080281C
S315040070C804FFBF3104014029150080380401C03982
S315040070D836FABF193A88113806D93F002608002817
S315040070E817018028171300213A8885103A888510D5
S315040070F83A8805111700C0101500C028150040115C
S315040071083A2800F8ECFFBF20261400103A88070036
S315040071182CC0BF201E0200103A9208200402C01890
S315040071282C00BC201E0200103A9108200401C01845
S315040071382C00B0201E0300103A8805218400C018CC
S315040071483A888910160300202C0090202606001081
S315040071584400C0183A8805183A2800F83A940820D2
S315040071680404C00006EA3F000408C0003A8805186B
S315040071783A2800F81700C020CC018018260A001007
S315040071884C0080183A000510262100108C0080183F
S315040071981E250010BAD0041884004001150080206A
S315040071A83A8805283A2800F8CCFFBF182615001097
S315040071B83A880B00CC3F80181E0200103AD20618F3
S315040071C804024029CC0380181E0200103AD106187E
S315040071D804014029CC0080181E020010BAD00618F3
S315040071E8840040294C0080181E0300107AD0061823
S315040071F8260A0018440040293A8805281500C020A4
S315040072083A2800F83AD406180404400106E93F006F
S315040072183A880B003A8805283A2800F804084001F9
S315040072283A8805283A2800F87AD004184400400118
S315040072381500802006DA3F00170480201704C028AA
S315040072483AC8CF101E0C00383A88C5183A888510F3
S315040072580405C010040500213A88CB283A888520FD
S3150400726804FFBF1004FF7F29170080111700C028E8
S315040072781E03C03036FABF203A8805383A2800F883
S315040072883603C0304400C0013A8805383A2800F865
S31504007298C4FFFF0106F83F002CFC5F2934303F0188
S315040072A83A880B293AC845013AD507103A880D0099
S315040072B80E0440013A880F283A8807383A88053078
S315040072C83A2800F8C404800004FB3F190E0CC010C9
S315040072D8C40780003AC807118407800044004001A7
S315040072E816020011440080003A98CA103A880F0022
S315040072F83A880D283A8807383A8805303A2800F833
S31504007308340280003AD8CF103A880D003A880530FE
S315040073183A8807383A2800F81704802004F9FFDE6B
S31504007328150400DD3A888510040500253A88851079
S31504007338150000DC3A88A1A0150540DD17FF7F85F6
S31504007348150140DC1506C0DF3A8809A83A882328BF
S315040073581503C0DC150280DCC01007403A880B1000
S31504007368040880003AC84511150080888402800004
S3150400737804FFFF8016144011C40280003AC849115C
S315040073883627C0A03A880D00440580283AD806A9AD
S315040073983A9884A834FCCF1C3AB0A4113A880590CC
S315040073A83A8807981706C0DF170540DD170400DD7D
S315040073B81703C0DC170280DC170140DC170000DC69
S315040073C80407C0DE3A2800F8360EC0A044FD3F295B
S315040073D83A880D00260F0020040880003AC80B11CD
S315040073E83612C0A03A880F003A9804A93AD846310A
S315040073F83A98083134FC8F103AB0A6183AB02439B2
S3150400740806E63F0044FD3F2917FEBF8104FEFF80C0
S315040074181EF13F2034FCCFAC3A88253006DF3F0006
S3150400742817FFBF183AD80C1106D73F0017FFBF1825
S315040074383AD84E1106EC3F0004F9FFDE150240DC8B
S315040074483A8823283A880BD81506C0DF150500DDC7
S315040074581504C0DC150380DC3A8825200032074071
S315040074683A880988040140D93A8827103A8829189D
S3150400747800320740170400891704C091170180D900
S315040074883A880B183AC80F393A880910170080D871
S315040074987A910E383A8811203AC885113A88C51166
S315040074A83A9506103A8813280E0D80003A88291D45
S315040074B83A880BA03A880F483A8809983A880D40C2
S315040074C880040A401706C0DF170500DD1704C0DC70
S315040074D8170380DC170240DC0407C0DE3A2800F8EC
S315040074E83AC8D32806F23F0004FEFFDEC40580002E
S315040074F8150000DC1501C0DF3A882120160C00119E
S31504007508FA9004207400C100045CF1183A88C51086
S3150400751817014012170000123A8807483A880540AE
S315040075281701C0DF170000DC0402C0DE3A2800F8A1
S315040075383A88110034FC4F023A8805003409D00011
S315040075483A880B483A8809403A880F183A880D1041
S3150400755840C80940C4FF3F843A8811103A88131872
S315040075681EF53F803A8805403A8807481701C0DF68
S31504007578170000DC0402C0DE3A2800F8C4FF7F299D
S31504007588170480307AD10B28040580313A8885108F
S315040075983A884B293A884B293A8885103A880B2920
S315040075A83A888730040140292E05C03017008030F8
S315040075B804018031150080200401002136FBFF30C8
S315040075C82E034021150000200401002136FD7F21E9
S315040075D83A2800F8170480207AD1072804050021E0
S315040075E80E0DC0103A8885103A8885103A888D2081
S315040075F82E18802117FFBF3004FFFF301E04001029
S315040076082E14C02004FFFF181700801826FC3F100C
S31504007618440080003A2800F80E0A8018CC0740294E
S31504007628260800283A88C5183A8885103A888D208D
S315040076381700C0303AD844193A9844111EF4BF18B2
S3150400764806EB3F003A88C5183A8885103A888D2093
S3150400765806E73F003A8805003A2800F81713C020C1
S3150400766804FBFFDE1503C0DC150280DC1504C0DF4D
S315040076783A882528150140DC150000DC3A882720BD
S31504007688040480010401400126170018440040013F
S315040076983A8885943A98A22C3A8885103A88C7106D
S315040076A81700001C3A884D8C3A888D313A88099817
S315040076B80405803126120080170080801500801882
S315040076C815040080150300803A8805801704C0DF76
S315040076D81703C0DC170280DC170140DC170000DC46
S315040076E80405C0DE3A2800F8809008403A88071056
S315040076F83A882100151380981EE43F1006F23F00CD
S315040077088090084026F03F103A882110150180140D
S315040077181502401406EA3F0004F5FFDE1505C0DC31
S315040077284400C004150200DC3A8821283A880B98DC
S315040077381509C0DD150880DD150740DD150600DDD1
S31504007748150480DC150340DC150AC0DF3A882330AB
S315040077583A882D38170BC0DD406607403A8825104D
S315040077683400A000C4FFBF103A7088883AD52A208E
S3150400777834048000C4FFBF103A7086883A0029A8EA
S315040077883A880B801501C0D8040500941E0200A08F
S315040077983404C0181501C0D8262700283A8809D801
S315040077A8150040D9C01707403A880D102635001031
S315040077B81701C0D8040880003AC88511170000D9F3
S315040077C83A9886183AB006191505C0901701C0D814
S315040077D83AD886191501C0D83A000B1884008000D7
S315040077E83AC84B111501C080150440911E1A00A011
S315040077F83A88453544F3BE10440DC000150080B0E0
S315040078083AC887191500C0B83A880590170AC0DF20
S315040078181709C0DD170880DD170740DD170600DDE8
S315040078281705C0DC170480DC170340DC170200DCEC
S31504007838040BC0DE3A2800F8040100D9C017074033
S3150400784804088011170180D81504C0943A880B9847
S315040078581505809026E63FA03A8845293A8885107A
S315040078683A88051417FF3F1184F3FE307A912028CD
S315040078781500C0B0C01007403AC8A180150000BC66
S3150400788806E13F00170080D8150580901701C0D877
S3150400789806D13F0004FBFFDE150000DC3A882128E8
S315040078A8150280DC3A880B303A8825203A88098004
S315040078B8150140DC1504C0DF1503C0DC3A88233003
S315040078C80024074026420010165000103A88270064
S315040078D8170140813A880990406607403A8819108A
S315040078E81704808217048088040580813A888752A1
S315040078F83A8885103A88C7183A8885100405008A94
S315040079081503C0643A88DB303A8897400405C06199
S315040079183A88130017000031170040410401004259
S31504007928CCFFBF20CCFFFF283AC8C5103A884512B9
S315040079383AD408203AD40A283AD407100D008038D5
S315040079483AC849213A88C9208D0000390401803192
S315040079580401C0393AD4132036EEFF422E0C4033C4
S315040079681700803004018031CCFFFF103A88471A8B
S315040079783AD404103AD409180D00C0383A880511C7
S315040079888D0080383AD413100401C03936F47F3395
S3150400799817FFBF3804FFFF381E04001004FFFF1842
S315040079A817008018C4FFBF5226FC3F103A880560AA
S315040079B8150480621704C0DF1703C0DC170280DCD5
S315040079C8170140DC170000DC0405C0DE3A2800F87D
S315040079D83A8809903A880B00406607403A88191095
S315040079E844008000150480603A8805601505006027
S315040079F81704C0DF1703C0DC170280DC170140DC5C
S31504007A08170000DC0405C0DE3A2800F83A880D8819
S31504007A184400C0043A8823803A88213006AC3F00E3
S31504007A2804F9FFDE17048028150000DC7AD121301A
S31504007A381702C02844008010150140DC3A88A38048
S31504007A48150540DD150400DD150280DC1506C0DFCA
S31504007A583A8825281503C0DC3A8829303A882B2029
S31504007A68170140290E03401C3A88C71844004029C8
S31504007A7816FD7F1C3A8809A8406607403A882710ED
S31504007A88040540110E0900043A8805283A880700B7
S31504007A984400C01815000010040180101EFCFF8065
S31504007AA83A8805843A8885103A888B281704809082
S31504007AB804050091CC0780A13A8885103A88851078
S31504007AC83A888F20261E0030040880003AC891118F
S31504007AD83A880700170080203A9884113AB0841827
S31504007AE8150080281700C02004010021040140293C
S31504007AF83AD8061A36F7FF211500C02826010018B9
S31504007B084400408CC4FFBF88150480983A8809A8A5
S31504007B183A880B90400E07403A8805981706C0DF46
S31504007B28170540DD170400DD1703C0DC170280DCE7
S31504007B38170140DC170000DC0407C0DE3A2800F809
S31504007B48170080200401002115008028040140291B
S31504007B582EECFF211700802004010021150080283F
S31504007B680401402936F6FF2106E63F0004F0FFDE4D
S31504007B78150880DC150740DC1704802C17044034EC
S31504007B881509C0DC150600DC150FC0DF150E00DF6D
S31504007B98150DC0DD150C80DD150B40DD150A00DD5D
S31504007BA83A8821283A8827300E0440943A8825884A
S31504007BB81704402C3A8827283A88213017028080EF
S31504007BC83A8847941504C0D8170140810E01C0109D
S31504007BD84400402940660740150580D8170400D993
S31504007BE81705C0D83A8805213A888510040500196E
S31504007BF83A888520150380D82E0580203A880520E2
S31504007C081703C0D8150000100401801036FCFF10B5
S31504007C183A88458C3A8887940405C09D3A88851025
S31504007C28040500843A88C7183A8885B8150000DC24
S31504007C38150280D83A88F9802E4380B8150100D9F0
S31504007C48170000B9CCFF3F25261A00A01700C0DC90
S31504007C58170180DC3A882B001700409C1700009413
S31504007C683A8809A0CCFF7F89406401403AD40A883F
S31504007C78CCFFFF803A88C7A83A8809A03A88E31057
S31504007C883AD42080406401403AD406883A880514D8
S31504007C980401C09C3A8887188D00C0900D00409452
S31504007CA83AD42A180401809436EB3F9F1500409570
S31504007CB8170000B93AD42A20261C00A8170100D9AF
S31504007CC8170000DD3A882D001700C0243A882520BD
S31504007CD83A882398170000A43A8809A8040100A53D
S31504007CE8CCFF7F81406401403AD406883AD40A809E
S31504007CF80D00C0943A88C7B03A88E1108D00009404
S31504007D083A8809A804018094406401401700409405
S31504007D183AD42080CCFFFF883A88C5103A88A780D1
S31504007D283AD42C9836EB3FA71500C094170280D88E
S31504007D380401C0BD2E0480B81701C0D80401C018B8
S31504007D481501C0D806BE3F00170400D90E0C000161
S31504007D581703C0D817FFBF1804FFFF18260300101F
S31504007D6806070000170080181E050010170400D91E
S31504007D7804FFFF18C4FF3F21150400D91EF93F204C
S31504007D88170480D81705C0D8150480183A8805182A
S31504007D98170FC0DF170E00DF170DC0DD170C80DDC7
S31504007DA8170B40DD170A00DD1709C0DC170880DC4D
S31504007DB8170740DC170600DC0410C0DE3A2800F872
S31504007DC804FDFFDE150000DC44000004150180DC18
S31504007DD83A8825283A880B801502C0DF4066074092
S31504007DE815040014150580141702C0DF170180DC7A
S31504007DF8170000DC0403C0DE3A2800F804F6FFDEA8
S31504007E08150680DD1704802D150800DF1507C0DD6B
S31504007E18150540DD150400DD1503C0DC150280DCFC
S31504007E281509C0DF150140DC150000DC3A882F2847
S31504007E383A8839203A882B303A8829380405802C20
S31504007E483A882700170040943A880BA84400C09C37
S31504007E58CCFF3F89406401403AD408883A88211502
S31504007E683A880BA8406401403AD40880CCFF3F8482
S31504007E783A8805113A9406103AD428103A88071C09
S31504007E881500C0900401809416EEBF9D260800A034
S31504007E98170280B80E1380B03A8885B53A888510DB
S31504007EA83A88C5154400C0B0150500151504C0B8B0
S31504007EB83A8805B81709C0DF170800DF1707C0DDB9
S31504007EC8170680DD170540DD170400DD1703C0DC3F
S31504007ED8170280DC170140DC170000DC040AC0DE48
S31504007EE83A2800F8170140B93A8809E044004029BD
S31504007EF840660740170480B9040340B90403001117
S31504007F083A888D313A888D31040280313A882310B3
S31504007F1840F606403A880BB83A8809E0400E07400E
S31504007F283A882F8806DC3F0004FAFFDECC0080304E
S31504007F38150400DD1503C0DC150000DC1505C0DFDB
S31504007F48150280DC150140DC3A8821303A8827205E
S31504007F583A8829281E2B0010BAD02580261B0090A3
S31504007F681712009C1E080080063000003A880B8011
S31504007F783A880D803A88099826140090170080805C
S31504007F88261B00103A8821104C0080903A000510F0
S31504007F987AD025903A880D803A8809983A880BA0B1
S31504007FA81EF23F1040B707403A880BA03A88099852
S31504007FB83A882310400E07403A8829883A880B8065
S31504007FC83A880D803A8809981EEC3F903A8805A0AD
S31504007FD81705C0DF170400DD1703C0DC170280DCB1
S31504007FE8170140DC170000DC0406C0DE3A2800F856
S31504007FF840B70740150080803A8821101500001004
S3150400800806E13F003A8885107400C10004A2F118FD
S315040080183A8885103A88C51017FFBF113A880F00A9
S3150400802840E007403A88291006CB3F003A88099869
S31504008038449C400180DC0740151280983A88211038
S315040080481500001006D03F0004F9FFDE1503C0DC56
S31504008058150280DC3A8827283A88252044024001FC
S3150400806804020039150400DD150140DC1506C0DFDD
S31504008078150540DD150000DC3A8829383A8823308E
S3150400808880920A404400C0000E3580183A880B00D6
S315040080983A88C7184400402916FDBF183A8809903B
S315040080A8406607403A881110170780D84400C00074
S315040080B844028001150580401504C0400E2640344C
S315040080C83A8821303A88AB993A88059C0700C0114A
S315040080D83A880B403A88099004F4FF3984028001EF
S315040080E840E00740440000843A8811101EF63F8C8D
S315040080F83A8845AC04FE7F113A880D880E0C003583
S315040081083AC885A13A8821283A88A3280700C08155
S315040081183A880B403A88099004F4FF3984028001AE
S3150400812840E00740440000843A8811101EF77F8413
S315040081383A8805401706C0DF170540DD170400DD39
S315040081481703C0DC170280DC170140DC170000DCCB
S315040081580407C0DE3A2800F88402409906E73F007F
S315040081683A880B0006CD3F0004FDFFDE150000DC4F
S315040081787400010404E23E84150140DC1500008005
S315040081883A8823203A8809283A880B303A880D38E1
S315040081981502C0DFC0FD0A403A880710C4FFBF00B5
S315040081A8260680183A8805181702C0DF170140DC2E
S315040081B8170000DC0403C0DE3A2800F817008080A4
S315040081C826F83F10150080883A8805181702C0DF7C
S315040081D8170140DC170000DC0403C0DE3A2800F867
S315040081E804F4FFDE150880DD150480DC150340DC85
S315040081F8150BC0DF150A00DF1509C0DD150740DDBC
S31504008208150600DD1505C0DC150200DC3A882528AC
S315040082183A8823303A882D2026C9002840FD0A408A
S3150400822804FE3F94C402C0888405800017010082B6
S315040082382E1BC01004FEBF003A708E183A883938CF
S31504008248161A0038361940E404FF3F013A702641ED
S315040082581626C0993A882B803A88299804020084FD
S315040082683A880FA83AC80DA7C403800036C18011FE
S31504008278170180383A8849A54C0080103AB084A082
S31504008288150180381701C0205400C0181501C020F4
S315040082983A8809B080FD0A403A8823800606000019
S315040082A80404C0013A8839382EE77FE404038000C1
S315040082B83A882300150080B03A880588170BC0DF72
S315040082C8170A00DF1709C0DD170880DD170740DD28
S315040082D8170600DD1705C0DC170480DC170340DC2D
S315040082E8170200DC040CC0DE3A2800F8740081008A
S315040082F804B1B210170240123A88CD843A882B800A
S3150400830826B940321701403184FFBF003A708428E9
S315040083183A8885111701C0104C00C0183A0007188E
S3150400832826A300183A7008293A8829990EA3C0A1E9
S315040083384C0080401E550010170080803AC8AF8054
S315040083481701C0B804FFBF003A708418262E0030FF
S3150400835826B940323A88A9983A880925150000D9D9
S31504008368162AC021170380301702C03004094001B9
S3150400837804FFBF99150380181502C010170300B926
S31504008388170280B83A882BB8040200BC150280206C
S315040083981503001136E48029C40480003A8809903C
S315040083A83A8811802E0F801117008090040400BAB1
S315040083B804020091150280B81701C090C406800013
S315040083C81503C0B82E0780111702C090040600BA18
S315040083D8040400911504C0B817038090150580B8E5
S315040083E826E7403117008020170000DD3A880FB8C9
S315040083F8150080401701C0201501C04017028020CF
S315040084081502804006973F003A88A998161FC0A10E
S315040084181703C0B8170280B804FFBF9904094001BE
S315040084283A882BB8150280181503C010040200BC3C
S3150400843836C38029C40480003A8809903A88118092
S315040084482E0F801117008090040400BA04020091CC
S31504008458150280B81701C090C40680001503C0B879
S315040084682E0780111702C090040600BA040400916E
S315040084781504C0B817038090150580B826C740317F
S31504008488170080203A880FB806D93F003A880B8827
S315040084983A8809B000D201403A88231026250010EC
S315040084A81701808084FFFF0004FE3F893A70C410D8
S315040084B83A8885802695802004FFBF990409C0015F
S315040084C836458039C40480003A8809903A880B886E
S315040084D82E0F80111700809004024089040200912F
S315040084E8150080881701C090C40680001501C0884D
S315040084F82E0780111702C0900404408904040091D1
S315040085081502C08817038090150380882691C03108
S3150400851817008020150080281701C0201501C028DF
S3150400852817028020150280283A880B903A8809B0E9
S31504008538004006403A8809B080FD0A40065E3F00BE
S315040085483A880B30170BC0DF170A00DF1709C0DD9E
S31504008558170880DD170740DD170600DD1705C0DCA0
S31504008568170480DC170340DC170200DC040CC0DEA9
S3150400857801D20140170180383A884BE5540000318E
S315040085884C0080103AB004171501803815010029EB
S315040085983A88872917018018040240293A8809B0BD
S315040085A854008010150180180040064006383F0024
S315040085B83A880D003A880900065D3F001702C03064
S315040085C8170380303A880F80040200841502C0100D
S315040085D81503801806233F003A8809883A880B90C1
S315040085E84000074006D03F00170180300404C0E06D
S315040085F83A7008113A880599164DFF103AC80517B6
S315040086083A880B8754008010150180281701C0800A
S315040086187400810004B1B2103A8809B04C00C0183D
S315040086283AB0C6E0150240111501C08080FD0A4023
S315040086380402408406203F003A88A9983A88092506
S31504008648040480E0150100D91670BF201703C0B8CA
S31504008658170280B804FFBF9904094001150280185F
S315040086681503C010040240BC36418029C4048000A6
S315040086783A8809903A880F882E0F8011170080903F
S315040086880404C0B904020091150280B81701C09009
S31504008698C40680001503C0B82E0780111702C090BF
S315040086A80406C0B9040400911504C0B817038090E1
S315040086B8150580B8264040311700802015008038FB
S315040086C81701C0201501C03817028020150280380A
S315040086D81701C0D83A880BBF3A8809B03AC8051FAB
S315040086E854008010150180281701C0B87400810051
S315040086F804B1B210150240114C00C0183AB0C6E0D5
S315040087081501C0B880FD0A4006EB3E00170180201B
S3150400871804FFFF003A880F803A70C4103A88A99873
S315040087280402008406CF3E003A880B903A880980F2
S3150400873840000740170000DD3A880FB806C93E0016
S315040087483A880B903A880980400007403A880FB85F
S3150400875806C43E001704C090040640890406009126
S315040087681504C088170580901505808806683F009B
S315040087783A880B903A8809884000074006D43F0097
S315040087881704C09004060091040800BA1506C0B878
S3150400879817058090150780B806123F001704C09085
S315040087A804060091040800BA1506C0B81705809097
S315040087B8150780B806323F001704C09004060091D6
S315040087C80408C0B91506C0B817058090150780B8FF
S315040087D806B93F003A880D203AC809013AB08821FB
S315040087E8FAD708203400A000C4FFBF103A70441119
S315040087F83AB0882034FC9F003AC805113AC8870065
S315040088083AB0C410FAD704104400C0003AC8851810
S315040088183A2800F83A880D203AC809013AB088215E
S31504008828FAD708203400A000C4FFBF103A704411D8
S315040088383AB0882034FC9F003AC80511FAD70410C8
S315040088483A2800F83AB04421CC0080101E1D0010C6
S315040088583A880F2017008028170000213A880D2827
S315040088681E168020F4BF3F02C4BF3F423A8807223F
S3150400887874206001042060293A7046193A300401CC
S315040088883A70C4101E1C00103A8813403A881128FE
S31504008898060100001E1800180401C0391700003923
S315040088A804018031170040313A8845223A7004128F
S315040088B83A3006013A70861826F67F213A8809382E
S315040088C83A880B300700C0201E050018060600006B
S315040088D8440000210700C02044004029260200184D
S315040088E80700802826FABF180300C0200300802842
S315040088F83AC885183A2800F83A8805003A2800F84C
S3150400890804FEFFDE150040DC3A8823203A8809284D
S315040089183A880B301501C0DF406401403A880B10D1
S315040089283A88098800D201403A8823100409C0010C
S31504008938260D001017FFFF103A88091004FFBF0020
S315040089483A7086183A8887183A880D183A880B00B8
S315040089583617C038C40480003608C0101502002033
S3150400896815000020150100203A8805881701C0DF84
S31504008978170040DC0402C0DE3A2800F8C40680006A
S315040089881500008815010088040200892EF3FF10DB
S315040089981502008815030088040400891EEFFF19D0
S315040089A804060089150400881505008806EB3F00AF
S315040089B8004602403A8805881701C0DF170040DCE4
S315040089C80402C0DE3A2800F804FDFFDE150000DCC8
S315040089D87400010404E23E84150140DC150000809D
S315040089E83A8823203A8809283A880B301502C0DFCA
S315040089F800CE0A403A880710C4FFBF00260680182E
S31504008A083A8805181702C0DF170140DC170000DC96
S31504008A180403C0DE3A2800F81700808026F83F10C1
S31504008A28150080883A8805181702C0DF170140DC4C
S31504008A38170000DC0403C0DE3A2800F804FDFFDE54
S31504008A48150000DC7400010404E23E84150140DCD0
S31504008A58150000803A8823203A8809281502C0DFC1
S31504008A6840D70A403A880710C4FFBF002606801874
S31504008A783A8805181702C0DF170140DC170000DC26
S31504008A880403C0DE3A2800F81700808026F83F1051
S31504008A98150080883A8805181702C0DF170140DCDC
S31504008AA8170000DC0403C0DE3A2800F804F1FFDEF0
S31504008AB83A8815003A8805203A881130150D00DFE2
S31504008AC8150A40DD1508C0DC150EC0DF150CC0DD1F
S31504008AD8150B80DD150900DD150780DC150640DC5D
S31504008AE8150500DC150380DA3A8827403A883910D8
S31504008AF83A882B28150480DA1E4000383665002A81
S31504008B0826B50040D4FFBF0036ADC014C43F80006C
S31504008B18365EC1143A880B003A8805003AD8849818
S31504008B287400010104E63021040880013A8805111D
S31504008B380300C0103A88C7283AC8E9301E0A01A0BB
S31504008B483AD42E983AC8EBACCCFFBF9D4400000536
S31504008B583A8809A83A880BB8809E0A403A880B10C6
S31504008B683A8809B03A882110406401403A8809A82D
S31504008B783A880BB83A882310009F0A403A9404109E
S31504008B883AD406E03AB0C4102E0440143A88C51400
S31504008B98C4FF3F843601C014365C41143AC86314D2
S31504008BA83A8809883A880BB8809E0A403A880B1096
S31504008BB83A8809B03A882B10406401403A880988F3
S31504008BC83A880BB83A882510009F0A403A9404104C
S31504008BD8CCFFFFE03AB0C4102E0480143A88859876
S31504008BE8C4FF7FAD3601C014363C81143A94048020
S31504008BF83A8809A03AB084A8061500003A880D38C0
S31504008C08366CC029D4FFBF003664C011C43F800047
S31504008C183618C1113A880B003A8805003AD88430C8
S31504008C287400010104E630210408C0013A880511DC
S31504008C380300C0103A88C7283AC8ED381E7300B036
S31504008C4836014035365BC0E4440080003A880900A2
S31504008C58150380D8170340D93A880720150400D984
S31504008C683A880528170EC0DF170D00DF170CC0DD7C
S31504008C78170B80DD170A40DD170900DD1708C0DC6D
S31504008C88170780DC170640DC170500DC040FC0DE76
S31504008C983A2800F8D4FFBF0036560012C43F8000B5
S31504008CA8360001123A880B003A8805003AD88498A7
S31504008CB87400010104E63021040880013A8805118C
S31504008CC80300C0103A88C7283AC8CB3026060028BD
S31504008CD83AC845313AD884E03A9846A93A9878E1A8
S31504008CE83A9866993AB0AA183AD42E983A8809A8AE
S31504008CF8CCFFBF9C3A880BB8809E0A403A880B1072
S31504008D083A8809903A882110406401403A8809A8AB
S31504008D183A880BB83A882310009F0A403A940410FC
S31504008D283AD406E03AB0C4102E0440143A88C5145E
S31504008D38C4FF3F843601C01436EA40143AC86314A3
S31504008D483A8809883A880BB8809E0A403A880B10F4
S31504008D583A8809903A882B10406401403A88098871
S31504008D683A880BB83A882510009F0A403A940410AA
S31504008D78CCFFFFE03AB0C4102E0480143A888598D4
S31504008D88C4FF7FAD3601C01436D980143A940480E2
S31504008D983A8809003AB084A806AD3F0034408000FA
S31504008DA8C4FFBF1036B6C011040440013A8805282A
S31504008DB8069A3F003A8805003A88090006A43F0047
S31504008DC834408000C4FFBF1036B3C0140404400105
S31504008DD83A88052806513F00440000013A880B00EA
S31504008DE8809E0A403A882710D4FFBF0036F4FF1441
S31504008DF806463F0034408000C4FFBF1036AC00125C
S31504008E08040440013A88052806A83F003AC8853D67
S31504008E183A9888353AD886983AD8A2A83AD884E0AF
S31504008E283AB0EE203AD424B83A9886AD3A880988F6
S31504008E383A880B903AB086181501C0D8CCFF3FBCC7
S31504008E48809E0A403A880B103A8809803A88291085
S31504008E58406401403A880B903A8809883A882B106E
S31504008E68009F0A40170140D93A9404103A98A69DDF
S31504008E783AD406283AB0C4102E0340153A88C515C4
S31504008E88C4FF3FA52E91C0153AC863153A880988C8
S31504008E983A880B90809E0A403A880B103A880980D3
S31504008EA83A882B10406401403A8809883A880B901E
S31504008EB83A882110009F0A40170180DA3A94041070
S31504008EC8CCFFFF503AB0C6102E03001C3A88C71DC3
S31504008ED8C4FF7FAD2E79C01D3A9404A03AD42E98C7
S31504008EE8CCFFFF9C3AB0A4A8CCFF7F943AD42A902E
S31504008EF83A8809883A880B983AC8211C4064014084
S31504008F083A8809883A880BB83A8829104064014097
S31504008F183A880B983A8809A83A882310406401408D
S31504008F283A8809A83A880BB83A8827104064014059
S31504008F383A8809103AD404A03A88E38C3A88471444
S31504008F482E02C01C740080003A8889203AD404187A
S31504008F583A88852036448080263E80803A88059063
S31504008F683A880900063A3F003A98269D3AC80535D4
S31504008F783AD8A2A83AD42E983AD884E03A9806ADB4
S31504008F883A8809883A880BB83AB086181500C0D8C2
S31504008F98CCFFBF9D809E0A403A880B103A8809B0D8
S31504008FA8150280D8406401403A8809883A880BB883
S31504008FB83A882B10009F0A40170000D93A940410E7
S31504008FC83AD406203AB0C4102E054015170240D9E3
S31504008FD83A88C514C4FF7F29150240D92E46C01401
S31504008FE83AC863153A8809883A880BB8809E0A40B5
S31504008FF83A880B103A8809B03A882510406401402B
S315040090083A8809883A880BB83A882110009F0A409A
S31504009018170080DA3A940410CCFFFF503AB0C61011
S315040090282E06001C3A88C71CC4FFBF943603C01C0E
S315040090382E02001CC4FFBF943A88C71C170200D925
S315040090483A9838E53AC82B1C3A9404203AB0A890C2
S3150400905806BF3E003A9404183A9888E5CCFFFFA068
S315040090683A88C5102EBDBF20C4FFBF903A880900B0
S3150400907806F73E00040240013A88052806E73E0042
S31504009088040640013A88052806E43E000402400125
S315040090983A88052806A13E00040640013A880528B0
S315040090A8069E3E00040240013A88052806FF3E0053
S315040090B8040640013A88052806FC3E002E863F1C15
S315040090C83A88C71DC4FF7FAD06833F002E6E7F1501
S315040090D8C4FF3FA53A88C515066B3F00C4FF7FAD9C
S315040090E806C23E00C4FF3F843A88C51406133F00EF
S315040090F8C4FF7FAD06253F002EB97F15C4FF7F291F
S315040091083A88C514150240D906B53F00C4FF3F8402
S315040091183A88C51406A13E0004F0FFDE3A881130E9
S315040091283A880D00150B40DD1509C0DC150600DC70
S31504009138150FC0DF150E00DF150DC0DD150C80DD1B
S31504009148150A00DD150880DC150740DC3A8817285F
S31504009158150480D93A882740150580D93A882120EC
S315040091683A882B281E2C00383656002A269A0040A0
S31504009178D4FFBF003692C014C43F8000365CC114C5
S315040091883A880B003A8805003AD884987400010195
S3150400919804E63021040880013A8805110300C0104A
S315040091A83A88C7283AC8E5301EA400903AD42E98BF
S315040091B83AC8EBACCCFF3F9D3A882D003A8809A8FB
S315040091C83A880BB8809E0A403A880B103A8809A058
S315040091D8406401403A8809A83A880BB83A882310AB
S315040091E8009F0A403A9404103AD406803AB0C41050
S315040091F82E0340143A88C5143601C014365841144F
S315040092083AC863143A8809883A880BB8809E0A4093
S315040092183A8809A0065300003A880D382E13C02947
S31504009228150400D9150540D9170440D93A881358A6
S315040092383A8811283A8805403A880748170FC0DF44
S31504009248170E00DF170DC0DD170C80DD170B40DD88
S31504009258170A00DD1709C0DC170880DC170740DC8D
S31504009268170600DC0410C0DE3A2800F8D4FFBF0055
S315040092783666C011C43F80003620C1113A880B00F7
S315040092883A8805003AD884307400010104E630218E
S315040092980408C0013A8805110300C0103A88C72893
S315040092A83AC8E5381E940090365E40352E5DC08473
S315040092B83A8811803A8813A8150400DC150540DDA0
S315040092C806DC3F00D4FFBF00364A0012C43F8000C4
S315040092D8360D01123A880B003A8805003AD8849864
S315040092E87400010104E63021040880013A88051156
S315040092F80300C0103A88C7283AC8C7301EDC0018CD
S315040093083A882D003AD42E983A8809A8CCFFBF9CEF
S315040093183A880BB8809E0A403A880B103A88099016
S31504009328406401403A8809A83A880BB83A88231059
S31504009338009F0A403A9404103AD406803AB0C410FE
S315040093482E0340143A88C5143601C0143602411453
S315040093583AC863143A8809883A880BB8809E0A4042
S315040093683A8809903A880B10406401403A8809887B
S315040093783A880BB83A882B10009F0A403A9404108E
S31504009388CCFFFF803AB0C4102E0440153A88C514A1
S315040093983602C0142E0140153A88C5143AC8451534
S315040093A83AD884153A881300150480D81704C0D807
S315040093B83A880500150580D83A881118069D3F0095
S315040093C834408000C4FFBF1036C6C01404044001EC
S315040093D83A880528066C3F00440000013A880B00C9
S315040093E8809E0A403A882710D4FFBF0036F4FF143B
S315040093F806613F0034408000C4FFBF1036C5001222
S31504009408040440013A88052806B43F003440800025
S31504009418C4FFBF1036C2C011040440013A880528A7
S3150400942806983F003AC8C9843A8005813AC887A98C
S315040094383AC8AB183A882120069D3F003A98A69C5C
S315040094483AC885343AD8A2A83AD42E983A9886AC1B
S315040094583AD884803A8809883A880BB83AB0B81852
S31504009468CCFF3F9D809E0A403A880B103A8809A093
S31504009478406401403A8809883A880BB83A882B1020
S31504009488009F0A403A9404103AD406E03A882D908C
S315040094983AB0C4102E0240153A88C5142EABC0142F
S315040094A83AC863153A8809883A880BB8809E0A40F0
S315040094B83A880B103A8809A0406401403A8809881A
S315040094C83A880BB83A882B10009F0A403A9404103D
S315040094D8CCFFFFE03AB0C4102E0440153A88C514F0
S315040094E83602C0142E0140153A88C5143A98A08449
S315040094F83AC86B1506313F003AC88F3C3A98863409
S315040095083AD8C4993AD8E2A93A988CAC3AB0AC1885
S315040095183AD42EB03AD8C4813A8809883A880BB81E
S315040095283AB08C301503C0D9150280D9CCFF3FB5A3
S31504009538809E0A403A880B103A8809A03A8839105E
S31504009548406401403A8809883A880BB83A882B104F
S31504009558009F0A40170200D93A9404103A98A69C28
S315040095683AD406203A98A0841500C0DC3AB0C41050
S31504009578150100DC2E0340153A888515C4FF3FE71C
S315040095882E6E80153AC863153A8809883A880BB846
S31504009598809E0A403A880B103A8809A03A88211016
S315040095A8406401403A880BB83A8809883A882910F1
S315040095B8009F0A40170240D93A940410CCFFFF28AA
S315040095C83AB0C4102E0300153A888515C4FF3F84A3
S315040095D82E568015170080D93A9422E03AD42E30B4
S315040095E83AB06284CCFFFF343AD42A88CCFF7F8C05
S315040095F83A8809883A880B983AC821154064014084
S315040096083A8809883A880BB83A8829104064014090
S315040096183A880B983A8809A83A8823104064014086
S315040096283A8809A83A880BB83A8827104064014052
S315040096383A880B103AD404A03A88E38C3A88491439
S315040096482E02C024740080003A888B283AD4042059
S315040096583A940820CCFFFFA03A888D283A88C92076
S31504009668360B8081264080813AC88D81060F00001A
S315040096783AC8C5303A882D183AD884803A98C6A884
S315040096883A98A69D3A98A0853AB0AA18061D3F00AE
S315040096981700C0D83AC8C5203A8089203AC8873501
S315040096A83AC807193AC8CD803A880910170140D92B
S315040096B83AC805293A8087283AC8C730170380D993
S315040096C83AD884143A9888193AD8861C3AB0882025
S315040096D83A8811203A881318150400D91505C0D8F4
S315040096E806D43E00040640013A88052806A63E002C
S315040096F8040240013A88052806A33E0004024001F4
S315040097083A88052806DF3E00040240013A880528FF
S3150400971806F23E00040640013A88052806EF3E0094
S31504009728040640013A88052806D63E002EA93F15A8
S31504009738C4FF3F843A88851506A63F002E917F15F7
S31504009748C4FF3FE73A888515068E3F002E547F15D9
S315040097583A88C51406523F003A88C51406FC3E00EA
S315040097683A88C51406A63E00170180D836C83F11A4
S315040097783A880D0006CD3F0004F8FFDE1503C0DC69
S315040097883A882720170000214400C000150540DD4B
S31504009798150400DD1507C0DD150680DD150280DC1D
S315040097A8150140DC150000DC3A882B283A88293054
S315040097B82E630019170080282E8180180401C00022
S315040097C826DCC020267EC0108400C0002667C01090
S315040097D8267BC0201702C09D1702C0281703409C89
S315040097E81703C02B3AC8CDB81704809C1704002C5D
S315040097F83A88093016970030C40F8000166B80111A
S315040098080EA4000104F8BF3516BC00B03AD89685F4
S315040098183A8819003A881300440000013A8815006A
S3150400982816BE00B03A9890253A880F00C4FFBF00C8
S315040098383A8889383A888B403A80CD213A884B3120
S315040098483A7004793A7046813AB0C4102602001078
S31504009858440040023A8815003AB05E5A3AB0A0620B
S3150400986817014099170180A8266E802826660028C5
S315040098783AC8457C3A8089783AC887843AC8091927
S315040098883A880D103A880F20167700381502C0A5B5
S315040098981504C0A1150100A0150380A1170300A291
S315040098A8170440A2C4FFBF003A888B403A80092AAD
S315040098B83A888D483400C401C4FFFF393A888D219B
S315040098C8361780392665C031170200A33A8809423B
S315040098D8C4FFBF003A800F223A884B4A3A884F3968
S315040098E83A8895203A8897383A800D513A8899608B
S315040098F83A88D73234008400C4FFBF103A8811204E
S315040099083A881338150300A11504C0A1150200A34B
S315040099183603C0121EEDBF5884FFBF002EEBBF12DC
S31504009928170480A2C40080003400C800C4FFFF18CE
S31504009938170340A2150080A03623801A3A8827A068
S315040099483A8805981707C0DD170680DD170540DD38
S31504009958170400DD1703C0DC170280DC170140DC9E
S31504009968170000DC0408C0DE3A2800F81EF4FF20BD
S315040099781500003117018098150180301702C09828
S315040099881502C03017038098150380301704C09851
S315040099981504C030170180981701C0283A88273063
S315040099A83A70C4101501803006E53F001626C01D1E
S315040099B83A8823003A882F183A88250006A83F00D3
S315040099C83A8827A806DE3F0044008001FA97045027
S315040099D87AD008483AD88A51170200A23AB0081130
S315040099E83A8807003A7084493AB08C203AB0CE28AF
S315040099F8440000423A8827A01504C0A1150200A213
S31504009A08150380A106CE3F003AC8C58B3A808988DB
S31504009A183AC807943AC809193A880D103A880F20A3
S31504009A2806993F003A88457C3A80C9133A88878460
S31504009A383A88C920150140A11502C0A5150380A0BE
S31504009A48150400A106B63F003A881F003A8821008B
S31504009A5806833F003AC88D0106673F0084FFBF00AE
S31504009A6836AF7F1106983F003A8805003AC889112F
S31504009A783A8005113AC8CB013AC8852844008001C2
S31504009A88150180A11502C0A5150300A1150480A01F
S31504009A9806823F0026723F2004F8BF353A88AFB9DC
S31504009AA8163100B03AD89A953A881D003A880F00BC
S31504009AB8440000013A881100162500B03A98942506
S31504009AC83A881300C4FFBF003A8889483A888B50FD
S31504009AD83A804D223A884B313A7004893A70469155
S31504009AE83AB0C410260200104400C0013A88110096
S31504009AF83AB0E2693AB0247206593F003A880784B4
S31504009B08C40780003AC885113A9886183AD89679CF
S31504009B183AD898813AB0D61A063E3F007AD006203B
S31504009B28C40780003AC885113AD890183A988E2105
S31504009B38063E3F001E823F111701C0281701809870
S31504009B48267FFF107400C10404A5F19C067C3F001F
S31504009B587AD00620C40780003AC885113AD89418E2
S31504009B683A98922106D73F003A888794C40780001A
S31504009B783AC885113A9886183AD89A893AD89C9157
S31504009B883AB05A1B06C93F0004EAFFDE1514C0DCC6
S31504009B980404C0DC3A8811203A881328151340DCDB
S31504009BA83A8809D83A880B98040940DC1515C0DFA9
S31504009BB8150140DA1503C0D9150000DA150280D953
S31504009BC8809F0A40040200D93A880B88809F0A407D
S31504009BD8170A80D83A880B883A880998040E80D9D7
S31504009BE85C008010150A80D8007809403A88091064
S31504009BF8003301401715C0DF1714C0DC171340DC07
S31504009C080416C0DE3A2800F804EAFFDE1514C0DCA0
S31504009C180404C0DC3A8811203A881328151340DC5A
S31504009C283A8809D83A880B98040940DC1515C0DF28
S31504009C38150140DA1503C0D9150000DA150280D9D2
S31504009C48809F0A40040200D93A880B88809F0A40FC
S31504009C58040E80D93A8809983A880B88007809400E
S31504009C683A880910003301401715C0DF1714C0DC01
S31504009C78171340DC0416C0DE3A2800F804E0FFDEB9
S31504009C88151840DC040440DC3A8811203A88132865
S31504009C98151700DC3A8809D83A880B88040900DCC9
S31504009CA8151FC0DF150140DA1503C0D9150000DAFF
S31504009CB8150280D9151EC0DD151D80DD151C40DD75
S31504009CC8151B00DD151AC0DC151980DC809F0A40B7
S31504009CD8040200D93A880B80809F0A40170400D9E9
S31504009CE8440080002E1000111709C0D82E06C01093
S31504009CF804018000260A802026CC8018840080006F
S31504009D08260980201E198018170AC0D8170580D876
S31504009D183A8809803AC0C410150A80D80607000094
S31504009D288400800026C38018170580D8170AC0D86F
S31504009D383A8809883AC0C410150580D8003301400A
S31504009D48171FC0DF171EC0DD171D80DD171C40DD79
S31504009D58171B00DD171AC0DC171980DC171840DC3E
S31504009D68171700DC0420C0DE3A2800F8170780DD40
S31504009D78170C80DC3A882B003A8823003A880BA80B
S31504009D883A880DB03A880F881708C0DD170DC0DC6D
S31504009D983A880990C0EB00403A881B003A880F6855
S31504009DA83A8809B03A880B003A880D983A882DB84B
S31504009DB83A882F00151640DB151380D81514C0D819
S31504009DC81515C0DCC0EB00403A880DB03A880B0084
S31504009DD83A8809903A880FB83A8821103A8823189D
S31504009DE8C0EB00403A8885803A800D143A88C788C3
S31504009DF83A88CD303A8829103A882B30171380DAF6
S31504009E081714C0DA171500DB171640DB2E61403429
S31504009E183A8809003A8805513A808D123A88075DCE
S31504009E283A88CD303A882100440040043A882510FF
S31504009E383A8827303662C032267A80593A880B68BF
S31504009E483A880FB83A8809603A880DB0C0EB0040E2
S31504009E583A8809103A880F003A8845153A8011114C
S31504009E683A88C7193A88C7403A88CB881706C0D8AB
S31504009E783A888980170B80D80401C0183A800D24C3
S31504009E883A88C7103A881320170A80D8170500D9C4
S31504009E983A884D313A8815303AC08820340088000B
S31504009EA8C4FFBF10150F00D91510C0D82E1680117F
S31504009EB83A8811183A881F10FA9704987AD0169097
S31504009EC8FA9706507AD00C487AD00E503AB0D61281
S31504009ED8440080003AB08C193A7088487AD01898A9
S31504009EE83A881B003400A0033A8813303A88153898
S31504009EF83A889140260200203AB0645B3AB0A663D9
S31504009F0836EDBF7A151000DA34008400C4FFBF109A
S31504009F1836148012171000DA3A881F103A88454A10
S31504009F283A804D123A8887523A8897943A808F5CD9
S31504009F383A88D99C440000013A88CD303A880F3BC8
S31504009F48C4FF3F423A8813103A8815303AB01A11BA
S31504009F58163000983A8825583A8827382EEFBF7A5B
S31504009F68151000DAC43F80003A708E480420800039
S31504009F783A8807003A88110026188038C4008000F9
S31504009F88040E00D9151280DA150E80D8151140DA98
S31504009F98066A3F00262180893A8809003A880551CD
S31504009FA83A808D123A88075D3A88CD303A8821007E
S31504009FB83A8823003A8825103A8827302E9EFF329D
S31504009FC8440080003A8889803A800D243A884D34C2
S31504009FD83A8821203A88233006983F001EE73F40F6
S31504009FE8044000013A7004493AB0C4101EE33F1015
S31504009FF83AB0C49426E13F103A88C5493A805112CA
S3150400A0083A88914204C03F013A7012113A881540C1
S3150400A01806DA3F003A88136806CE3F00367C3F14BA
S3150400A02806DD3F002E85BF1206E53F00840080004A
S3150400A0381E35BF207400010104A53121063F3F00E7
S3150400A04804EDFFDE1511C0DC0404C0DC3A881120D7
S3150400A0583A881328150E00DC3A8809D83A880B98EA
S3150400A068040900DC1512C0DF150140DA1503C0D94E
S3150400A078150000DA150280D9151080DC150F40DCAE
S3150400A088809F0A40040200D93A880B80809F0A40C0
S3150400A098170400D9440080002E0B0011170940D973
S3150400A0A82E764011170580D8170AC0D804018001F6
S3150400A0B83AF0C410150580D8260280218400800051
S3150400A0C81E148020260900293A880998003301407D
S3150400A0D81712C0DF1711C0DC171080DC170F40DC1D
S3150400A0E8170E00DC0413C0DE3A2800F874000101D8
S3150400A0F804A53121003301401712C0DF1711C0DC53
S3150400A108171080DC170F40DC170E00DC0413C0DEC2
S3150400A1183A2800F8265B8029262D80281706C0D8F9
S3150400A128170B80D81708C0D9170D40DC3AC88B1806
S3150400A138170780D9170C00DC150640D93638403C79
S3150400A1482636C0893A8815003A881D003400C402A8
S3150400A1583A881F003A883F00440F8004060F00001F
S3150400A1683A881D603A881F683A880D403A880F1065
S3150400A1783A8891317AD008583A8085413A88D33951
S3150400A1883AB0C6283A8845123A8815183A881720E4
S3150400A1983A880D403A880F10261780FCFA970A5811
S3150400A1A87AD006504400C0FF36F17F3C3AC81134D1
S3150400A1B83A8005323AC8533C3AB098723AB0DA7AD9
S3150400A1C83AC885481EE6FF8936E93F3406E43F0067
S3150400A1D83A880998150480D9003301401712C0DF5C
S3150400A1E81711C0DC171080DC170F40DC170E00DCD3
S3150400A1F80413C0DE3A2800F8C43F80003A70907011
S3150400A208042080003A8807003A881300260D804007
S3150400A2181508C0DB150780DB06AB3F002EC93F34A3
S3150400A2283A8885313A8089113A88C7393A88C920E3
S3150400A238C4FF7F293A880D103A880F20150640D99D
S3150400A24806C03F001EF23F48044000013A700471FC
S3150400A2583AB0C4101EEE3F103AB0C43126EC3F1093
S3150400A2683A8805723A8091133A88D14304C03F016B
S3150400A2783A701C113A881F4006E53F003A8809805F
S3150400A28806923F003A880998150700D8150800D899
S3150400A298150600D8068D3F0004EFFFDE150F40DCD7
S3150400A2A8040440DC3A8805203A880728150E00DCA1
S3150400A2B83A8809D83A880B88040900DC1501C0D8FD
S3150400A2C8150080D8150280D91510C0DF1503C0D92A
S3150400A2D8809F0A40040200D93A880B80809F0A406E
S3150400A2E8170480D84400C0003A880D182E06801832
S3150400A2F8170980D83A8809883A880B802E0280186C
S3150400A30800B30A403A880D103A8805301710C0DFA2
S3150400A318170F40DC170E00DC0411C0DE3A2800F8DB
S3150400A32804EFFFDE150F40DC040440DC3A88052000
S3150400A3383A880728150E00DC3A8809D83A880B8823
S3150400A348040900DC1501C0D8150080D8150280D987
S3150400A3581510C0DF1503C0D9809F0A40040200D92E
S3150400A3683A880B80809F0A40170480D84400C000AE
S3150400A3783A880D182E068018170980D83A8809884D
S3150400A3883A880B802E02801800B30A403A880D10CA
S3150400A3983A8805301710C0DF170F40DC170E00DCAB
S3150400A3A80411C0DE3A2800F804EFFFDE150F40DC7E
S3150400A3B8040440DC3A8805203A880728150E00DC90
S3150400A3C83A8809D83A880B88040900DC1501C0D8EC
S3150400A3D8150080D8150280D91510C0DF1503C0D919
S3150400A3E8809F0A40040200D93A880B80809F0A405D
S3150400A3F8170480D84400C000C4FFBF012E06801885
S3150400A408170980D83A8809883A880B802E0280185A
S3150400A41800B30A403A880D103A8805301710C0DF91
S3150400A428170F40DC170E00DC0411C0DE3A2800F8CA
S3150400A43804EFFFDE150F40DC040440DC3A880520EF
S3150400A4483A880728150E00DC3A8809D83A880B8812
S3150400A458040900DC1501C0D8150080D8150280D976
S3150400A4681510C0DF1503C0D9809F0A40040200D91D
S3150400A4783A880B80809F0A40170480D84400C0009D
S3150400A488C4FFBF012E068018170980D83A880988A0
S3150400A4983A880B802E02801800B30A403A880D10B9
S3150400A4A83A8805301710C0DF170F40DC170E00DC9A
S3150400A4B80411C0DE3A2800F804EFFFDE150F40DC6D
S3150400A4C8040440DC3A8805203A880728150E00DC7F
S3150400A4D83A8809D83A880B88040900DC1501C0D8DB
S3150400A4E8150080D8150280D91510C0DF1503C0D908
S3150400A4F8809F0A40040200D93A880B80809F0A404C
S3150400A508170480D84400C0003A880D182E0680180F
S3150400A518170980D83A8809883A880B802E02801849
S3150400A52800B30A403A880D103A8805301710C0DF80
S3150400A538170F40DC170E00DC0411C0DE3A2800F8B9
S3150400A548FAD7062004F6FFDEC40080001509C0DF2A
S3150400A5581508C0DC150780DC150640DC150500DC8B
S3150400A568150080D81501C0D81E0F0020840080006D
S3150400A578150080D83A8809D8003301403A8809106A
S3150400A5883A880B183A8805203A8807281709C0DF3D
S3150400A5981708C0DC170780DC170640DC170500DC43
S3150400A5A8040AC0DE3A2800F8040F80003A000718A7
S3150400A5B8150280D8261100183A8827003A882520DB
S3150400A5C8150300D91504C0DC00FE00404407001139
S3150400A5D80EE83F0144FFBF10160C00103A98A290EB
S3150400A5E83A882100170280D8150440DC150300DCDC
S3150400A5F83AC80511150280D806DE3F003400A000CB
S3150400A608260A80203AC8090106EB3F007AD006904C
S3150400A618C40780003AC805113AD886183A98229988
S3150400A6283A9820913AB0621C06EE3F003A8809002F
S3150400A6383478700106D33F0004F8FFDE3A88052013
S3150400A6483A8807283A8809D8040240D91501C0D897
S3150400A658150080D81507C0DF809F0A401702C0D8A6
S3150400A668840080001E0580183A8807003A88051871
S3150400A6781707C0DF0408C0DE3A2800F84400800043
S3150400A6882EF9FF1004018000260480181704C0D888
S3150400A69816F53F18840780000E08C010170380D8E3
S3150400A6A81E1200103400E000C4FFFF183A8805188B
S3150400A6B81707C0DF0408C0DE3A2800F8040F800034
S3150400A6C83AC8D11004F8BF40170580D91706C0D96F
S3150400A6D8160800103AD88838170380D83A8807200D
S3150400A6E826E23F103AC8070106E03F003400E000BE
S3150400A6F806DE3F003A88C739C40780003AC80512FF
S3150400A7083A9886183AD808323AB0081906F23F0039
S3150400A71804F2FFDE150DC0DF150CC0DD150B80DD58
S3150400A728150A40DD150900DD1508C0DC150780DCAF
S3150400A738150640DC150500DC150100D81E0F00209F
S3150400A74884008000150080D83A8809D8003301406F
S3150400A758170DC0DF170CC0DD170B80DD170A40DDA7
S3150400A768170900DD1708C0DC170780DC170640DC6C
S3150400A778170500DC040EC0DE3A2800F8C400800081
S3150400A788040FC0003A882F003A882D20150080D877
S3150400A7981502C0D8150300D91504C0DD00FE004013
S3150400A7A844074012160B004826E73F4844FFBF10EB
S3150400A7B8162E00103A98A2B03A882100170280D8BB
S3150400A7C8150440DC150300DC3AC84512150280D886
S3150400A7D806DD3F003AC8550204F8BF51161B00307F
S3150400A7E83AD8A8B93A882B003A880F0044000001E1
S3150400A7F83A881100162500303A98A6213A88250089
S3150400A808C4FFBF003A8889903A888B983A808D2489
S3150400A8183A884B313A7004B13A7046B93AB0C41022
S3150400A828260200104400C0013A881100170200D914
S3150400A8383AB0C4A13AB006AA3AC849221504C0D8FF
S3150400A848150200D9150380D806BF3F003A88C7BD4C
S3150400A858C40780003AC885123A9886183AD8A8B226
S3150400A8683AD8AABA3AB0281D06DF3F007AD006B00D
S3150400A878C40780003AC845123AD886183A9862BA84
S3150400A8883A9860B23AB0621C06CC3F007AD00620E9
S3150400A898C40780003AC885123AD8A6183A98A4225A
S3150400A8A806D73F002E1B0029161A002844008000EC
S3150400A8B83A880700C407C001060300002613C01916
S3150400A8C84400C018160400283A884B293A8885108B
S3150400A8D836FA3F29260D00103A8807003602402129
S3150400A8E83AC849213AB086187AD004107AD00A2888
S3150400A8F81EFA3F10260200303A8805203A2800F846
S3150400A9083A8809183A8805203A2800F83A88070048
S3150400A91806F83F00440080003A88070006EF3F0027
S3150400A92804FEFFDE150000DC1501C0DF3A882100AD
S3150400A938160C00203A880D00160E0028C08A0A4014
S3150400A9483A8807103A0005801E0100103AC8C70065
S3150400A9583A8805181701C0DF170000DC0402C0DEB8
S3150400A9683A2800F83AC80901440000043A880D0058
S3150400A9780EF23F283AC84B013A00218006EF3F0001
S3150400A98804FFFFDE1500C0DF440080013A8807286B
S3150400A99816040020160C00281700C0DF0401C0DEC8
S3150400A9A8C18A0A403AC80901160B00283A880B18C6
S3150400A9B844008001C08A0A403AC885001700C0DFEF
S3150400A9C80401C0DE3A2800F83AC84B011700C0DF74
S3150400A9D80401C0DEC18A0A403AC8470106F33F00AB
S3150400A9E83A880D00C18A0A4044008001C18A0A4097
S3150400A9F81701C0201700402234048000C4FFBF108A
S3150400AA083AD50818FAD70C183A709418CCFF0122CC
S3150400AA183A881B283A881748150180293A88195014
S3150400AA281E1E00403AB0844A261900103AD6044835
S3150400AA383A920C5084003F013400C400C4FFFF1846
S3150400AA483AB08C11C40080003A920A48150080680E
S3150400AA5815020069360B80193A880F203A881118AE
S3150400AA683A8845293A8049113A8887313A88C9206B
S3150400AA783A880B103A880D20C4FFFF392EF83F4157
S3150400AA881502C06915048069150340693A2800F857
S3150400AA9884008000150080283A2800F8C4FF810045
S3150400AAA8260F80403AD60C483A9206503A92044801
S3150400AAB83A8809003AB0C630340044013AB00C1159
S3150400AAC844003F423AB04E19C40080001504C069D8
S3150400AAD81502006A15008068150380693A2800F88B
S3150400AAE83AB0844A1E030010040180001500802829
S3150400AAF83A2800F83A880900340240013A700449B1
S3150400AB083A7046513AB0C410260500104400800035
S3150400AB18150080681504006B1503C06A3A2800F806
S3150400AB281500006806FB3F00170080214400C0009A
S3150400AB382E0A8019170080282E0880180401C000E0
S3150400AB482626C0302622C0108400C0002605C03040
S3150400AB581E07C010170180201E090010440080003B
S3150400AB683A2800F81E1AC0103A8805003A2800F850
S3150400AB7817010022170180282603804026F73F4044
S3150400AB88C4FFBF003A2800F81702C020170280281D
S3150400AB9816FAFF10160980181704C0211704C028CE
S3150400ABA8170380211703802836F4FF192605C038B1
S3150400ABB83602C0381EECFF192EEBBF301EE73F40A5
S3150400ABC806EF3F002EFABF1126E43F4006EC3F008D
S3150400ABD8170180281EE13F1006E93F001EDDBF115C
S3150400ABE81701C028170180203AC885183A2800F8A2
S3150400ABF804FDFFDE1502C0DF150140DC150000DC8C
S3150400AC083A882120161D00200403400140640140AF
S3150400AC187400C10004C0F3183A88C9102617002026
S3150400AC281700802017048010262100103AE83E10E9
S3150400AC383A8823103A880980000F0B4016020088C8
S3150400AC483A880500061D0000740081000443B81004
S3150400AC58170080101E0300107400C10004E2FE18D9
S3150400AC68060200003AE83E103A8807103AC8450436
S3150400AC7815008018C4FFBF00061000007400810088
S3150400AC880443B810170080101E0300107400C10096
S3150400AC9804E2FE18060200003AE83E103A88071055
S3150400ACA84414800015008018C4FFBF000603000082
S3150400ACB83A880980000F0B403A8805001702C0DF5E
S3150400ACC8170140DC170000DC0403C0DE3A2800F84C
S3150400ACD83A8805303A2800F804FEFFDE1501C0DF7D
S3150400ACE8150000DC3A8821281610002004034001C8
S3150400ACF8406401407400C10004C0F3183A88C910BE
S3150400AD08260A002017008020170880102603001042
S3150400AD183A880B803AE83E100610000004008800C2
S3150400AD28150180803A880500060C0000740081002D
S3150400AD380443B810170080101E0300107400C100E5
S3150400AD4804E2FE18060200003AE83E103A880710A4
S3150400AD584414800015008018C4FFBF001701C0DF23
S3150400AD68170000DC0402C0DE3A2800F804EFFFDE10
S3150400AD781510C0DF150F00DC3A88212016110020B3
S3150400AD8804034001406401407400C10004C0F31880
S3150400AD983A88C510260B0010170080101708801073
S3150400ADA81E02001044008000061200003A8809803A
S3150400ADB83A880BD800CE0A40170180D8200088109C
S3150400ADC8060C0000740081000443B81017008010B4
S3150400ADD81E0300107400C10004E2FE1806020000F7
S3150400ADE83AE83E103A880710441480001500801883
S3150400ADF83A8805001710C0DF170F00DC0411C0DEFF
S3150400AE083A2800F804FFFFDE1500C0DF74000101CC
S3150400AE18044838217400C10004B1F1182609C02079
S3150400AE28740081010448B8312606801904014001DA
S3150400AE3817008020150080183A8847193A8849214E
S3150400AE481EFBFF3034000101040800213400C10050
S3150400AE580408C0182609C02034008101045A803128
S3150400AE682606801904014001170080201500801861
S3150400AE783A8847193A8849211EFBFF3074000101B4
S3150400AE8804CE30217400C10004CEF0182609C0206F
S3150400AE987400810104B1B131260680190401400108
S3150400AEA817008020150080183A8847193A884921DE
S3150400AEB81EFBFF30009E0B4040A50B401700C0DF69
S3150400AEC80401C0DE3A2800F804FDFFDE1502C0DFDF
S3150400AED8150140DC150000DC3A8821283A8823301D
S3150400AEE80E020020C4EB3F040610000004034001D0
S3150400AEF8406401407400C10004C0F3183A88C910BC
S3150400AF082617002017008020170780101E0200103D
S3150400AF1884DE3F04060500003A880B803A880D88CB
S3150400AF283AE83E100E1000103A8821107400810089
S3150400AF380443B810170080101E0300107400C100E3
S3150400AF4804E2FE18060200003AE83E103A880710A2
S3150400AF583AC8050415008018C4FFBF00060200009D
S3150400AF68C4EB3F0406F13F001702C0DF170140DCBB
S3150400AF78170000DC0403C0DE3A2800F804FEFFDEEE
S3150400AF881501C0DF150000DC3A880900C02F0B4004
S3150400AF98802B0B407400810104ADB1313A88093025
S3150400AFA83A880B3000BF0B4017AE26D117AF66D1CF
S3150400AFB817B0A6D1802600403A8821104400000123
S3150400AFC880BF0A403A880980000C0C403A2800F8E9
S3150400AFD83A2800F804FDFFDE1502C0DF150140DC3F
S3150400AFE8150000DC3A8821283A882330162C0020DC
S3150400AFF804034001406401407400C10004C0F3180E
S3150400B0083A88C9102626002017028020CC00801012
S3150400B0184400C0002615C0101700802017058010AC
S3150400B028261200103A880B803A880D883AE83E10B2
S3150400B0383A8821100E260010740081000443B810C3
S3150400B048170080101E0300107400C10004E2FE18E5
S3150400B058060200003AE83E103A8807103AC8050482
S3150400B06815008018C4FF3F04061900007400810007
S3150400B0780443B810170080101E0300107400C100A2
S3150400B08804E2FE18060200003AE83E103A88071061
S3150400B0984403800015008018C4FF3F04060C000012
S3150400B0A8740081000443B810170080101E030010B2
S3150400B0B87400C10004E2FE18060200003AE83E10D5
S3150400B0C83A8807104414800015008018C4FF3F040A
S3150400B0D83A8805801702C0DF170140DC170000DC38
S3150400B0E80403C0DE3A2800F804FCFFDE1503C0DFBB
S3150400B0F8150280DC150140DC150000DC3A882520A1
S3150400B108840080000E0C00117400410404C0738C82
S3150400B118040300043A880B80406401403A884514C5
S3150400B128150200103A8809903A880B804064014059
S3150400B1383A884514150000101703C0DF170280DC8F
S3150400B148170140DC170000DC0404C0DE3A2800F8C6
S3150400B1583A300B0084FFBF003A7084283A70011015
S3150400B168170CA0D0C400801004FFFF003A70C61064
S3150400B178150CE0D03A88091934808100040080103F
S3150400B1882E0300113A700128C4FFFF0006020000CE
S3150400B198150C20D13A7001283A8805183A2800F87F
S3150400B1A804FDFFDE1502C0DF150140DC150000DCD6
S3150400B1B83A8821283A882330162B002004034001B4
S3150400B1C8406401407400C10004C0F3183A88C910E9
S3150400B1D82625002017028020CC0080102615001092
S3150400B1E81700802017068010261200103A880B8054
S3150400B1F83A880D883AE83E103A8821100E2600103F
S3150400B208740081000443B810170080101E03001050
S3150400B2187400C10004E2FE18060200003AE83E1073
S3150400B2283A8807103AC8050415008018C4FF3F0475
S3150400B23806190000740081000443B8101700801032
S3150400B2481E0300107400C10004E2FE180602000082
S3150400B2583AE83E103A88071044038000150080181F
S3150400B268C4FF3F04060C0000740081000443B810B0
S3150400B278170080101E0300107400C10004E2FE18B3
S3150400B288060200003AE83E103A8807104414800083
S3150400B29815008018C4FF3F043A8805801702C0DFEA
S3150400B2A8170140DC170000DC0403C0DE3A2800F866
S3150400B2B804FEFFDE1501C0DF150000DC740001047E
S3150400B2C8042A34843A8809803A880B0044018001A8
S3150400B2D800440B4004F63F81740041010440782978
S3150400B2E8409E0B401701C0DF170000DC0402C0DED5
S3150400B2F83A2800F804FFFFDE1500C0DFC0EE0B4055
S3150400B308440080003A7001101700C0DF0401C0DE53
S3150400B3183A2800F804FFFFDE1500C0DF17000021F5
S3150400B328040A0021405F0B401700C0DF0401C0DE99
S3150400B3383A2800F804FFFFDE1500C0DF3A88052026
S3150400B34817000021040A002117024011403B0B4054
S3150400B3581700C0DF0401C0DE3A2800F804FFFFDE48
S3150400B3681500C0DF3A88052017000021040A0021C9
S3150400B3781702C011007D0B401700C0DF0401C0DEB0
S3150400B3883A2800F804FFFFDE1500C0DF3A880520D6
S3150400B39817000021040A00211702C01180660B4019
S3150400B3A81700C0DF0401C0DE3A2800F8170C802114
S3150400B3B80C0050293A000B28060300001E02002838
S3150400B3C844FDBF003A2800F8170D80202603801193
S3150400B3D81709C0201701802036F8BF183A880500D7
S3150400B3E83A2800F8170080200401C0103700801896
S3150400B3F8040041013A7044112605001017088020FC
S3150400B4083AB04411350080181509002006060000D4
S3150400B4181709C0203400A00004FFBF103602C0106C
S3150400B42844008018150980207400810004EABE10BF
S3150400B438170080103A2800F804FDFFDE1502C0DF65
S3150400B448150100DC3A8821204400C0001508C020F4
S3150400B458170080203501C010150000D83A8809283D
S3150400B4683A880B30740081010430AD313A880F8074
S3150400B47800AF0B40150900800402008174008100A6
S3150400B48804EABE10170040117400810104FBAC31B4
S3150400B4983A880F80C0940B400E0300103400A000B5
S3150400B4A8C4FFBF10150180801702C0DF170100DC36
S3150400B4B80403C0DE3A2800F81700002204018003BA
S3150400B4C83A889943F4FF7F033700C0620CC080585A
S3150400B4D8264500100C40805826210010170A8020A3
S3150400B4E844008010CCFF8110170BC0202616C0100C
S3150400B4F81400A002040E40024400C001C4FF8101E6
S3150400B508370040413A70842A260D0010170A802015
S3150400B5183A8805113A88451205004011170A802011
S3150400B5283A88C5113A708411150A8020170A8020B2
S3150400B5383A88C5113A708411170BC0201EF0FF1003
S3150400B5483A70442B260600101708802084FFFF0053
S3150400B5583A70C41015088020350080603700806072
S3150400B5680C80805826D83F103A70445B3AD40A10A7
S3150400B57826D53F28170DC020170C802026118018C1
S3150400B588040E420244008001C4FFC101170D802045
S3150400B5983A8805113A88451207008010350080401C
S3150400B5A8170D80203A8885113A70C411150D80202C
S3150400B5B83AC88B2926C43F28170DC020170C8020AB
S3150400B5C81EF2BF181708C02044FFBF003A70861839
S3150400B5D81508C020170080203A8885133500C01046
S3150400B5E83700806006B83F003A2800F844809A007D
S3150400B5F82603802884809A001E178028060D0000DA
S3150400B6081701C0203400A000C4FFBF1026128018FA
S3150400B6181700803184FFFF3044FFBF102E02C0108C
S3150400B6283400A00184FFBF31150180213A88050042
S3150400B6383A2800F81701C0203400A000C4FFBF1040
S3150400B64826058018170980203A80C5101500803011
S3150400B6583A8805003A2800F8C4F9BF003A2800F8E1
S3150400B66804F6FFDE1509C0DF150800DF1507C0DD7F
S3150400B678150680DD150540DD150400DD1503C0DC5F
S3150400B688150280DC150140DC150000DC3A8825200B
S3150400B6983A882F283A8827303A8839380E22800182
S3150400B6A83A882BB8170A8095170B4094360240B48B
S3150400B6B83AC861B406020000040082003AC861145C
S3150400B6C8260D00803A882998361D009C040E409160
S3150400B6D83A8809A83A884B2C3A880D8040F60640E1
S3150400B6E83A882BAC3AC8279C3A884584CCFF811003
S3150400B6F8150B809016EBFF041E1CC0AD0C0090E0E1
S3150400B7081E0D0010170A80901E0380B01709C090FA
S3150400B7181701809036FBBF18170A8090260480B05C
S3150400B7280E03C00406DE3F000C0090381E0200100B
S3150400B738C4FEBF000618000044FDBF00061600003C
S3150400B748040E40913A8809A83A884B893A880D9894
S3150400B75840F606403A88EBAC3A8827003A8845A46E
S3150400B768CCFF8110150B809006E33F003A300900A0
S3150400B77884FFBF003A7084203A700110170880903D
S3150400B78854008010150880901700C0903501801861
S3150400B7983A7001203AC8C5AD1709C0DF170800DF9B
S3150400B7A81707C0DD170680DD170540DD170400DD21
S3150400B7B81703C0DC170280DC170140DC170000DC25
S3150400B7C8040AC0DE3A2800F804F8FFDE1507C0DFCD
S3150400B7D8150680DD150540DD150400DD1503C0DCFE
S3150400B7E8150280DC150140DC150000DC3A882120AE
S3150400B7F83A882D283A8811303A882B38160680015B
S3150400B8083A882928062100003AC885A50643000077
S3150400B81844FDBF00064100003A882928170C808495
S3150400B828170D40812E0340913AC8852CC4FFBF11D9
S3150400B8380606000026030028040082003AC88D1470
S3150400B84806020000C4FF81003AC88D14262600307B
S3150400B8583A8827403A8823302E0180413A88234083
S3150400B868040E02813A8889243A880BA03A880D88FE
S3150400B87840F606403A8869A43AC8519C3A884594E1
S3150400B888CCFF8110150C808016E43F023A3009007B
S3150400B89884FFBF003A7084203A700110170880802C
S3150400B8A894008010150880801700C0803501801820
S3150400B8B83A70012006070000170D80801E03401108
S3150400B8C81709C0801701808036FBBF18170D8080C2
S3150400B8D81EED7F111ECC3FB50C0090A81ECC3F1060
S3150400B8E8C4FEBF00060D00003A30090084FFBF00FD
S3150400B8F83A7084203A7001101708808094008010EA
S3150400B908150880801700C080350180183A70012018
S3150400B9180C0090A826E83F1006EE3F001707C0DF84
S3150400B928170680DD170540DD170400DD1703C0DCA4
S3150400B938170280DC170140DC170000DC0408C0DEAF
S3150400B9483A2800F87400810004EABE101700801033
S3150400B9581E02001084DEBF003A2800F81E020020EA
S3150400B96884FABF003A2800F8150380211505C0217A
S3150400B9783A300F0084FFBF003A7084383A700110D9
S3150400B9887400810004EBBE101700C0104400800147
S3150400B9983A8885193A888528150280202E02C0100F
S3150400B9A805048021060100000504002074008100B6
S3150400B9B80446B810150180201700C0101500C020D1
S3150400B9C81700C01015010019150000113A70013846
S3150400B9D83A8805003A2800F83A2800F804FFFFDEFA
S3150400B9E81500C0DF26020020170280201E0D001055
S3150400B9F8740081000443B810170080101E03001059
S3150400BA087400C10004E2FE18060200003AE83E107B
S3150400BA183A880710840580001500801884FABF0048
S3150400BA28060700001501402117008028150080200C
S3150400BA381700802815010011150000293A88050009
S3150400BA481700C0DF0401C0DE3A2800F83A2800F8D7
S3150400BA58FA3005004400C0003A9846193A70C410F2
S3150400BA683AC004103A2800F83A300D0084FFBF00A3
S3150400BA783A7084303A7001107400C10004E9FE1863
S3150400BA8817000019440080003A9844113AB004118A
S3150400BA981500801817008018FA7001103A700130E2
S3150400BAA83A8805003A2800F83A300D0084FFBF00AA
S3150400BAB83A7084303A7001107400C10004E9FE1823
S3150400BAC81700001984FFBF003A1844113A7004118C
S3150400BAD81500801817008018FA7001103A700130A2
S3150400BAE83A8805003A2800F804FEFFDE1501C0DF8F
S3150400BAF8170280D8150080D800B10B401701C0DFA3
S3150400BB080402C0DE3A2800F804FEFFDE1501C0DF91
S3150400BB18150000DCC40780000E02401184FABF0039
S3150400BB28060F00003A30210084FFBF003A70848073
S3150400BB383A700110FA9004287400C10004F6FE183D
S3150400BB483A88C510150080111501C0112602003067
S3150400BB5800A70B400601000000AB0B403A700180B9
S3150400BB681701C0DF170000DC0402C0DE3A2800F81B
S3150400BB7804FDFFDE1502C0DF150140DC150000DCFC
S3150400BB883A8823203A8809283A880B303A880D38A7
S3150400BB9880C80B403A882110160E00103A880910FE
S3150400BBA804034001406401407400C10004C0F31852
S3150400BBB83A88C5101700C0101500C0881701C010B0
S3150400BBC81501C08817028010150280883A880980F2
S3150400BBD8000F0B401702C0DF170140DC170000DC1A
S3150400BBE80403C0DE3A2800F804FAFFDE1505C0DFB0
S3150400BBF8150400DD1503C0DC150280DC150140DCE4
S3150400BC08150000DC3A8805203A8827283A8829301E
S3150400BC187400010404C3338444008004C47F4004CC
S3150400BC283A8809803A880B103A880D903A880F8822
S3150400BC3880B70B4004FD3F843A8809803A880B98FC
S3150400BC483A880D003A880F8880B70B4004060081AD
S3150400BC583A880BA03A880D903A880F8880B70B402B
S3150400BC681705C0DF170400DD1703C0DC170280DCE4
S3150400BC78170140DC170000DC0406C0DE3A2800F889
S3150400BC8804F9FFDE1506C0DF150540DD150400DDE1
S3150400BC981503C0DC150280DC150140DC150000DC48
S3150400BCA83A8829203A8827283A882B307400410193
S3150400BCB80440782940EF0B403A88211026020010E8
S3150400BCC83A882500060A00003A8809A040F60B407F
S3150400BCD83A8821101E050010C4FF7F0444FB3F0464
S3150400BCE8062D0000C4FC3F04062B00004400800413
S3150400BCF83A88098000020C403A8823101635001049
S3150400BD083A880910040340014064014074000102A2
S3150400BD1804C033423A88091234009000C4FFBF10A5
S3150400BD283A7086981502C0203AC004901E12001074
S3150400BD383400901815028020740081000442B8105B
S3150400BD481700C011170080213A880B003A8807406B
S3150400BD584400400204030002170080181E038011E1
S3150400BD68170280180E0100101EDE3F193A884B2A66
S3150400BD783A88071A2EF87F39170380802617001089
S3150400BD883A880BA03A880D983A880FA83AE83E10E4
S3150400BD983A8821100E1100103A880988000F0B40C2
S3150400BDA8740081000443B810170080101E030010A5
S3150400BDB87400C10004E2FE18060200003AE83E10C8
S3150400BDC83A8807103AC8050415008018C4FF7F048A
S3150400BDD8060200003A88211006EF3F003A880588D3
S3150400BDE81706C0DF170540DD170400DD1703C0DC9E
S3150400BDF8170280DC170140DC170000DC0407C0DEEC
S3150400BE083A2800F83A300B0084FFBF003A708428B9
S3150400BE183A7001101700C0201701802015018018F8
S3150400BE28170180201500C0101501002115000021F6
S3150400BE383A7001283A2800F804FDFFDE1502C0DF2F
S3150400BE48150140DC150000DC170E20D417B3A6D064
S3150400BE584400801015B3A6D0061B000017004084C2
S3150400BE68030480802603001017B3A6D01E01001011
S3150400BE780504008017B3E6D01702808036118018AF
S3150400BE88030480801E0F00101703808017050081A5
S3150400BE983AE83E103A8807101E0300103A880980CB
S3150400BEA8C0E00B4006070000170280803A88851810
S3150400BEB81502808017B3E6D02E02C0104400800015
S3150400BEC8050480803A882188040EA0D01EE3BF802A
S3150400BED81702C0DF170140DC170000DC0403C0DECC
S3150400BEE83A2800F8FA7001003A2800F804FBFFDE45
S3150400BEF81504C0DF1503C0DC150280DC150140DC1F
S3150400BF08150000DC3A8827203A8821281700402C97
S3150400BF18007E0240440080142607008C170200891C
S3150400BF283A880B983A880D90800F0C402603001027
S3150400BF381700408C1EF97F843A8823003A880588BE
S3150400BF481704C0DF1703C0DC170280DC170140DCC6
S3150400BF58170000DC0405C0DE3A2800F804F9FFDE01
S3150400BF681506C0DF150540DD150400DD1503C0DC24
S3150400BF78150280DC150140DC150000DC3A88252012
S3150400BF8874008100043EB810170040143A882B1038
S3150400BF9826168088C4FF3F05C40BC0041702008C0C
S3150400BFA83A880980007E02403A8807103A888580D4
S3150400BFB83A880515070080101E01C0143A88071D23
S3150400BFC83A88851C070080102601C0141E05001037
S3150400BFD83A8809803A880B903A880D18800F0C40E5
S3150400BFE8260300101700408C1EEC7F8D3A88230028
S3150400BFF83A8805881706C0DF170540DD170400DDF3
S3150400C0081703C0DC170280DC170140DC170000DCCC
S3150400C0180407C0DE3A2800F804FBFFDE1504C0DF77
S3150400C0281503C0DC150280DC150140DC150000DCB4
S3150400C0383A8825203A8821007400C10004C0F31800
S3150400C0487400C1040442F89C170080181E0E0010E0
S3150400C0583A88098004034001406401407400C10021
S3150400C06804C0F3183A88C510150080141700809880
S3150400C078160200143A880580060800001500009C7C
S3150400C0883A88058006050000440000840403C018A5
S3150400C098040880001EECBF8004FABF001704C0DF42
S3150400C0A81703C0DC170280DC170140DC170000DC2C
S3150400C0B80405C0DE3A2800F804FEFFDE3A880B00C1
S3150400C0C8150000DC1501C0DF3A88212000170C4052
S3150400C0D8740081000439B81017000011170F802066
S3150400C0E8260100103AE83E103A88098000320C40CE
S3150400C0F8C400C0002E0380193AB044213A70C41013
S3150400C108260F0010C4FFFF311E060030060A000081
S3150400C118C4FFFF39C4FFBF0044000021440040297E
S3150400C128260580380300C0200300802826F8BF1897
S3150400C1383AC885183A2800F83A8805003A2800F8D3
S3150400C1483A880F181700C020170080281EEDBF185C
S3150400C15804FFBF31040100210401402936F9BF391F
S3150400C16806E83F003A2800F8740081000439B8103C
S3150400C1781700801004F3FFDE150B00DF150180D8C5
S3150400C18834008000040080103A000510150280D897
S3150400C198170180D8150840DD150700DD0452801004
S3150400C1A8150CC0DF150AC0DD150980DD1506C0DCCF
S3150400C1B8150580DC150440DC150300DC3A882B28B9
S3150400C1C83A883920150080D83A002928170180D8DA
S3150400C1D817524014261000881700C0DD17018088FE
S3150400C1E80422808CC4FF3F1416090080C4FFBF05CF
S3150400C1F81E1500A03A8809843A8805213A888514C8
S3150400C2081720C0102611C0A8C4FF3F841EF8BF8596
S3150400C218170280D826310010170CC0DF170B00DF71
S3150400C228170AC0DD170980DD170840DD170700DD8A
S3150400C2381706C0DC170580DC170440DC170300DC8E
S3150400C248040DC0DE3A2800F83A8809841701C08824
S3150400C2583A8805213A884514C4FFFF181702801145
S3150400C2682615001C1502001026E73F304400C000BE
S3150400C2783A98061C174080901701C08C3A708418A7
S3150400C28826140010174180903A7084181E0C00106A
S3150400C2983A8805213A888514170040113A8809E036
S3150400C2A83AE83E30170180881EC8BF98170080B840
S3150400C2B826D57F1406C53F001501008C06EA3F0003
S3150400C2C83A8805213A888514170000113AE83E3061
S3150400C2D806F43F003AE83E3006F23F00170180882C
S3150400C2E81E0800101700008926070020150000B94B
S3150400C2F83A88098800000000170040BC1EB73F882A
S3150400C30806C53F00170000893A882F883A882320F3
S3150400C3181EB23F8806C03F002602002070F02A009D
S3150400C32806010000B0F02A0006FF3F006CC10004B5
S3150400C3383D3D3D205375697669206465206C6967BF
S3150400C3486E65203D3D3D000053544F50202D20611D
S3150400C3587563756E206361707465757200000000FC
S3150400C368763D307825303258206572723D252E3157
S3150400C37866204C3D256C7520523D256C750A0000D7
S3150400C388000000000000000000000000000000009B
S3150400C398000102020303030304040404040404045A
S3150400C3A8050505050505050505050505050505052B
S3150400C3B8060606060606060606060606060606060B
S3150400C3C806060606060606060606060606060606FB
S3150400C3D807070707070707070707070707070707DB
S3150400C3E807070707070707070707070707070707CB
S3150400C3F807070707070707070707070707070707BB
S3150400C40807070707070707070707070707070707AA
S3150400C418080808080808080808080808080808088A
S3150400C428080808080808080808080808080808087A
S3150400C438080808080808080808080808080808086A
S3150400C448080808080808080808080808080808085A
S3150400C458080808080808080808080808080808084A
S3150400C468080808080808080808080808080808083A
S3150400C478080808080808080808080808080808082A
S3150400C488080808080808080808080808080808081A
S3150400C498430000000A0000003031323334353637A1
S3150400C4A8383961626364656600000000494E4600D7
S3150400C4B8696E66004E414E006E616E00286E756C9C
S3150400C4C86C29000030313233343536373839414235
S3150400C4D8434445460000000062756720696E20766D
S3150400C4E8667072696E74663A20626164206261736A
S3150400C4F865000000300030303030303030303030B5
S3150400C50830303030303020202020202020202020B9
S3150400C5182020202020200000496E66696E697479FF
S3150400C528000000004E614E002E00000049534F2DB6
S3150400C538383835392D31000030C50004DCC4000410
S3150400C548DCC40004DCC40004DCC40004DCC4000449
S3150400C558DCC40004DCC40004DCC40004DCC4000439
S3150400C5687F7F7F7F7F7F7F7F000000000000F03F92
S3150400C57800000000000024400000000000005940AC
S3150400C5880000000000408F40000000000088C340FF
S3150400C59800000000006AF8400000000080842E4174
S3150400C5A800000000D01263410000000084D79741C0
S3150400C5B80000000065CDCD41000000205FA00242C6
S3150400C5C8000000E876483742000000A2941A6D423B
S3150400C5D8000040E59C30A2420000901EC4BCD6422E
S3150400C5E800003426F56B0C430080E03779C34143D9
S3150400C5F800A0D8855734764300C84E676DC1AB434F
S3150400C608003D9160E458E143408CB5781DAF15446C
S3150400C61850EFE2D6E41A4B4492D54D06CFF0804447
S3150400C628F64AE1C7022DB544B49DD9794378EA445C
S3150400C6380080E03779C34143176E05B5B5B893460C
S3150400C648F5F93FE9034F384D321D30F94877825AD8
S3150400C6583CBF737FDD4F1575BC89D897B2D29C3C15
S3150400C66833A7A8D523F649393DA7F444FD0FA532C7
S3150400C6789D978CCF08BA5B25436FAC642806C80A15
S3150400C68805000000190000007D00000000000000FD
S3150400C6980000000000000000000000000000000088
S3150400C6A82F6465762F6E756C6C0000002F646576B2
S3110400C6B82F6A7461675F7561727400007C
S3150400E12000000000B0C900040CCA000468CA000458
S3150400E13000000000000000000000000000000000D5
S3150400E14000000000000000000000000000000000C5
S3150400E1500000000098C40004000000000000000055
S3150400E16000000000000000000000000000000000A5
S3150400E1700000000000000000000000000000000095
S3150400E1800000000000000000000000000000000085
S3150400E1900000000000000000000000000000000075
S3150400E1A00000000000000000000000000000000065
S3150400E1B00000000000000000000000000000000055
S3150400E1C00000000001000000000000000E33CDAB8B
S3150400E1D034126DE6ECDE05000B00000000000000C2
S3150400E1E00000000000000000000000000000000025
S3150400E1F00000000000000000000000000000000015
S3150400E2000000000000000000000000000000000004
S3150400E21000000000000000000000000000000000F4
S3150400E22000000000000000000000000000000000E4
S3150400E23000000000000000000000000000000000D4
S3150400E24000000000000000000000000000000000C4
S3150400E25000000000000000000000000000000000B4
S3150400E26000000000000000000000000000000000A4
S3150400E2700000000000000000000000000000000094
S3150400E2800000000000000000000000000000000084
S3150400E2900000000000000000000000000000000074
S3150400E2A00000000000000000000000000000000064
S3150400E2B00000000000000000000000000000000054
S3150400E2C00000000000000000000000000000000044
S3150400E2D00000000000000000000000000000000034
S3150400E2E00000000000000000000000000000000024
S3150400E2F00000000000000000000000000000000014
S3150400E3000000000000000000000000000000000003
S3150400E31000000000000000000000000000000000F3
S3150400E32000000000000000000000000000000000E3
S3150400E33000000000000000000000000000000000D3
S3150400E34000000000000000000000000000000000C3
S3150400E35000000000000000000000000000000000B3
S3150400E36000000000000000000000000000000000A3
S3150400E3700000000000000000000000000000000093
S3150400E3800000000000000000000000000000000083
S3150400E3900000000000000000000000000000000073
S3150400E3A00000000000000000000000000000000063
S3150400E3B00000000000000000000000000000000053
S3150400E3C00000000000000000000000000000000043
S3150400E3D00000000000000000000000000000000033
S3150400E3E00000000000000000000000000000000023
S3150400E3F00000000000000000000000000000000013
S3150400E4000000000000000000000000000000000002
S3150400E41000000000000000000000000000000000F2
S3150400E42000000000000000000000000000000000E2
S3150400E43000000000000000000000000000000000D2
S3150400E44000000000000000000000000000000000C2
S3150400E45000000000000000000000000000000000B2
S3150400E46000000000000000000000000000000000A2
S3150400E4700000000000000000000000000000000092
S3150400E4800000000000000000000000000000000082
S3150400E4900000000000000000000000000000000072
S3150400E4A00000000000000000000000000000000062
S3150400E4B00000000000000000000000000000000052
S3150400E4C00000000000000000000000000000000042
S3150400E4D00000000000000000000000000000000032
S3150400E4E00000000000000000000000000000000022
S3150400E4F00000000000000000000000000000000012
S3150400E5000000000000000000000000000000000001
S3150400E51000000000000000000000000000000000F1
S3150400E5200000000000000000C4CA0004C4CA0004BD
S3150400E530CCCA0004CCCA0004D4CA0004D4CA000459
S3150400E540DCCA0004DCCA0004E4CA0004E4CA000409
S3150400E550ECCA0004ECCA0004F4CA0004F4CA0004B9
S3150400E560FCCA0004FCCA000404CB000404CB000467
S3150400E5700CCB00040CCB000414CB000414CB000415
S3150400E5801CCB00041CCB000424CB000424CB0004C5
S3150400E5902CCB00042CCB000434CB000434CB000475
S3150400E5A03CCB00043CCB000444CB000444CB000425
S3150400E5B04CCB00044CCB000454CB000454CB0004D5
S3150400E5C05CCB00045CCB000464CB000464CB000485
S3150400E5D06CCB00046CCB000474CB000474CB000435
S3150400E5E07CCB00047CCB000484CB000484CB0004E5
S3150400E5F08CCB00048CCB000494CB000494CB000495
S3150400E6009CCB00049CCB0004A4CB0004A4CB000444
S3150400E610ACCB0004ACCB0004B4CB0004B4CB0004F4
S3150400E620BCCB0004BCCB0004C4CB0004C4CB0004A4
S3150400E630CCCB0004CCCB0004D4CB0004D4CB000454
S3150400E640DCCB0004DCCB0004E4CB0004E4CB000404
S3150400E650ECCB0004ECCB0004F4CB0004F4CB0004B4
S3150400E660FCCB0004FCCB000404CC000404CC000462
S3150400E6700CCC00040CCC000414CC000414CC000410
S3150400E6801CCC00041CCC000424CC000424CC0004C0
S3150400E6902CCC00042CCC000434CC000434CC000470
S3150400E6A03CCC00043CCC000444CC000444CC000420
S3150400E6B04CCC00044CCC000454CC000454CC0004D0
S3150400E6C05CCC00045CCC000464CC000464CC000480
S3150400E6D06CCC00046CCC000474CC000474CC000430
S3150400E6E07CCC00047CCC000484CC000484CC0004E0
S3150400E6F08CCC00048CCC000494CC000494CC000490
S3150400E7009CCC00049CCC0004A4CC0004A4CC00043F
S3150400E710ACCC0004ACCC0004B4CC0004B4CC0004EF
S3150400E720BCCC0004BCCC0004C4CC0004C4CC00049F
S3150400E730CCCC0004CCCC0004D4CC0004D4CC00044F
S3150400E740DCCC0004DCCC0004E4CC0004E4CC0004FF
S3150400E750ECCC0004ECCC0004F4CC0004F4CC0004AF
S3150400E760FCCC0004FCCC000404CD000404CD00045D
S3150400E7700CCD00040CCD000414CD000414CD00040B
S3150400E7801CCD00041CCD000424CD000424CD0004BB
S3150400E7902CCD00042CCD000434CD000434CD00046B
S3150400E7A03CCD00043CCD000444CD000444CD00041B
S3150400E7B04CCD00044CCD000454CD000454CD0004CB
S3150400E7C05CCD00045CCD000464CD000464CD00047B
S3150400E7D06CCD00046CCD000474CD000474CD00042B
S3150400E7E07CCD00047CCD000484CD000484CD0004DB
S3150400E7F08CCD00048CCD000494CD000494CD00048B
S3150400E8009CCD00049CCD0004A4CD0004A4CD00043A
S3150400E810ACCD0004ACCD0004B4CD0004B4CD0004EA
S3150400E820BCCD0004BCCD0004C4CD0004C4CD00049A
S3150400E830CCCD0004CCCD0004D4CD0004D4CD00044A
S3150400E840DCCD0004DCCD0004E4CD0004E4CD0004FA
S3150400E850ECCD0004ECCD0004F4CD0004F4CD0004AA
S3150400E860FCCD0004FCCD000404CE000404CE000458
S3150400E8700CCE00040CCE000414CE000414CE000406
S3150400E8801CCE00041CCE000424CE000424CE0004B6
S3150400E8902CCE00042CCE000434CE000434CE000466
S3150400E8A03CCE00043CCE000444CE000444CE000416
S3150400E8B04CCE00044CCE000454CE000454CE0004C6
S3150400E8C05CCE00045CCE000464CE000464CE000476
S3150400E8D06CCE00046CCE000474CE000474CE000426
S3150400E8E07CCE00047CCE000484CE000484CE0004D6
S3150400E8F08CCE00048CCE000494CE000494CE000486
S3150400E9009CCE00049CCE0004A4CE0004A4CE000435
S3150400E910ACCE0004ACCE0004B4CE0004B4CE0004E5
S3150400E920BCCE0004BCCE000443000000000000007E
S3150400E9300000000000E1000400E10004A8C6000491
S3150400E940000000000000000000000000D8AC000435
S3150400E950000000000000000000000000D8CE000403
S3150400E9600000000000000000D8CE000400000000F3
S3150400E97000000000D8CE00040000000000000000E3
S3150400E980000000000000000000000000000000007D
S3150400E990000000000000000000000000000000006D
S3150400E9A0000000000000000000000000000000005D
S3150400E9B0000000000000000000000000000000004D
S3150400E9C0000000000000000000000000000000003D
S3150400E9D0000000000000000000000000000000002D
S3150400E9E0000000000000000000000000000000001D
S3150400E9F0000000000000000000000000000000000D
S3150400EA0000000000000000000000000000000000FC
S3150400EA1000000000000000000000000000000000EC
S3150400EA2000000000000000000000000000000000DC
S3150400EA3000000000000000000000000000000000CC
S3150400EA4000000000000000000000000000000000BC
S3150400EA5000000000000000000000000000000000AC
S3150400EA60000000000000000000000000000000009C
S3150400EA70000000000000000000000000000000008C
S3150400EA80000000000000000000000000000000007C
S3150400EA90000000000000000000000000000000006C
S3150400EAA0000000000000000000000000000000005C
S3150400EAB0000000000000000000000000000000004C
S3150400EAC0000000000000000000000000000000003C
S3150400EAD0000000000000000000000000000000002C
S3150400EAE000000000B4C60004000000003CB30004AB
S3150400EAF08CB3000464B300040000000000000000AE
S3150400EB001CB30004501000000A00000000000000BE
S3150400EB1000000000000000000000000000000000EB
S3150400EB2000000000000000000000000000000000DB
S3150400EB3000000000000000000000000000000000CB
S3150400EB4000000000000000000000000000000000BB
S3150400EB5000000000000000000000000000000000AB
S3150400EB60000000000000000000000000000000009B
S3150400EB70000000000000000000000000000000008B
S3150400EB80000000000000000000000000000000007B
S3150400EB90000000000000000000000000000000006B
S3150400EBA0000000000000000000000000000000005B
S3150400EBB0000000000000000000000000000000004B
S3150400EBC0000000000000000000000000000000003B
S3150400EBD0000000000000000000000000000000002B
S3150400EBE0000000000000000000000000000000001B
S3150400EBF0000000000000000000000000000000000B
S3150400EC0000000000000000000000000000000000FA
S3150400EC1000000000000000000000000000000000EA
S3150400EC2000000000000000000000000000000000DA
S3150400EC3000000000000000000000000000000000CA
S3150400EC4000000000000000000000000000000000BA
S3150400EC5000000000000000000000000000000000AA
S3150400EC60000000000000000000000000000000009A
S3150400EC70000000000000000000000000000000008A
S3150400EC80000000000000000000000000000000007A
S3150400EC90000000000000000000000000000000006A
S3150400ECA0000000000000000000000000000000005A
S3150400ECB0000000000000000000000000000000004A
S3150400ECC0000000000000000000000000000000003A
S3150400ECD0000000000000000000000000000000002A
S3150400ECE0000000000000000000000000000000001A
S3150400ECF0000000000000000000000000000000000A
S3150400ED0000000000000000000000000000000000F9
S3150400ED1000000000000000000000000000000000E9
S3150400ED2000000000000000000000000000000000D9
S3150400ED3000000000000000000000000000000000C9
S3150400ED4000000000000000000000000000000000B9
S3150400ED5000000000000000000000000000000000A9
S3150400ED600000000000000000000000000000000099
S3150400ED700000000000000000000000000000000089
S3150400ED800000000000000000000000000000000079
S3150400ED900000000000000000000000000000000069
S3150400EDA00000000000000000000000000000000059
S3150400EDB00000000000000000000000000000000049
S3150400EDC00000000000000000000000000000000039
S3150400EDD00000000000000000000000000000000029
S3150400EDE00000000000000000000000000000000019
S3150400EDF00000000000000000000000000000000009
S3150400EE0000000000000000000000000000000000F8
S3150400EE1000000000000000000000000000000000E8
S3150400EE2000000000000000000000000000000000D8
S3150400EE3000000000000000000000000000000000C8
S3150400EE4000000000000000000000000000000000B8
S3150400EE5000000000000000000000000000000000A8
S3150400EE600000000000000000000000000000000098
S3150400EE700000000000000000000000000000000088
S3150400EE800000000000000000000000000000000078
S3150400EE900000000000000000000000000000000068
S3150400EEA00000000000000000000000000000000058
S3150400EEB00000000000000000000000000000000048
S3150400EEC00000000000000000000000000000000038
S3150400EED00000000000000000000000000000000028
S3150400EEE00000000000000000000000000000000018
S3150400EEF00000000000000000000000000000000008
S3150400EF0000000000000000000000000000000000F7
S3150400EF1000000000000000000000000000000000E7
S3150400EF2000000000000000000000000000000000D7
S3150400EF3000000000000000000000000000000000C7
S3150400EF4000000000000000000000000000000000B7
S3150400EF5000000000000000000000000000000000A7
S3150400EF600000000000000000000000000000000097
S3150400EF700000000000000000000000000000000087
S3150400EF800000000000000000000000000000000077
S3150400EF900000000000000000000000000000000067
S3150400EFA00000000000000000000000000000000057
S3150400EFB00000000000000000000000000000000047
S3150400EFC00000000000000000000000000000000037
S3150400EFD00000000000000000000000000000000027
S3150400EFE00000000000000000000000000000000017
S3150400EFF00000000000000000000000000000000007
S3150400F00000000000000000000000000000000000F6
S3150400F01000000000000000000000000000000000E6
S3150400F02000000000000000000000000000000000D6
S3150400F03000000000000000000000000000000000C6
S3150400F04000000000000000000000000000000000B6
S3150400F05000000000000000000000000000000000A6
S3150400F0600000000000000000000000000000000096
S3150400F0700000000000000000000000000000000086
S3150400F0800000000000000000000000000000000076
S3150400F0900000000000000000000000000000000066
S3150400F0A00000000000000000000000000000000056
S3150400F0B00000000000000000000000000000000046
S3150400F0C00000000000000000000000000000000036
S3150400F0D00000000000000000000000000000000026
S3150400F0E00000000000000000000000000000000016
S3150400F0F00000000000000000000000000000000006
S3150400F10000000000000000000000000000000000F5
S3150400F11000000000000000000000000000000000E5
S3150400F12000000000000000000000000000000000D5
S3150400F13000000000000000000000000000000000C5
S3150400F14000000000000000000000000000000000B5
S3150400F15000000000000000000000000000000000A5
S3150400F1600000000000000000000000000000000095
S3150400F1700000000000000000000000000000000085
S3150400F1800000000000000000000000000000000075
S3150400F1900000000000000000000000000000000065
S3150400F1A00000000000000000000000000000000055
S3150400F1B00000000000000000000000000000000045
S3150400F1C00000000000000000000000000000000035
S3150400F1D00000000000000000000000000000000025
S3150400F1E00000000000000000000000000000000015
S3150400F1F00000000000000000000000000000000005
S3150400F20000000000000000000000000000000000F4
S3150400F21000000000000000000000000000000000E4
S3150400F22000000000000000000000000000000000D4
S3150400F23000000000000000000000000000000000C4
S3150400F24000000000000000000000000000000000B4
S3150400F25000000000000000000000000000000000A4
S3150400F2600000000000000000000000000000000094
S3150400F2700000000000000000000000000000000084
S3150400F2800000000000000000000000000000000074
S3150400F2900000000000000000000000000000000064
S3150400F2A00000000000000000000000000000000054
S3150400F2B00000000000000000000000000000000044
S3150400F2C00000000000000000000000000000000034
S3150400F2D00000000000000000000000000000000024
S3150400F2E00000000000000000000000000000000014
S3150400F2F00000000000000000000000000000000004
S3150400F30000000000000000000000000000000000F3
S3150400F31000000000000000000000000000000000E3
S3150400F32000000000000000000000000000000000D3
S3150400F33000000000000000000000000000000000C3
S3150400F34000000000000000000000000000000000B3
S3150400F35000000000000000000000000000000000A3
S3150400F3600000000000000000000000000000000093
S3150400F3700000000000000000000000000000000083
S3150400F3800000000000000000000000000000000073
S3150400F3900000000000000000000000000000000063
S3150400F3A00000000000000000000000000000000053
S3150400F3B00000000000000000000000000000000043
S3150400F3C00000000000000000000000000000000033
S3150400F3D00000000000000000000000000000000023
S3150400F3E00000000000000000000000000000000013
S3150400F3F00000000000000000000000000000000003
S3150400F40000000000000000000000000000000000F2
S3150400F41000000000000000000000000000000000E2
S3150400F42000000000000000000000000000000000D2
S3150400F43000000000000000000000000000000000C2
S3150400F44000000000000000000000000000000000B2
S3150400F45000000000000000000000000000000000A2
S3150400F4600000000000000000000000000000000092
S3150400F4700000000000000000000000000000000082
S3150400F4800000000000000000000000000000000072
S3150400F4900000000000000000000000000000000062
S3150400F4A00000000000000000000000000000000052
S3150400F4B00000000000000000000000000000000042
S3150400F4C00000000000000000000000000000000032
S3150400F4D00000000000000000000000000000000022
S3150400F4E00000000000000000000000000000000012
S3150400F4F00000000000000000000000000000000002
S3150400F50000000000000000000000000000000000F1
S3150400F51000000000000000000000000000000000E1
S3150400F52000000000000000000000000000000000D1
S3150400F53000000000000000000000000000000000C1
S3150400F54000000000000000000000000000000000B1
S3150400F55000000000000000000000000000000000A1
S3150400F5600000000000000000000000000000000091
S3150400F5700000000000000000000000000000000081
S3150400F5800000000000000000000000000000000071
S3150400F5900000000000000000000000000000000061
S3150400F5A00000000000000000000000000000000051
S3150400F5B00000000000000000000000000000000041
S3150400F5C00000000000000000000000000000000031
S3150400F5D00000000000000000000000000000000021
S3150400F5E00000000000000000000000000000000011
S3150400F5F00000000000000000000000000000000001
S3150400F60000000000000000000000000000000000F0
S3150400F61000000000000000000000000000000000E0
S3150400F62000000000000000000000000000000000D0
S3150400F63000000000000000000000000000000000C0
S3150400F64000000000000000000000000000000000B0
S3150400F65000000000000000000000000000000000A0
S3150400F6600000000000000000000000000000000090
S3150400F6700000000000000000000000000000000080
S3150400F6800000000000000000000000000000000070
S3150400F6900000000000000000000000000000000060
S3150400F6A00000000000000000000000000000000050
S3150400F6B00000000000000000000000000000000040
S3150400F6C00000000000000000000000000000000030
S3150400F6D00000000000000000000000000000000020
S3150400F6E00000000000000000000000000000000010
S3150400F6F00000000000000000000000000000000000
S3150400F70000000000000000000000000000000000EF
S3150400F71000000000000000000000000000000000DF
S3150400F72000000000000000000000000000000000CF
S3150400F73000000000000000000000000000000000BF
S3150400F74000000000000000000000000000000000AF
S3150400F750000000000000000000000000000000009F
S3150400F760000000000000000000000000000000008F
S3150400F770000000000000000000000000000000007F
S3150400F780000000000000000000000000000000006F
S3150400F790000000000000000000000000000000005F
S3150400F7A0000000000000000000000000000000004F
S3150400F7B0000000000000000000000000000000003F
S3150400F7C0000000000000000000000000000000002F
S3150400F7D0000000000000000000000000000000001F
S3150400F7E0000000000000000000000000000000000F
S3150400F7F000000000000000000000000000000000FF
S3150400F80000000000000000000000000000000000EE
S3150400F81000000000000000000000000000000000DE
S3150400F82000000000000000000000000000000000CE
S3150400F83000000000000000000000000000000000BE
S3150400F84000000000000000000000000000000000AE
S3150400F850000000000000000000000000000000009E
S3150400F860000000000000000000000000000000008E
S3150400F870000000000000000000000000000000007E
S3150400F880000000000000000000000000000000006E
S3150400F890000000000000000000000000000000005E
S3150400F8A0000000000000000000000000000000004E
S3150400F8B0000000000000000000000000000000003E
S3150400F8C0000000000000000000000000000000002E
S3150400F8D0000000000000000000000000000000001E
S3150400F8E0000000000000000000000000000000000E
S3150400F8F000000000000000000000000000000000FE
S3150400F90000000000000000000000000000000000ED
S3150400F91000000000000000000000000000000000DD
S3150400F92000000000000000000000000000000000CD
S3150400F93000000000000000000000000000000000BD
S3150400F94000000000000000000000000000000000AD
S3150400F950000000000000000000000000000000009D
S3150400F960000000000000000000000000000000008D
S3150400F970000000000000000000000000000000007D
S3150400F980000000000000000000000000000000006D
S3150400F990000000000000000000000000000000005D
S3150400F9A0000000000000000000000000000000004D
S3150400F9B0000000000000000000000000000000003D
S3150400F9C0000000000000000000000000000000002D
S3150400F9D0000000000000000000000000000000001D
S3150400F9E0000000000000000000000000000000000D
S3150400F9F000000000000000000000000000000000FD
S3150400FA0000000000000000000000000000000000EC
S3150400FA1000000000000000000000000000000000DC
S3150400FA2000000000000000000000000000000000CC
S3150400FA3000000000000000000000000000000000BC
S3150400FA4000000000000000000000000000000000AC
S3150400FA50000000000000000000000000000000009C
S3150400FA60000000000000000000000000000000008C
S3150400FA70000000000000000000000000000000007C
S3150400FA80000000000000000000000000000000006C
S3150400FA90000000000000000000000000000000005C
S3150400FAA0000000000000000000000000000000004C
S3150400FAB0000000000000000000000000000000003C
S3150400FAC0000000000000000000000000000000002C
S3150400FAD0000000000000000000000000000000001C
S3150400FAE0000000000000000000000000000000000C
S3150400FAF000000000000000000000000000000000FC
S3150400FB0000000000000000000000000000000000EB
S3150400FB1000000000000000000000000000000000DB
S3150400FB2000000000000000000000000000000000CB
S3150400FB30000000000000000000000000C4C600042D
S3150400FB40C4C6000400000200FFFFFFFF010000001E
S3150400FB5034C50004F8E00004F8E00004D8CE00043C
S3150400FB60D8CE0004FFFFFFFF00000000D8FC00040D
S3110400FB70FFFFFFFF18E1000418E1000489
S705040001688D
