S02B0000433A2F55736572732F6D6F75617A69722F446F63756D656E74732F54505F53797374656D5F6F6E5FAD
S3150400000034004100145A40083A6800080000000011
S3150400001000000000000000000000000000000000D6
S3150400002004EDFFDE1500C0DF150240D8150380D8A5
S315040000301504C0D8150500D9150640D9150780D969
S315040000401508C0D97A300B00150900DA150A40DA0A
S31504000050150B80DA150CC0DA150D00DB150E40DB26
S31504000060150F80DB1510C0DB151140D904FFFFEB1B
S315040000701512C0DB3A3109004C0080282603001013
S3150400008026020020C00E004006030000151240DFC1
S3150400009017FFBFE83AA03D00171140D9171240DFF9
S315040000A01700C0DF7A700128170240D8170380D8DA
S315040000B01704C0D8170500D9170640D9170780D9E1
S315040000C01708C0D9170900DA170A40DA170B80DABD
S315040000D0170CC0DA170D00DB170E40DB170F80DB99
S315040000E01710C0DB0413C0DE3A0880EF04FEFFDEFF
S315040000F01501C0DF150000DC3A310D00740001045F
S31504000100048E3B844C0080303A0005101E0A001011
S315040001103A880900FA9004203A8805141700C0109A
S31504000120170100113AE83E183A310500260A001074
S315040001303A880D1006F33F004400C0003A880900CF
S315040001403A880B183A88C7183A8849213A70C43055
S315040001501EF03F1006FB3F001701C0DF170000DC4E
S30D040001600402C0DE3A2800F88F
S315040001683480C1061400C0DE7400810614D094D607
S31504000178340081001477BB103400C10014CEFB1878
S315040001882603C010150000100401801036FDFF1068
S3150400019840020A40C0190A4006FF3F0004FEFFDE7B
S315040001A81501C0DF150000D814D47001004F0040B3
S315040001B83A880710170080D82E06C010440000019C
S315040001C8170080D83A880511150080D8170080D8FA
S315040001D836FBFF101701C0DF0402C0DE3A2800F818
S315040001E8041084002D000010841084002D000010D3
S315040001F83A2800F81E0200203A8805000606000080
S31504000208260200280400CC00060100000400C800E9
S31504000218CCFF83303AB0C410CCFFFF10841084009E
S315040002282D00C0103A2800F81E0200203A8805005E
S3150400023806060000260200280400CC000601000079
S315040002480400C800CCFF83303AB0C410CCFFFF10BA
S31504000258041084002D00C0103A2800F804FAFFDEC2
S315040002681505C0DF150400DD1503C0DC150280DCA6
S31504000278150140DC150000DC7400010104542D212D
S315040002880064004074000101045B2D2100640040F1
S315040002987400010104622D213A880B00440D830180
S315040002A83A880F00805200404400C004440D0305F8
S315040002B874000101046D2D21006400403A88210070
S315040002C83A8823003A8809983A880B003A880D80B8
S315040002D8002300403A8809983A880B983A880D8092
S315040002E8C01F00403A8809883A880BA0004200409B
S315040002F87400010104712D213A880B803A880D8017
S315040003083A880F108052004004190001401A004030
S31504000318041000840440468C041083001EE9BF8040
S3150400032874000101047B2D21006400403A8821A051
S3150400033874018004042DB194440040043A88098861
S315040003483A880B003A880D80002300403A880988C9
S315040003583A880B883A880D80C01F00403A8809906D
S31504000368440D4301004200407400010104712D212B
S315040003783A880B803A880D803A880F1080520040DC
S3150400038804190001401A004004F03F8404C0B994DB
S3150400039844FDBF001EE9BF8006C53F002E1B002989
S315040003A8161A0028440080003A880700C407C001CA
S315040003B8060300002613C0194400C01816040028B2
S315040003C83A884B293A88851036FA3F29260D0010B3
S315040003D83A880700360240213AC849213AB08618B5
S315040003E87AD004107AD00A281EFA3F102602003062
S315040003F83A8805203A2800F83A8809183A880520E0
S315040004083A2800F83A88070006F83F0044008000B6
S315040004183A88070006EF3F0004FEFFDE150000DCFD
S315040004281501C0DF3A882100160C00203A880D0011
S31504000438160E0028403A00403A8807103A0005800C
S315040004481E0100103AC8C7003A8805181701C0DF0C
S31504000458170000DC0402C0DE3A2800F83AC809018D
S31504000468440000043A880D000EF23F283AC84B01AE
S315040004783A00218006EF3F0004FFFFDE1500C0DFC7
S31504000488440080013A88072816040020160C002820
S315040004981700C0DF0401C0DE413A00403AC809012A
S315040004A8160B00283A880B1844008001403A00408D
S315040004B83AC885001700C0DF0401C0DE3A2800F8F0
S315040004C83AC84B011700C0DF0401C0DE413A0040B8
S315040004D83AC8470106F33F003A880D00413A0040FE
S315040004E844008001413A0040260A00203A88070061
S315040004F84C0080203A0005107AD008201E0100100E
S315040005083A8847193A884B291EF93F203A8805182C
S315040005183A2800F83A8807003A8805183A2800F86D
S3150400052804FBFFDE1501C0DF150240D9150380D987
S315040005381504C0D97400810004D0B4101700C01083
S315040005483A880B20040280D8170200193A880D103D
S31504000558150080D8405E02401701C0DF0405C0DEDE
S315040005683A2800F804FCFFDE1501C0DF150280D91D
S315040005781503C0D93A880D28170240210402C0D8A9
S315040005883A880F181500C0D8007200401701C0DF5A
S315040005980404C0DE3A2800F804F6FFDE150740DC3A
S315040005A83A8823203A8809281509C0DF1508C0DCCB
S315040005B83A88272840650040170240897400C1001C
S315040005C8046CED184400C001440000121505C0D897
S315040005D81506C0D90403C0D88400C0013A8809881E
S315040005E83A880DD81500C0D81503C0DC150200DA00
S315040005F81501C0D9150480D8008A0440C4FFFF0039
S31504000608260600103A8805181709C0DF1708C0DC43
S31504000618170740DC040AC0DE3A2800F88402C00042
S315040006283A8805181709C0DF1708C0DC170740DC25
S31504000638040AC0DE3A2800F87400810004D0B41015
S315040006483A880B2017000011015A0040CC0080207C
S315040006583A8811201E1600101700C020F4BF7F0127
S31504000668C4BF7F297420E0010420E0393A8845197B
S315040006783A70C4113A30C6003A7086181E0C00182F
S315040006883A880D283A880B3804010021170080207F
S315040006983A8887113A7046193A3084003A70C41079
S315040006A826F93F1007008020260300104400002185
S315040006B8070080201EFD3F103AC805223A2800F894
S315040006C81702803004FEFFDE150000DC1501C0DFCA
S315040006D83A8821303A8807001E0600103A88051819
S315040006E8150100301701C0DF170000DC0402C0DE64
S315040006F83A2800F8008A04403A8807103A88051808
S3150400070815010080150200801701C0DF170000DC00
S315040007180402C0DE3A2800F804A4FEDE155881DD7A
S31504000728155201DC1551C1D9155BC1DF155A01DF14
S315040007381559C1DD155741DD155601DD1555C1DCC1
S31504000748155481DC155341DC3A882D283A88213022
S31504000758154F01D940EC0440170080101751C1D930
S31504000768154981D8174F81D826020010170E801014
S31504000778260D02100B0380B00C028010260E021000
S31504000788170480B0260C02100B0300B28402800002
S315040007988C06C0401E2F80188F0380B0162D0010BB
S315040007A88B0340B2170780B21709C0B2174F01D995
S315040007B8042940DC044080D80400C1004CFF3F42B1
S315040007C83A880D803A880B880D2C00DA8D2C40DA8D
S315040007D8153080DA1532C0DA152D80D8152EC0D812
S315040007E8152980D8152BC0D8152F00D800720040BB
S315040007F8154B81D816040010174F01D93A880B886F
S31504000808C0F303401E3202100B2C80D80C10801043
S31504000818260300100B0380B0141080100D0380B05B
S31504000828174B81D8175BC1DF175A01DF1759C1DD8A
S31504000838175881DD175741DD175601DD1755C1DCF9
S31504000848175481DC175341DC175201DC045CC1DE02
S315040008583A2800F83A8805003A880700041940DD62
S31504000868154281D83A882F801543C1D8154B01D82B
S31504000878154801D8154401D8154701D8150C40DD8B
S31504000888150E00D8150D00D8070080B826190010D3
S315040008984409C0002617C0103A8821B8060100008A
S315040008A82603C01044000084070080801EFC3F1005
S315040008B83AC8E785260E0098170E80DC170D40DC2B
S315040008C8C40180003A88E5944400408C1500C0AD04
S315040008D8150E80DC1501C0AC150D40DC168B4214D0
S315040008E8040240AD174B01D93A88C924154B01D9DE
S315040008F83A882F80070080B8263C01104400C0BD02
S31504000908050400D80700C0B8C4FFFF04154C01D875
S31504000918154A01D8154DC1D84400C0BD174D41D953
S315040009280416800004F8FF283660C0103A88C518F3
S315040009383A8885103400C1000454C2183A88C51090
S31504000948170000113A680020C4180004B40A000409
S31504000958B40A0004B0180004B40A0004B40A000473
S31504000968B40A0004B40A0004B40A0004B40A00046D
S3150400097890160004A0180004B40A0004A81600047B
S3150400098848190004B40A000434190004F0180004D1
S31504000998F0180004F0180004F0180004F018000415
S315040009A8F0180004F0180004F0180004F018000405
S315040009B8B40A0004B40A0004B40A0004B40A00041D
S315040009C8B40A0004B40A0004B40A0004B40A00040D
S315040009D8B40A0004B40A00040C11000478170004CD
S315040009E8B40A000478170004B40A0004B40A00041C
S315040009F8B40A0004B40A0004DC180004B40A0004A7
S31504000A08B40A0004C0110004B40A0004B40A0004B9
S31504000A18B40A0004B40A0004B40A00040C1200045C
S31504000A28B40A0004B40A00042C180004B40A000426
S31504000A38B40A0004B40A0004B40A0004B40A00049C
S31504000A48B40A0004B40A0004B40A0004B40A00048C
S31504000A58B40A0004001800041811000478170004E6
S31504000A6878170004781700046417000418110004A2
S31504000A78B40A0004B40A0004EC160004B40A000418
S31504000A88BC160004CC1100041C1700040817000443
S31504000A98B40A0004B0190004B40A000418120004C5
S31504000AA8B40A0004B40A000490180004174D01D9C6
S31504000AB826CE002044004001040F80D91540C1D930
S31504000AC8154541D9154181D93A880F28050F00D90A
S31504000AD8050400D8154601D8174CC1D88C008018CF
S31504000AE83A000510155081D81E030010174501D980
S31504000AF884000021154501D9174C41D90C214029F8
S31504000B08154E41D91E2D0028174A81D9174581D873
S31504000B183AC8A1300E290004040480000E5E0414A9
S31504000B28170E80DC170D40DC3A882710740001077D
S31504000B38849A2DE7C40100050603000004FC3F84DB
S31504000B48040240AD0E13009C040480944400408CB7
S31504000B58150000AF1501C0AC150E80DC150D40DC80
S31504000B680EF67FA4174F01D93A880BB0040C80D926
S31504000B781551C1D9806C00401751C1D91E9E001069
S31504000B8804FC3F84170E80DC170D40DC041940DD95
S31504000B9816ED3F9C3A8825944400408CC401800095
S31504000BA8150000AF150100AC150E80DC150D40DCF0
S31504000BB816F54114040240AD06020000170E80DC47
S31504000BC8170D40DC070480D8260B0010440080006B
S31504000BD8440080944400408C150180A80404C0D8BD
S31504000BE8C40180001500C0A8150E80DC150D40DC74
S31504000BF816DA4114040240AD175001D91E0B002021
S31504000C08440480D8840080944400408C150080A84D
S31504000C188400C000C40180001501C0A8150E80DC3C
S31504000C28150D40DC16C24114040240AD174E41D9D5
S31504000C380420800026B180281746C1D83AC8E1198D
S31504000C480E260004040480000ECF03143A882710E5
S31504000C587400010784962DE7C40100050603000005
S31504000C6804FC3F84040240AD0E13009C04048094E3
S31504000C784400408C150000AF1501C0AC150E80DC8D
S31504000C88150D40DC0EF67FA4174F01D93A880BB030
S31504000C98040C80D91551C1D9806C00401751C1D9AB
S31504000CA81E55001004FC3F84170E80DC170D40DC2B
S31504000CB8041940DD16ED3F9C3A8825944400408C7F
S31504000CC8C4018000150000AF150100AC150E80DCC8
S31504000CD8150D40DC16824114040240AD174C01D9A7
S31504000CE80C4080201E4A0010174141D93A88E591E4
S31504000CF84400408CC4018000150040A91501C0A910
S31504000D08150E80DC150D40DC166741140402C0A8D4
S31504000D18174C81D90C01803026280010174A81D82F
S31504000D28174501D93AC821110E2400040404800089
S31504000D380E550414170D40DC3A8827107400010771
S31504000D48849A2DE7C40100050603000004FC3F84C9
S31504000D580402C0180E11009C040480944400408CBC
S31504000D681500001F1501C01C150E80DC150D40DC8E
S31504000D780EF67FA4174F01D93A880BB0040C80D914
S31504000D88806C00401E1C001004FC3F84170E80DC97
S31504000D98170D40DC0419C0D816EF3F9C3A882594F1
S31504000DA84400408CC40180001500001F1501001C76
S31504000DB8150E80DC150D40DC16CB4014174A81D875
S31504000DC8174541D90E0140113A880528174B81D990
S31504000DD83A888D30154B81D91E3B01901740C1D9ED
S31504000DE8041940DD150D00D806A73E00170E80D855
S31504000DF81E450510150D00D80B0380B00C10801085
S31504000E0826873E10C4FFBF00154B81D806843E00D2
S31504000E18174D81D944198000166E8011174741D998
S31504000E284400C0000E494319174181D844008094F0
S31504000E384400408C150080A8C40180001501C0A890
S31504000E48150E80DC150D40DC16CA41140402C0A830
S31504000E58174901D944008000440080944400408C1A
S31504000E6815018018C401800015000019150E80DCD0
S31504000E78150D40DC16B641140402C01C174201D9EC
S31504000E88174341D93A880D003A880F00401D094096
S31504000E9826740110174741D9174181D94400408C5B
S31504000EA83A88852CC4FFBF14C4FFBF284400C03049
S31504000EB815018098C40180001500C098150E80DCC1
S31504000EC8150D40DC168E41140402C09C174841D9FE
S31504000ED8040880D84400408C3A88659115008098A7
S31504000EE8C401800015014099150E80DC150D40DCFF
S31504000EF816ED40140402C09806853F00174A81D9A6
S31504000F08174581D83AC8A1300E4B3F040404800023
S31504000F180E3A04143A8827107400010784962DE7BC
S31504000F28C40100050603000004FC3F84040240AD26
S31504000F380E13009C040480944400408C150000AFF2
S31504000F481501C0AC150E80DC150D40DC0EF67FA429
S31504000F58174F01D93A880BB0040C80D91551C1D959
S31504000F68806C00401751C1D91EA33F1004FC3F846E
S31504000F78170E80DC170D40DC041940DD16ED3F9C86
S31504000F883A8825944400408CC4018000150000AFBB
S31504000F98150100AC150E80DC150D40DC16614114F4
S31504000FA8040240AD06243F00174F01D9401D0440F2
S31504000FB81751C1D906EF3D00174F01D93A880BB02E
S31504000FC81551C1D9806002401751C1D926EE3D108A
S31504000FD8068C3F00174201D9174341D93A880D00B8
S31504000FE83A880F00C01409401EF2001074008100EC
S31504000FF80496AD10440080944400408C150080A8E3
S315040010084400C000C40180001501C0A8150E80DC88
S31504001018150D40DC160043140402C0A8170580D831
S31504001028174701D90E5C0111170D40DC174981D900
S3150400103844008000440080944400408C15018018C4
S31504001048C401800015008019150E80DC150D40DCDE
S31504001058161643140402C018174781D8C4FF3F1450
S315040010680E2B3F04040480000EA80214170D40DC5E
S315040010783A8827107400010784962DE7C4010005F1
S31504001088060300000402C01804FC3F840EA2029C56
S31504001098040480944400408C1500001F1501C01CEC
S315040010A8150E80DC150D40DC0EF67FA4174F01D90A
S315040010B83A880BB0040C80D9806C00401E4E3F1051
S315040010C8170E80DC170D40DC0419C0D806EE3F0065
S315040010D80B2C80D8C4FFFF00154BC1D80C10801008
S315040010E81ECC3D1006CE3D00174F01D93A880BB0E9
S315040010F8040C80D9806C00401E3F3F10170E80DC1C
S31504001108062E3F00174C41D914044029154C41D9E1
S31504001118174C81D90C0880301E4F0110174CC1D8C2
S315040011280C0480181EF00210174C01D90C108020EC
S3150400113826ED02100F0080380401C0391540C1D9C4
S31504001148FAD723103A882110167803884400000138
S3150400115816040098174CC1D8C4DFBF003A70861825
S31504001168154CC1D83AB044841E2C02101E2B029882
S31504001178CC3F802026A102100419C0D8040F00DD34
S315040011881541C1D81741C1D81545C1DC3AC8C5A00F
S31504001198040AC0110E01C0991545C1D91546C1DC0A
S315040011A8070480D8264C3E10174581D84400801081
S315040011B8154581D806483E00174C81D91404803158
S315040011C8154C81D9174CC1D80C0880181E27011054
S315040011D8174C41D90C0480281EBC0210174C81D91F
S315040011E80C10803026B902100B00003C3A8809001E
S315040011F80401C0393A8823001540C1D9050400D82A
S3150400120806D33F00174C01D914040021154C01D903
S31504001218174C41D90C0880281E080110174CC1D850
S315040012280C0480181EB60210174C01D90C10802025
S3150400123826B302100B00003C440000010401C03927
S315040012483A8823001540C1D9050400D806C03F00D2
S31504001258174F01D93A880BB0040C80D9806C00402A
S315040012681EE53E10170E80DC0419C0D8174C81D928
S315040012784C0080303A0005101EA53E10440080003C
S31504001288170D40DC15018018174981D8440080944D
S315040012984400408C15008018C4018000150E80DCBB
S315040012A8150D40DC0E244214174F01D93A880BB0A9
S315040012B8040C80D9806C00401ECF3E10170E80DCCB
S315040012C80419C0D806923E00174F01D93A880BB0C4
S315040012D8040C80D9806C004026C03E1006C63E0029
S315040012E8174F01D93A880BB0040C80D91551C1D9C6
S315040012F8806C00401751C1D91EBF3E10170E80DC02
S31504001308170D40DC041940DD06743E00174F01D959
S315040013183A880BB0040C80D91551C1D9806C0040A9
S315040013281751C1D91EB43E10041940DD066D3D009F
S31504001338174F01D93A880BB0040C80D91551C1D975
S31504001348806C00401751C1D91EAB3E10170E80DCC5
S31504001358170D40DC041940DD06343E00174F01D949
S315040013683A880BB0040C80D91551C1D9806C004059
S315040013781751C1D91EA03E10170E80DC170D40DC8C
S31504001388041940DD061C3E00174F01D93A880BB0F4
S31504001398040C80D91551C1D9806C00401751C1D9A4
S315040013A81E953E10170E80DC170D40DC041940DD2F
S315040013B806043E00170500D90E580201174781D9BD
S315040013C8167A8021174181D83A88A5914400408C21
S315040013D8150080A8C4018000150180A9150E80DCBB
S315040013E8150D40DC16FC42140402C0A8174741D95F
S315040013F83AC861210E9D3F04040480000E190214A4
S31504001408170D40DC3A8827107400010784962DE7E7
S31504001418C4010005060300000402C01804FC3F8446
S315040014280E13029C040480944400408C1500001F8B
S315040014381501C01C150E80DC150D40DC0EF67FA4C4
S31504001448174F01D93A880BB0040C80D9806C004038
S315040014581E693E10170E80DC170D40DC0419C0D82F
S3150400146806EE3F00174781D8C4FF3F140E973E0483
S31504001478040480000E1800143A8829107400010721
S3150400148884962DE7C4014005060300000402C09CA7
S3150400149804FC3F840E1200A4040480944400408C87
S315040014A81500009F1501009D150E80DC150D40DC06
S315040014B80EF67FAC174F01D93A880BB0040C80D9C5
S315040014C8806C00401E4C3E10170E80DC170D40DC65
S315040014D80419C0DC06EE3F007400010784962DE764
S315040014E83A8825944400408CC40180001500009F66
S315040014F81501009C150E80DC150D40DC0E727E1459
S31504001508174F01D93A880BB0040C80D9806C004077
S315040015181E393E10170E80DC170D40DC0419C0DC9A
S31504001528066A3E00174F01D93A880BB0040C80D9D5
S315040015381551C1D9806C00401751C1D91E2E3E10D1
S31504001548170E80DC170D40DC041940DD06BA3D0091
S31504001558174F01D93A880BB0040C80D9806C004027
S315040015681E253E10170E80DC170D40DC0419C0DC5E
S3150400157806423E00174F01D93A880BB0040C80D9AD
S31504001588806C00401E1C3E10170E80DC170D40DCD4
S315040015980419C0D8062E3E00174C41D94C008028A1
S315040015A83A0005101EDA3D10069F3E001741C1D8C1
S315040015B83A8825914400408CC40180001500C0A8CF
S315040015C8150100A9150E80DC150D40DC166C4214B5
S315040015D80402C0A8174941D94400800044008094F5
S315040015E84400408C15018018C40180001500401978
S315040015F8150E80DC150D40DC3A8821201656421457
S3150400160804024019174781D94400408C150D40DC63
S315040016183AC80731174101D93A88E5901501C02817
S315040016283A88058115008028C4018000150E80DCDF
S31504001638161D7F140402C02806B53D001700003C99
S315040016481701403C0402803944000001154081D941
S31504001658050400D806BE3E001700003C1701403CAE
S3150400166804028038154081D806B73E001700003CAE
S315040016781701403C04020039154001D93A8809008B
S31504001688050400D806B23E001700C0380401C03964
S31504001698154AC1D80ED700183AC8C700154AC1D882
S315040016A8174C01D90700C0B814010021154C01D9FB
S315040016B806983C00174C81D90C08803026F6011090
S315040016C8174B01D9170080380401C0391540C1D910
S315040016D8FAD707201740C1D9150000111501C01003
S315040016E806693C000700C0B8041B8000265582180A
S315040016F8174C41D914044029154C41D906853C0098
S31504001708174C81D90700C0B814088031154C81D903
S3150400171806803C00174C81D81700003C041EC00004
S3150400172894008010154C81D80401C0397400410115
S31504001738047F6D29040C80003A8823008400000184
S315040017481540C1D9154DC1D8154441D9450480D889
S315040017588504C0D8050400D8067D3E00174C81D8F8
S315040017680700C0B814108010154C81D806693C00CF
S31504001778174C41D90C02802826E501101700803938
S3150400178804028038154081D8154281D91701C03919
S315040017981543C1D9174201D9174341D9001D07403A
S315040017A8261D0210174201D9174341D93A880D005C
S315040017B83A880F00C036094016D00210174D41D991
S315040017C8C411800016104211740081010484AD31DD
S315040017D8154181D9174C01D9C400C000C4DFBF0024
S315040017E83A7088203A880F181545C1D8154C01D97E
S315040017F8154601D8066A3E00170080384400C00022
S315040018080401C0391540C1D9040F00D93A880F1804
S315040018181545C1D8154101D9050F80D8050400D846
S3150400182806AC3C0074004101048A6D29154441D96B
S31504001838174C81D90C08803026FF00101700003C8D
S315040018481701403C04028038154081D8174C41D909
S315040018584C0080283A0005101EB900103AB044849A
S3150400186826B70010174D81D994004029040C80002E
S3150400187884000001154C41D9450480D8850480D9D3
S31504001888050400D806323E0074008101047FAD3198
S31504001898154481D906E63F00C40A8000050480D8A9
S315040018A80700C0B8061B3C00174C81D80700C0B80F
S315040018B854008010154C81D806163C00070480D8BD
S315040018C81E4C001004088000050480D80700C0B820
S315040018D806103C00174C81D90700C0B814028031A1
S315040018E8154C81D9060B3C003A88090044020004C9
S315040018F8840240011551C1D9004F0040070000B9C0
S31504001908174DC1D84400C0BD154D01D9174D41D94D
S315040019183A88851804F43F1104F4BF281751C1D92D
S315040019282EF3BF80154A01D906FC3B00174C81D813
S315040019380700C0B814208010154C81D806F53B0062
S315040019480700C0B8840A80004400C0BD261883185E
S31504001958154DC1D804F4BF184402C000367B82185A
S315040019683A8821183A880900840240011551C1D9D8
S31504001978004F0040174D41D9070080B91751C1D906
S315040019883A88451104F43F1104F4BF30154D81D942
S315040019984400C0BD2EF4BF803A8827200EDF3B20C2
S315040019A8C4FFFF0406DD3B00050400D81700803990
S315040019B80401C0391540C1D9154181D926C9013058
S315040019C8160E0098174101D93A880B003A880D98E3
S315040019D840850540265902101741C1D83AC8CF1088
S315040019E8169EC1991545C1D916090038154601D858
S315040019F806EB3D000700C0B806C63B00174101D9EF
S31504001A0840650040154581D83A880F100EF73F10F7
S31504001A18154501D8154601D806E13D00CC3FC0203E
S31504001A2844008000262D8018360E80188400800015
S31504001A3826FA801874000101048F2D2140650040A0
S31504001A483A880F101545C1DC0E018098154581D8D2
S31504001A5874008100048FAD101546C1DC154181D888
S31504001A6806CF3D00041940D9040F00DD154141D9BC
S31504001A787A970A88174181D9FAD00480FAD0068859
S31504001A88CC0100813AB08428C4FFBF31040C00217C
S31504001A98154181D93AB0CA10050000313A88211097
S31504001AA83A8823181EF23F28174CC1D84C008018D0
S31504001AB83A0005101EB33D10CC3F80201C20801030
S31504001AC804E0BF10040CC00026AEFD10C4FFBF31ED
S31504001AD8154181D90500C03006AA3D0068008088F2
S31504001AE81E2C00101E0200884402800036290014A9
S31504001AF8C41800D9040F00DD154101D9174101D9CD
S31504001B08040C808005008020069E3D00170D40DCED
S31504001B187400010784962DE73A8825944400408C7E
S31504001B28C40180001500001F1501001C150E80DC79
S31504001B38150D40DC16DC7D140402C01806743C003E
S31504001B4884000001050400D806813D00174C81D99C
S31504001B583A70C4303A00051026B33C10174101D92F
S31504001B68440080944400408CC4018000150000A9F8
S31504001B781501C0A8150E80DC150D40DC16607E1410
S31504001B880402C0AC06D13C007400010784962DE714
S31504001B9806493C00040F00DD041980DC3A880980F4
S31504001BA83A880B88840280013A880F00C0FC0740F3
S31504001BB8040C0012C4FFBF943A8809803A880B883B
S31504001BC8840280013A880F000500009200960740B7
S31504001BD83A8809103A882110680080183A88231828
S31504001BE81EEE3F101E0200184402800036EB3F1119
S31504001BF8C4FFBF94154181DC06C03F00174C01D9C8
S31504001C084C0080201E9A0010041940D9040F00DDE8
S31504001C18154141D9065B3D00174F01D93A880BB0E7
S31504001C28040C80D9806C00401E733C10170E80DCAF
S31504001C380419C0D806F93C00174CC1D80C048018FE
S31504001C481E710010174C01D90C108020266E001046
S31504001C580B00003C3A8823000401C0391540C1D959
S31504001C6806FA3E00170D40DC7400010784962DE73A
S31504001C783A8825944400408CC40180001500001F4E
S31504001C881501001C150E80DC150D40DC16707D143C
S31504001C980402C01806753D00170E80DC170D40DCDB
S31504001CA874000107849A2DE706BA3B00174F01D939
S31504001CB83A880BB0040C80D9806C00401E4E3C1048
S31504001CC8170E80DC0419C0D806E33C001700003C54
S31504001CD83A8809000401C0393A8823001540C1D955
S31504001CE8050400D8061A3D00170080380401C039D7
S31504001CF81540C1D9FAD723103A88211006123D0097
S31504001D081700003C440000010401C0393A88230046
S31504001D181540C1D9050400D8060D3D00740081009C
S31504001D280496AD10440080944400408C150080A8A5
S31504001D384400C000C40180001501C0A8150E80DC4B
S31504001D48150D40DC16CA40140402C0A81E0600205D
S31504001D58174741D91E040028174C81D94C008030F6
S31504001D683A0005101EEA3B1044008000170D40DCBB
S31504001D7815018018174981D8440080944400408C82
S31504001D8815008018C4018000150E80DC150D40DC92
S31504001D9816CA40140402C0183AC821010E50000499
S31504001DA8040480000E8000143A8827107400010782
S31504001DB884962DE7C4010005060300000402C01832
S31504001DC804FC3F840E7A009C040480944400408CEE
S31504001DD81500001F1501C01C150E80DC150D40DC0E
S31504001DE80EF67FA4174F01D93A880BB0040C80D994
S31504001DF8806C00401E003C10170E80DC170D40DC7A
S31504001E080419C0D806EE3F001700003C3A882300A0
S31504001E180401C0391540C1D9068C3E00041940D9BD
S31504001E28040F00DD154141D9174481D93A970A8828
S31504001E383AD10480CC0300813A8809313AB084281F
S31504001E4803004021174101D93AD106883A8821105E
S31504001E58C4FF3F21154101D9174181D93AB0C810A9
S31504001E683A882318050040311EEF3F2006C53C007A
S31504001E78040C8000C41880D9040F00DDC51880D866
S31504001E88154181D906BF3C00170D40DC74000107D3
S31504001E98849A2DE706C13B00174C41D90C048028C7
S31504001EA8267C0010170080380401C0391540C1D9B2
S31504001EB8174B81D91740C1D91500801106723A000B
S31504001EC8174F01D93A880BB0040C80D9806C0040AE
S31504001ED81EC93B10170E80DC170D40DC0419C0D848
S31504001EE8174701D9174141D94400408C3A882591AE
S31504001EF8C40180001500401915010019150E80DC6F
S31504001F08150D40DC16E87C140402C01806803B0054
S31504001F181700C03804020039154001D91542C1D842
S31504001F281701C0391543C1D9061A3E003A88050077
S31504001F383AC809143A8005113AC84B043AC88528A0
S31504001F483A8821203A88231044000001440B800073
S31504001F58050480D8067E3C00174F01D93A880BB091
S31504001F68040C80D9806C00401EA33B10170E80DC3D
S31504001F78170D40DC170500D9041940D906A13D0000
S31504001F88174F01D93A880BB0040C80D9806C0040ED
S31504001F981E993B10170E80DC170D40DC170500D977
S31504001FA80419C0D8068B3D007400010784962DE7F2
S31504001FB83A8825944400408CC40180001500001F0B
S31504001FC81501001C150E80DC150D40DC16BC7F14AB
S31504001FD80402C01806C23F00174F01D93A880BB04D
S31504001FE8040C80D9806C00401E833B10170E80DCDD
S31504001FF8170500D90419C0D806FC3C00740001076B
S3150400200884962DE706DE3B00740081000485AD1036
S31504002018154181D806EF3D00174201D9174341D926
S315040020280021074026390010174D41D9C4118000F4
S3150400203816CE4011740081010486AD31154181D94B
S3150400204806E43D00174C01D94400C0BD0700C0B8DA
S3150400205814080021154C01D9062E3A001545C1DC91
S31504002068161001983A880F98154601D8064C3C0074
S31504002078174F01D93A880BB0040C80D9806C0040FC
S315040020881E5D3B10170E80DC170500D90419C0D84D
S31504002098062E3F00174CC1D80C10801826A0001035
S315040020A8170080380401C0391540C1D9174B01D926
S315040020B81740C1D90D00001106F33900174F01D98D
S315040020C83A880BB0040C80D9806C00401E4A3B1039
S315040020D8170E80DC170D40DC170500D90419C0D883
S315040020E8062D3F0084018000369AC0141545C1DCCC
S315040020F80E010098154501D8740081000488AD10B6
S315040021083A880F98154181D806723A00C4FFBF0071
S3150400211826E28098174D41D9C419800026DC802808
S31504002128C411800026DA8028174C41D9174301D9EF
S31504002138174281D914404029154C41D916CC0020A0
S315040021483A8821303A8823203A883900174D41D9EC
S315040021588419800026B780288411800026B5802833
S315040021684419800026C880284411800026C6802881
S315040021783A882998174F01D9040580D83A880D88D2
S31504002188150180D80406C0D8040780D83A880B807D
S315040021988400C0011502C0D8150380D8150000DDD7
S315040021A880980240174D81D9154181D8C4198000F9
S315040021B826958030174DC1D8C41180002692801800
S315040021C8174141D9174D81D9841980003A88252D9C
S315040021D82686803084118000268480303A880D0053
S315040021E83A880F003A880B883A880980C01409404F
S315040021F81E7500103A880590150780DC174101D929
S31504002208174D41D9C419C0003AC825112668C028F3
S31504002218C411800026668028170500D9174DC1D831
S31504002228441980001655C010C4FF3F21150500D96E
S315040022380508C0D83A88212016C10020C40A80009F
S31504002248450880D8440280000EAF00143A88271047
S31504002258840B40DC3A880980840240010048004027
S31504002268040C8010C4FF7F8C3A88098084024001DC
S3150400227805008088004200403A88211016F5BF9868
S31504002288040CC010C40980D8C4018010C4FF7F8917
S31504002298C5FFFF882EA780283A880910040880D924
S315040022A88408C0D803008028440040290500801803
S315040022B84400C01836FB3F293AC8871944008000F1
S315040022C81548C1D83A88CF900E9680144400C03970
S315040022D81545C1D916340038CC3F80E01C2080103F
S315040022E804E0BF10264E0010440B8000154781DC1D
S315040022F8154601D8050480D806AB3B00440B80007C
S31504002308050480D8062D3D00174F01D93A880BB02D
S31504002318040C80D9806C00401EB73A1006B53A0002
S31504002328170080380401C0391540C1D9174B41D963
S315040023381740C1D915004011065339003A880F9839
S315040023481545C1DC154601D806953B003A88270091
S31504002358067239007400C1000488ED183A880F1013
S31504002368154581D81541C1D806DA390074008100AB
S315040023780487AD10154181D806163D00174D41D97D
S3150400238884198000264980283A880F201657802405
S31504002398174C41D94C008028260100104400C0215E
S315040023A81545C1D90ECC3F38154501D806CA3F0094
S315040023B8170500D904FFBF000E48001116470099F7
S315040023C8154DC1D806F03F00170780D82E8BBF14C9
S315040023D83A880790040C0001050000114400801097
S315040023E8150780D81EFCBF1806843F00174181D8FC
S315040023F80700C010040C8000265B8018170500D956
S315040024083A88259106753F00174C01D94C0080205F
S315040024183A000510266A3F10170780D806773F004A
S315040024281545C1D9164D0038154781DC154601D81E
S31504002438065B3B00174F01D9040580D8150180D8DF
S315040024480406C0D8040780D83A880B803A880D88D1
S31504002458C400C0011502C0D8150380D81500C0DC15
S315040024683A88299880980240154181D806513F0038
S315040024781742C1D8174301D9440B00073A882118D3
S315040024883C00602406313F004400009D06393F00A5
S315040024981E253F984400C00406233F008401C00457
S315040024A806213F00154501D806EE3E003A880F205E
S315040024B80E3700011E030098174C81D94C00803052
S315040024C826B73F10440080203A88A7981545C1DCF2
S315040024D83A880F980E803F9806B33F00174D81D966
S315040024E884FFBF31154D81D9064C3F000E180001F3
S315040024F8440080003A888514154581D83A880F1017
S315040025080E753F1006A83F00040CC080040C80001A
S31504002518C508C0D8040880D90409C0D8850880D855
S3150400252806653F00174C01D93A708420269C3F1053
S3150400253806663F00040880D98408C0D8065E3F00B2
S31504002548440B80003AC82101450880D8063D3F005F
S31504002558840080003AC8051106E63F00154501D8EF
S31504002568154781DC06B13F003A880D003A880F000A
S315040025783A8809803A880B88401D0940269F3F10EF
S31504002588440080003AC80915150500D9069B3F0082
S315040025981E0D0098174CC1D84C0080181E0A00104E
S315040025A8440000013A880F20154501D9064A3F0020
S315040025B81700C03C0401C0390E0E3D980700C0B888
S315040025C8C4FFFF0406D338008400C09C1545C1DC4B
S315040025D83A880F980E403F9806733F0074008100AE
S315040025E804D0B4103A881320170000113A88052835
S315040025F83A880F303A880B483A880D100172004021
S315040026087400810004D0B4101700C01004FDFFDE66
S31504002618150140DC150000DC1502C0DF3A882320CA
S315040026283A88212826020018170E8018261F00103B
S315040026380B0300810C028020262800101704408111
S31504002648261D00284C0080203A000510260B001091
S315040026588C008020261200103A8805001502808016
S31504002668260B00283A8805001702C0DF170140DC4C
S31504002678170000DC0403C0DE3A2800F8170580803A
S31504002688150200803AC88500150680801EF53F2885
S315040026980C20802026F33F10C4FFBF0006F23F003B
S315040026A8170580801502808006ED3F003A880918D0
S315040026B8401D044006DE3F000CA0C02004808000B4
S315040026C826E0BF183A8809883A880B8000F804403F
S315040026D80B0300811704408106DA3F000C048020AE
S315040026E826ED3F100C01802026120010170C40819D
S315040026F82605002804108080260280283A8809883E
S31504002708C0580440150C00800B03808017044081D0
S3150400271815010080CCF6BF100D038080150040819A
S315040027280B03808014028010CCFF3F110D038080B8
S3150400273806C33F001704408106F93F001704C02862
S315040027481704802004F1FFDE150EC0DF150D00DF27
S31504002758150CC0DD150B80DD150A40DD150900DDF5
S315040027681508C0DC150780DC150640DC150500DCF9
S31504002778150300D9150440D9167FC010C4FF3F1DA0
S315040027881704C0D8170300D93A8805A53A888510CE
S315040027980405C01C0405C0253A88AD983A88C715AF
S315040027A8170040B1170000191500C0D84400402985
S315040027B8150200D9004E00403A8839101E3D001013
S315040027C8170440D9170300D9C0CA0540162C0010AF
S315040027D8440000E73A880FB83A8811003A88090095
S315040027E8170040991700C0380401C09CCCFFBF28C5
S315040027F83A888520CCFFBF11CCFF3F193AD4041080
S315040028083AD40A283AC889213A8809223AD40618B1
S315040028183A888B283AD40D20CCFFBF283AC88718A3
S315040028283A8887190D0000398D00C0383AD408282B
S315040028380401C0393AD411182EE9FFB43A8805A51B
S315040028483A8885103A8885B81700C0101E0C0018F7
S3150400285804FF3F112E0800B917FFBF102603001006
S3150400286806050000170080201E03001004FF3F2100
S31504002878C4FF3FA536FB3FB9170300D91504002545
S315040028883A8805E0170EC0DF170D00DF170CC0DD08
S31504002898170B80DD170A40DD170900DD1708C0DCB1
S315040028A8170780DC170640DC170500DC040FC0DEBA
S315040028B83A2800F83A8823B83A882598150100D8A2
S315040028C83A882B00170000943A8809E0040180949A
S315040028D8CCFF7F81004F00403AD40A803A8809E049
S315040028E83A88A1A8004F004017000089CCFFFF8052
S315040028F83AD42080CCFF7F213AC8CB281701C0D808
S315040029083AD408203A8805143A88CB283AD40D28AC
S31504002918CCFFFF103AC8C9203A8889218D0000895E
S315040029283AD409200D0040893AD42A100401408C6F
S31504002938150100D92EE3BFB4170200D91EA03F2003
S31504002948170080D804FFFF102E08C0B817FFBF1061
S315040029582603001006050000170080181E03001041
S3150400296804FFFF18C4FF3FA536FBFFB81703C0D8FA
S315040029781504001D06923F003A88050006C13F006B
S315040029881710002204DAFFDE152140DD152000DDCC
S31504002998151E80DC151D40DC1525C0DF152400DF57
S315040029A81523C0DD152280DD151FC0DC151C00DCCF
S315040029B8151600D93A8823303A8829281517C0D914
S315040029C8172880DC3A882B30260A00401711802005
S315040029D83A880B40150180401711C0204400800036
S315040029E83A98C4101502804000B505401716C0D899
S315040029F81510001816A30088150000902CFCDFA8F3
S31504002A0834FC9F00269180183A880D003A880F00F6
S31504002A183A8809A03A880BA8151200DD151340DD7B
S31504002A28401D09401E170010172780D9440080004E
S31504002A3815008030172980D8269B0210172900D93B
S31504002A48740081004496AD10C4FFFF101500802061
S31504002A583A8805181725C0DF172400DF1723C0DDB9
S31504002A68172280DD172140DD172000DD171FC0DC83
S31504002A78171E80DC171D40DC171C00DC0426C0DE8C
S31504002A883A2800F8171600D9171240D9040180D835
S31504002A983A880DA80402C0D9150080D8C018064083
S31504002AA8150780D83AD504A8CCFF0111268600203C
S31504002AB81712C0D834048000C4FFBF101701C0DD44
S31504002AC83A7084A83A88111834FC4F124400BF257A
S31504002AD8150800D83A88050034FECF003A880B4812
S31504002AE83A8809403A880F183A880D10C0A3084056
S31504002AF8F4DB180244D81042F4F44F02C4E9614ADC
S31504002B083A880F483A880D403A880B183A880910CB
S31504002B1800B3084074D82202C42C3242F4F14F029E
S31504002B28048A624A3A880F483A880D403A880B184C
S31504002B383A880910C0AB08403A8809B03A88211087
S31504002B483A882318403F0940F4271402C47E1E42DB
S31504002B58F4F44F02C404514A3A880F483A880D409F
S31504002B683A880B183A88091000B308403A880F18AF
S31504002B783A880B883A880D103A880980C0AB084011
S31504002B883A8809103A880B183A8821103A88231883
S31504002B98C04E09403A880D003A880F003A880980E1
S31504002BA83A880B88150D80D8C036094016170310C5
S31504002BB8170DC0D8840580002E48C11044000001B2
S31504002BC8150C00D93AC885BDC4FFBF11160B0330CE
S31504002BD8150A80D9151100D8170DC0D816FF021882
S31504002BE8170A00D91509C0D8151000D83A88C9207B
S31504002BF8150A00D9171700D9440280003646001171
S31504002C084401800016040211440040041717C0D872
S31504002C184401800036EDC1103A88C5183A888510F3
S31504002C283400C100040FCB183A88C51017000011E8
S31504002C383A680020282D0004282D000428370004AB
S31504002C48003700044437000450370004172700D916
S31504002C58C4C3890015008020261000A07400C10092
S31504002C6804A2ED18172980D926793F30C7008018A1
S31504002C78C40000191E100010172980D81500001169
S31504002C8806733F003400A000C4FFBF104400C00010
S31504002C983A70AA881500C09006583F00340480008C
S31504002CA8C4FFBF103A7084A81EEC3F107400C1001C
S31504002CB8049FED1806EB3F00172980D80402001973
S31504002CC81500001106623F001701C0DD170280D8FF
S31504002CD804080001840CC1B83A88A3180EB8412424
S31504002CE80410C0003AC8471C04F8BF883A98C6A816
S31504002CF83AD884A03AB08818405C09403A8811103A
S31504002D083484BF00440000013A88D31044F3BE8DCE
S31504002D18150800D9066F3F00151700D8440040046B
S31504002D28C4FFBF004400C000150E80D8152600D87D
S31504002D38150F80D8150BC0D83A882110171680D8D5
S31504002D4815110010171680D8171140113A88091062
S31504002D58000D06401716C0D8150580D8151080181A
S31504002D6884038000366800143A0005881E6600103D
S31504002D78170D00D90E300201CC038020FA900410F6
S31504002D883AD125207400C10004B4ED183A88C51058
S31504002D980C04C09017000014170140141E6A031887
S31504002DA884008005261000907400C10404E6ED9C96
S31504002DB84C0080903A0005101E08001017008099F0
S31504002DC81701C0993A880B883A88098000B30840E5
S31504002DD83A882110440080B53A8823187AD0259079
S31504002DE80402C09C1EF23F903A880BA83A8809A0B0
S31504002DF83A880F883A880D8040EF08403A882910A7
S31504002E083A882B18170CC0D83A0005181E08001063
S31504002E183A88050034FCCF003A880F183A8809A086
S31504002E283A880BA83A880D10C036094016FE0310D6
S31504002E383A8809B0403F09403A880B183A8809107D
S31504002E483A880DA03A880FA800B308403A881100BA
S31504002E58340750023A8809103A880B183A880F48FA
S31504002E683A880D40C0AB0840170F00D93A882D1090
S31504002E783430BF003A88B9183A882FE01E8F0220EA
S31504002E883A8805003405D0003A8809A03A880BA880
S31504002E983A880F183A880D10C0A308403A880910D2
S31504002EA83A880FE03A880B183A880DB03A88251004
S31504002EB83A882718C0250940164F83003C00E0E0ED
S31504002EC83A8809903A880B983A880F183A880DB0C8
S31504002ED8C03609400E0800103A8827003A882500AB
S31504002EE8172680D8170500DF150600D83A3084005F
S31504002EF8150D80D8069B0100171280D9171380D8A0
S31504002F083A8829303A882B101702C0D81685001833
S31504002F18170D00D98403800016820011FA90042044
S31504002F28172680D97400C10004B4ED183A88C51070
S31504002F38170080141701C014161E0330170500D98C
S31504002F48170FC0D83A8823A83A8821A03A882B199B
S31504002F583A883920060F00003A8805003409D0005B
S31504002F683A8809503A880B583A880F183A880D1047
S31504002F7800B308403A880B183A880D003A880F00BF
S31504002F883A8809103A8821103A882318401D0940BE
S31504002F98264500103A880D903A880F983A88098091
S31504002FA83A880B8840EF08403A880B183A88091083
S31504002FB8C04E09403A8809103A882910403F09400A
S31504002FC83A880F183A8809903A880B983A880D1067
S31504002FD800B308403A880F183A880B883A8809805B
S31504002FE83A880D10C0A308403A881510040C80A02E
S31504002FF8050080E0440000E73A8817181ED67FE5E6
S315040030083A880D503A880F183A8809503A880B18A6
S31504003018C0AB08403A880D103A8809903A880B984C
S315040030283A880F183A8821103A882318C036094076
S31504003038160800103A880B983A880D803A880F8843
S315040030483A880990C01409401E1700104C0080A045
S3150400305826150010170D80D8150480D83A8809E07B
S31504003068C4FF3F210700C020440E80001E088018B4
S31504003078170580D81EFA3F111704C0D8170580D93A
S31504003088040C80004400C0181504C0D8050080301C
S31504003098030080201704C0D8440000274400801089
S315040030A8150DC0D805008020171600D9170740D972
S315040030B800B50540050000E0170D80D91727C0D8CC
S315040030C8172900D94400803015008018269C022050
S315040030D81705C0D815000027065D3E00170D80D9D0
S315040030E87400C10004B4ED18171200D9FA9004301C
S315040030F8171340D93A88C510170000121701401251
S315040031083A880D403A880F48C03609400E03001025
S31504003118170D80D8C4FFBF10150D80D8150C00D81C
S3150400312806A83E00170B00D93AC02C201EC700B0CB
S31504003138171100DC171080DC3A8827000E0B0004F0
S31504003148170AC0D80E09C0003A8805801613011C50
S31504003158170A00D9171180D93AC8A1803AC8892014
S315040031683AC88D30150A00D9151180D9171080D898
S315040031780E158000170BC0D83A0005181EC9011091
S315040031880E0E8004171600D93A880B983A880D90C3
S31504003198C0990640171600D9170780D93A880B1024
S315040031A83A882710005E0640171600D9170740D933
S315040031B83A88231000B50540150740DC171000D9D6
S315040031C83AC88D241E0E0130171600D9440040044F
S315040031D83A880B8840830640170980D93A8825100F
S315040031E80E048001171600D93A880B10C0990640B8
S315040031F83A882510171780D80EF380883A88230052
S31504003208170980D91E9E01304400C000170A00D948
S315040032183A88C520CC07C0101E840018040780000D
S31504003228170A00D9171180D93A88A1803A888920C3
S315040032383A888D30150A00D9151180D9171180D806
S315040032480E058000170740D9171600D93A880D10BD
S3150400325840490640150780D8170AC0D80E05C0008D
S31504003268171600D93A880B903A880D184049064033
S315040032783A882510170C00D93A000520266F011044
S31504003288170F00D90E170201170B80D93A0005301B
S315040032981E8800100E050004171600D93A880B98E4
S315040032A83A880D80404906403A8827103AC004886F
S315040032B81E5402103A880B98170580DD1506C0DCE3
S315040032C84C0000A73A882728170700D93A880B9094
S315040032D840740240170700D9170640D93A882310C4
S315040032E8040CC08DC0CA0540171600D93A880B903D
S315040032F83A880D983A882910803006403A882B1067
S31504003308170380101E280110170700D93A880BA83E
S31504003318C0CA0540171600D93A8821103A880BA85E
S3150400332800B505401E040080171780D81E02001039
S315040033383AC004E026170110160601A01E0400A0D0
S315040033481717C0D81E0200183AC004E02601011057
S31504003358163D02040500C0B5170580D9170F00D914
S31504003368440080B53A880531266580B0170740D9E8
S31504003378171600D9840280013A880F000087064090
S31504003388150780D8170680D8260CC114170640D905
S31504003398171600D9840280013A880F000087064070
S315040033A8171600D93A880B98840280013A880F00C8
S315040033B8150680D8008706403A88271006C23F00BB
S315040033C83AC845243A9888A0064B3E00C4FFBF0174
S315040033D844008000150E80D9150F80D9150B80D8A6
S315040033E81716C0D8C4058000151100182E088015B4
S315040033F80401C0003A8809003A88C71804058018E9
S31504003408440000212EFCBFB0171680D915110031CF
S31504003418170F00DC064B3E00171780D93A8823009D
S3150400342804FFBF31151780D906F83D00040880004B
S315040034383AC8C9100401C000165A0019C40080000D
S31504003448167E3F110407802006753F00171780D99A
S31504003458440080000EA18011170F80D91710C0D818
S31504003468C4FFBF3016C681183AC8A518170F80D8E6
S3150400347816620210171100DC3A880710170A80D959
S31504003488171180D8171600D93A88CD303A88C5104E
S3150400349844004001150A80D9151180D84083064096
S315040034A83A88271006253F007400C1000496ED18D3
S315040034B806673D00170580DD440000040607000082
S315040034C8170740D9171600D9840280013A880F00D5
S315040034D800870640150780D844000084170700D9DA
S315040034E83A880B9040740240040CC0150500C0B518
S315040034F8170FC0D8440080B516F1FF80150600D80A
S31504003508170740D9171600D94400800140490640D8
S315040035183A8809103A880B90150780D8C0CA05401E
S315040035280E3C80003A8809B0C4FF3F2103004021BD
S31504003538440E8000CC3FC0281C20C01804E0FF18A5
S315040035481E988118170580D91EF7BF21170D80D834
S315040035584400003744008010150D80D8440C8000C0
S3150400356805008030171600D93A880B9000B5054037
S3150400357826CD3E981706C0D8260400182603C01C74
S31504003588171600D93A880B1800B50540171600D93E
S315040035983A880B9800B5054006C33E003A880518D4
S315040035A806EB3E00170A80D91711C0D804FFBF20BE
S315040035B83A888D303A8887183A88A180150A80D9BE
S315040035C81511C0D8061D3F001E0C3FA03404800008
S315040035D8C4FFBF103A7084A81E083F102CFC9FA88D
S315040035E826063F101711C0D8170A00D94400C01878
S315040035F8440000211511C0D8150A00D906003F0059
S31504003608170740D9171600D9C0990640150780D858
S3150400361806ED3E001E0200104C0080B81EC13F1085
S31504003628C4FFBFB50700C0B0040C800026FCBF1851
S31504003638440000B706CB3F00170D80D93AC88F015E
S3150400364826F70138CC038039FA900C30740041010E
S3150400365804B46D29171200D93A884D311701C030C0
S3150400366817008030171340D93AD121383A880D10FB
S315040036783A880F1800B308403A8811103A88131884
S315040036883A8829103A882B1826E501808400800593
S315040036987400410404E66D8C4C0080803A000510E1
S315040036A81E080010170080891701C0893A880B483C
S315040036B83A88094000B308403A881110440080B596
S315040036C83A8813187AD021800402408C1EF23F806F
S315040036D83A8829403A882B4806CA3D00170800D973
S315040036E83A0005201EF60110171100DC171080DCBD
S315040036F8C40CC11806613F00150B00D8172680D9DB
S31504003708170DC0D8440080303A88AD18C4FF3FB1BD
S31504003718150E00D90EF68105150F80DD06303F001B
S31504003728150B00D8172600D90EEB01013A882D206F
S31504003738150E00D9150F00D906293F00440080014B
S31504003748150B80D906F73F0044000001150B00D974
S3150400375806EA3F000E0C0004170740D9171600D9CD
S3150400376844008001404906403A8809103A880B907B
S31504003778150780D8C0CA05400EE081004400C0BDC4
S31504003788840E800026A281B8440000B70500C0B59F
S3150400379806743F00440E8000269D81B80EFA3F0544
S315040037A8440CC08D06F83F00171600D93A880BA8B2
S315040037B84400000400B5054006DF3E00171600D98C
S315040037C83A880B98840280013A880F0000870640DD
S315040037D83A882710150680D806BB3E00171180D9EB
S315040037E8170D80D8150900D83AC88D303AC887000D
S315040037F8151180D91510C0D806FE3C003AC88D01AB
S31504003808151180D9150A00D806F33C00170D00D9FE
S31504003818403F09403A880B883A8809803A880F1845
S315040038283A880D10401D094026E13C10170D80D931
S31504003838C4FFBF31150D80D906DD3C00170700D932
S315040038483A880B90C0CA05400E8D3E10170740D91A
S31504003858171600D9840280013A880F0000870640AB
S31504003868170D80D9150780D8C4FFBF31150D80D927
S315040038781EA701B0170E80D8150F80D806803E0003
S31504003888170480903A8885103A8885103A888514F2
S315040038981704001180B705400408C0003AC8871801
S315040038A8065A3E00170740D9171080D9171600D9AB
S315040038B8C0990640150780D806433E00170F80D9DD
S315040038C8170D80D8150380D9150480D8170BC0D8CE
S315040038D83A0005181EE20010170300D93A880500B5
S315040038E834F8CF00FA900C207400010104B42D2199
S315040038F83A880B183A880D3117FF7F3217FE3F3284
S315040039083A8809103A880F483A880D4040EF08402B
S315040039183A880B183A880DB03A880FB83A880910CD
S31504003928C0A308403A880BA83A8809A01519C0D834
S31504003938151880D8C04E09403A8809103A882710C5
S31504003948403F09403A880BA83A8809A03A880F18D4
S315040039583A880D10C0A30840171880D93A88231846
S31504003968151480D83A882D30170580D9040CC09CC4
S31504003978151540DC1719C0D80500C034170580D8BA
S31504003988171940D9171480D93A8809B03A880F8884
S315040039983A882F1844000017C0250940164E80009F
S315040039A8171480D93A88050034FCCF003A880B18D6
S315040039B83A880F883A880910C0A30840171940D9CD
S315040039C83A880F183A8809B03A880D10C025094074
S315040039D816A2BD001703C0D8440080001612C010F2
S315040039E806453D00171480D93A88050034FCCF00F3
S315040039F83A880B183A880F883A880910C0A30840F1
S31504003A08171BC0D93A880B183A8809103A880DB09A
S31504003A18C036094016913D10170580D9170300D9F9
S31504003A283A8805312634BDE0340950043A88210021
S31504003A383A880BB83A8809B03A880D803A880F88CC
S31504003A4800B30840171540D9171400D93A880F88C7
S31504003A583A880D00151A80D8151BC0D800B308403B
S31504003A683A880B183A8809103A8823183A88211094
S31504003A78C04E09403A8809103A882B10403F09403D
S31504003A883A880B883A8809803A880F183A880D10BC
S31504003A98C0A308403A882110171B00D93A8823186E
S31504003AA8151400DC040C40AD151540DC171A80D833
S31504003AB8050040E53A882F20171BC0D9171400D9EA
S31504003AC83A880B883A880D103A882D10440000E786
S31504003AD8C03609400EC33F10170400D9150D00D986
S31504003AE806713D00171780D9840080000EE6BD11C3
S31504003AF81EFB3C20171600D93A880B904401800116
S31504003B083A880F0000870640170700D93A880B1031
S31504003B183A882510C0CA05400EF1BC00170DC0D856
S31504003B28170500D9150600D84400C018150DC0D8C5
S31504003B38440C8000440000270500802006893E00C6
S31504003B481705C0D806C23B007400810104E6AD31EE
S31504003B581709C03017088030171200D9171340D92F
S31504003B683A880F183A880D1040EF0840CC03809421
S31504003B78C40080053A8829103A882B1806893C001F
S31504003B88171000D9170980D93A8825003AC80511AB
S31504003B983A8889203A888D30151000D9150980D9B4
S31504003BA806323E0044008028440000270500802091
S31504003BB8066C3E00170F80D816E0BC00170F80D994
S31504003BC81EC53C303A8805003405D0003A880B985F
S31504003BD83A880F183A8809903A880D1000B30840B5
S31504003BE83A880B183A880FA83A8809103A880DA01B
S31504003BF8402E09400EB83C103A8827003A8825001A
S31504003C0806C63F0017014099171600D9000D06404D
S31504003C181704809904030011040340993A888D31E6
S31504003C283A888D31040280313A88231080930540FE
S31504003C38171600D93A880B88440080014049064083
S31504003C483A880B10069C3D00440E8000267080B806
S31504003C58440080B8440000B7050080B006413E0021
S31504003C68170380D87400810104B4AD313A8809B0C9
S31504003C78FA900E103A880BB83A888F3917FEBF386F
S31504003C88170580D917FFFF38440000373A880F18FC
S31504003C983A880D1000B308403A880BA83A8809A058
S31504003CA83A882F183A882D10C04E09403A880910C8
S31504003CB83A882710403F09403A880BA83A8809A051
S31504003CC83A880F183A880D10C0A308403A880B188A
S31504003CD81705C0D8040CC09C3A8809100500C01CF6
S31504003CE83A882120170300D9440080003A882328FB
S31504003CF8262280203A8829103A8805003409D000FB
S31504003D083A880F183A880D103A880B883A88098039
S31504003D1800B308403A880B183A8809103A882318D9
S31504003D283A882110C04E09403A8809103A882B105F
S31504003D38403F09403A880B883A8809803A880F1820
S31504003D483A880D10C0A308403A880B181705C0D83E
S31504003D583A880910040C40AD3A88051D050040153B
S31504003D683A882120170300D9440000A53A88232855
S31504003D781EE13FA13A8805E5C4FF3F173A882500A6
S31504003D8834F8CF043A8809B03A880BB83A880D90C3
S31504003D983A880F98C0AB08403A880B183A88091035
S31504003DA83A880D803A880F88C036094016AB3C100D
S31504003DB83A8809003A880B983A880FB83A880DB0B9
S31504003DC8C0A308403A880B183A880F883A8809101D
S31504003DD83A880D80C02509400E47BC00040CC00073
S31504003DE8C4FF3FE7070080E026FDFF10170480D9CB
S31504003DF8440000E7150D80D906AB3C00170FC0D860
S31504003E08171100D93AC8E1203A880700069B3D00F5
S31504003E18440E8000050080B0440080B506C13D000C
S31504003E288400800506F73B00170F00D90E003C01F5
S31504003E38170E80D90E30BC013A8805003409D00023
S31504003E483A880BA83A880F183A8809A03A880D10B8
S31504003E5800B30840440000B13A8821103A88231870
S31504003E68403F09403A880B883A8809803A880F18EF
S31504003E783A880D1000B308403A88110034075002F6
S31504003E883A880B183A880F483A8809103A880D4038
S31504003E98C0AB08403A882D103430BF003A88EF107A
S31504003EA8170D80D8170EC0D83A882980C4FFBF10CA
S31504003EB83A882B88150480D81503C0D806833E0093
S31504003EC8170180D8171100DC171080DC840DC00098
S31504003ED83AC8871806693D00440080013A882130AB
S31504003EE8150F80D9152680D9150E80D906933B005F
S31504003EF83A8821B0150F80DD06903B001E223E103D
S31504003F084C0080B83A0005101E1F3E10061B3E00E2
S31504003F18171600D93A880B98840280013A880F004C
S31504003F2800870640170EC0D83A882710150FC0D840
S31504003F3806D33C0004FBFFDE1503C0DC150280DC57
S31504003F481504C0DF150140DC150000DC3A8827207B
S31504003F583A88252826020020170E802026560010A7
S31504003F680B030091CCFFFF201C00E0180400E018A6
S31504003F780C0280181E2600101701C0901400822017
S31504003F880D0380903A8809100E40C000170A009263
S31504003F98264000400C008420265300101714009471
S31504003FA80B0380900C0180101E48001017074091DF
S31504003FB83A8809983A880D803A880F003AE83E40CC
S31504003FC81E2680800B03809017040091150100902B
S31504003FD8CCFFBD10CCFFFF100C00C4180D03809055
S31504003FE815000091262B00183A8807003A88051808
S31504003FF8151400941704C0DF1703C0DC170280DC0D
S31504004008170140DC170000DC0405C0DE3A2800F876
S3150400401817044094261F008817008090CC00C01807
S31504004028150040943AC86114262500183A880500F4
S31504004038150280900E1700041709C09017074091BF
S315040040483A880D883A880F803A8809983AE83E18DB
S315040040583A88A3883AC8A18016F6BF000B03809055
S31504004068C4FFFF00141080100D0380903A880518C9
S315040040781704C0DF1703C0DC170280DC170140DC15
S31504004088170000DC0405C0DE3A2800F8170F8090F4
S3150400409816BEBF003A8807003A8805181704C0DF19
S315040040A81703C0DC170280DC170140DC170000DCAC
S315040040B80405C0DE3A2800F8401D044006A83F005F
S315040040C8170580901502809006DA3F001701809044
S315040040D8170CC0903AC8A18026B43F18170F8090D1
S315040040E83AC8A18006B13F00170740913A88099853
S315040040F83A880D004400C0013AE83E403A88211047
S31504004108C4FFBF0026028080170A009206A43F0057
S315040041181700C0984407800026DEBF180B0380905A
S315040041283A880780141080100D03809006CF3F004C
S315040041383400410104CF4F293A8807202605002078
S315040041487400810004D0B410170000113A880B18C3
S31504004158C1F303407400810004D1B41017000011A0
S31504004168C1D304403400810004AC9C10150B802094
S315040041783400810004E79C10150880203400C1002F
S3150400418804C8DC183400810004AE9C100D034021D9
S315040041988D0380211509C020150A802015000020EA
S315040041A8150100201502002015040020150500201D
S315040041B815060020150700213A2800F83A2800F8C1
S315040041C83A2800F83A2800F83A2800F8170E80200A
S315040041D804FDFFDE150140DC150000DC1502C0DF16
S315040041E844004004040140013A880D003A8821201D
S315040041F804BB00223A880F20260500101702C0DFE8
S31504004208170140DC170000DC0403C0DE3A2800F876
S31504004218170100213400810004AE9010C400C000C8
S31504004228150F808015B9C08015BA0082150E408412
S3150400423815B80080C0160440170200813A880D8814
S315040042483A880F8084024001C0160440170300818F
S315040042583A880F8084044001840080011702C0DF75
S31504004268170140DC170000DC0403C0DEC116044055
S315040042783A8805003A2800F83A8805003A2800F8EA
S315040042887400810004D0B4101700001134004101F1
S3150400429804A0502941E004407400810004D0B410FD
S315040042A81700001134004101049E502941E00440DE
S315040042B83400410104DE5D2941E0044074008100B4
S315040042C804D1B41017000011812B044004FCFFDE4E
S315040042D8150000DC3A882128150140DC0417400142
S315040042E83A8823203A8809801503C0DF1502C0DC02
S315040042F8004F0040040340113A8809883A88271079
S31504004308401105400403C0103A8823103A88091856
S315040043183A880D983A880B00260B001015010014EC
S315040043281502C0101500001080AB05403A880588B0
S315040043381703C0DF1702C0DC170140DC170000DCD6
S315040043480404C0DE3A2800F83A8823003A88058827
S315040043581703C0DF1702C0DC170140DC170000DCB6
S315040043680404C0DE3A2800F804FDFFDE7400810068
S3150400437804D1B410150000DC17000014150140DC44
S315040043881502C0DF170E80803A88232026260010DF
S3150400439804B800841701808017020081C4FFFF1047
S315040043A8160900180F038020260B0010C4FF7F018E
S315040043B8060200000F03802026070010C4FFFF181A
S315040043C8041700211EFB7F19170080802619001088
S315040043D83A88211006EF3F00C4FFBF004400C0001E
S315040043E88D0380200D03C02015000020150200202F
S315040043F815010020150400201505002015060020C7
S31504004408150C0020150D002015110020151200208A
S315040044183A8805201702C0DF170140DC170000DCC4
S315040044280403C0DE3A2800F83A880980401D04408F
S3150400443806D73F003A88098804014001402D044004
S31504004448150080801EE23F10040380003A880900A4
S315040044581500808806EE3F0004FBFFDE1503C0DC6A
S315040044687400C104044CEF9C150280DC150140DC81
S31504004478150000DC3A8823283A8825201504C0DF6D
S31504004488C01E0A40170280983A8809903A880B0099
S315040044981701C01004FFBF003A70A0183AC8638415
S315040044A8C4FB438C3AD32288C4FF8300C4FF7F8CA1
S315040044B83A9322880E064014002407401702C0982F
S315040044C83A8809903AC84B043A88C7802609C01026
S315040044D8001F0A403A8805001704C0DF1703C0DC2A
S315040044E8170280DC170140DC170000DC0405C0DE77
S315040044F83A2800F83A880990002407403AC84D84B7
S31504004508C4FFFF003A8809903A880B007400C10179
S315040045180484FB39540080312609C01017008038FA
S315040045281702C0983A8809903AC845141500803885
S3150400453815018019001F0A404400800006E63F0062
S3150400454800240740170280993A880F103A88099080
S315040045583AC88711C4038000540040190EDCFF10C2
S315040045687400810004D5B4101700C01074008100CB
S315040045780484BB10150140313AC8C7381500C01069
S3150400458806D33F0004FDFFDE150140DC150000DC00
S315040045981502C0DF3A8821283A882320265A00289B
S315040045A8C01E0A4004FE3F821701404184FFBF0033
S315040045B874008102044CAF523A708E283A88CD4171
S315040045C81701C0301702005104FFBF003A70921851
S315040045D83A881750266700314C0080283A0005109F
S315040045E8150140321E1A00103A880B003A884732E1
S315040045F8170180184C0080101E2300103AC00A28A0
S315040046083A884F3A1E450028170200317400810083
S31504004618044EAF10267B8020170380303A88073A69
S315040046281500C0191502001115038020540080389E
S3150400463815018040261A00283A8809881702C0DF1F
S31504004648170140DC170000DC0403C0DE011F0A4022
S3150400465817FEBF800402C0503AC8914017020041B1
S315040046683A888F382661C020170380403A88473233
S315040046783A880B00150200111503802017018018CB
S315040046884C00801026DD3F10540080383A88073ADB
S315040046983AC00A28150180401500C0191EE63F28AD
S315040046A8C47F80002E1FC0117AD206381E4800180F
S315040046B8FAD00438FA9006103A88CD1A170240310F
S315040046C8265940311701802804FFFF003A70C410A8
S315040046D82E028038170240291EFA7F3117038029D3
S315040046E815038041150240413A8809881503002AB2
S315040046F8150200321702C0DF170140DC170000DC80
S315040047080403C0DE011F0A401702C0DF170140DC9C
S31504004718170000DC0403C0DE3A2800F8170200314B
S3150400472806BD3F00FAD00638440080001701405100
S31504004738FA900818BAD007183A88C92217028021AD
S315040047483A98C41015030041150280413AB08A28E4
S31504004758150200223A8809881501405115030032CA
S315040047681702C0DF170140DC170000DC0403C0DEB3
S31504004778011F0A404C0080283A884D3A1E0700104B
S3150400478817FEBF803AC89140170300411702C0407C
S315040047983A888D301502C02015030019740081006B
S315040047A804D4B410170000115400C0301502005286
S315040047B81501C04036A03F3174008100047ABB104D
S315040047C8170040113A88098800460440069A3F00B3
S315040047D8040180002E07C010040580003619C01095
S315040047E8C4168018FA90061006B33F004400400128
S315040047F8067E3F00BAD10438040E8010FA900610DB
S3150400480806AD3F0015030022150200223A88053A30
S315040048185400C0381500C011150200411501C040E6
S315040048281503004106843F00BAD005104400C000B1
S31504004838170100513A9886183AB0C8201501005154
S3150400484806A73F00041580003604C0103AD304387E
S31504004858841B8010FA90061006973F0004558000C2
S315040048683604C010FAD30438C41D8010FA90061012
S3150400487806913F00045581002E03C010841F800052
S3150400488804FCC000068C3F00BAD40438041F801008
S31504004898FA90061006883F001702803004F5FFDEFA
S315040048A8150900DF150780DD150380DC150AC0DF4E
S315040048B81508C0DD150640DD150500DD1504C0DC48
S315040048C8150240DC150100DC3A882D303A88392077
S315040048D83A882528261C00100B03C0290C028038A8
S315040048E82627001017048028262500108C008038F7
S315040048F8170040B5262800103A8821003A88230074
S315040049083A880D883A8809E004008100266E0080FA
S315040049183A880F80170740912E0100143A880F1021
S315040049281709C0903AE83E183A8807103AC8A18091
S315040049383A88A3880E6D8000170280B03AC8C5105D
S31504004948150280B01EEE3F103A8809003A88052001
S31504004958170AC0DF170900DF1708C0DD170780DD4F
S31504004968170640DD170500DD1704C0DC170380DCD5
S31504004978170240DC170100DC040BC0DE3A2800F8F5
S31504004988806002401EE400100B03C091170040B576
S315040049988C0080381ED83F104C0080383A00051029
S315040049A8265700103A8829003A882F00264200A084
S315040049B80C80803817020094268B00103A880D80E4
S315040049C836A500A40C2081382627001017058090E8
S315040049D817040092170040913A8887103A88871876
S315040049E8FAD708183AC8212A440080803A88C92088
S315040049F87AD027203A8885A03A880D982E0280987E
S31504004A083A8827103A880D100C00813826B8001009
S31504004A183A880B303A8809E04011054026310010DF
S31504004A28170440913A8809103A880D803A88231069
S31504004A38809305400B03C090C4FFBE003A708618E5
S31504004A481420C0180D03C0903AC8079C3A88058CF0
S31504004A583A880DA03A8821A0150080901502C090C6
S31504004A68150440941505C094170000913A880BB8AC
S31504004A783A8823A0809D05401702C09017008090AD
S31504004A883A8827A03AC8071C3A8805141502C09024
S31504004A983A8821A015008090170280B03AC80514F8
S31504004AA8150280B026A83F103AC869A40B03C09122
S31504004AB83A88EFBC1EBE3FA01700C0AD170100AD73
S31504004AC8040240AD06B93F00170040AC170100AC1C
S31504004AD8040240AD068A3F00170440913A8809E06B
S31504004AE8C058044004038000150080E00B0380903E
S31504004AF8C4FF3F01141080100D03809006933F00F5
S31504004B083A8827003A882F00150000D83A882900E1
S31504004B18261E00981700C0D83AC00418265E00104E
S31504004B283A8821982E01C0A43A8821A0170000913A
S31504004B3817048090170280911705C0912E02001160
S31504004B483A88E3311616008C1638C0811709C090C6
S31504004B58170740913A8809E03A880DB83AE83E18AA
S31504004B683A8823100EE1BF003AC869A4261800A0A3
S31504004B78170280B03AC84514150280B026723F1051
S31504004B883AC8679C3A886FBC1EE23F981700C0ADC6
S31504004B981701C0AC040240AD150000D806DC3F007E
S31504004BA83A880BB83A880D88809D05401700C0904E
S31504004BB83A8809E03A880B903A88471C1500C09051
S31504004BC8C0F303401EC93F103AC869A41EE83FA0B3
S31504004BD83A8809E03A880B90C0F303401EC33F1095
S31504004BE8150000D806E23F001700009117048090CC
S31504004BF82E0200113A882380363100851705C091A4
S31504004C083618C0A11709C090170740913A8809E0D9
S31504004C183A880DB83AE83E183A8821100EB3BF0010
S31504004C283A8823103A882710069B3F003A880BB81F
S31504004C383A880D80809D05401702C0901700809021
S31504004C483A8823803AC8071C3A8805141502C09086
S31504004C581500809006C43F003A880DA03A8821A022
S31504004C6806813F003A880BB83A880DA0809D054016
S31504004C781702C090170080903A8821A03AC8071DE9
S31504004C883A8805153A8823A03A8827A01502C090C1
S31504004C981500809006803F003A8809B884024001CE
S31504004CA83A880D9840850540261700103AC8C51558
S31504004CB84400001544008000150080D806983F007B
S31504004CC83A880BB83A880D80809D05401700C09035
S31504004CD83A8809E03A880B903A88071C1500C09070
S31504004CE83A882780C0F30340266B3F10067F3F00AF
S31504004CF83A880B403A8809E0C0BD064026763F103C
S31504004D083A88231006503F004400C0004400009D22
S31504004D181500C0D806823F000B0380904402C000E9
S31504004D28C4FF3F01141080100D0380901500C0E0E5
S31504004D3806063F0004F7FFDE1503C0DC04B8C024EA
S31504004D48150680DD150540DD1508C0DF1507C0DD2D
S31504004D58150400DD150280DC150140DC150000DCB5
S31504004D683A882B203A882D28401C0440262100988E
S31504004D783A882F001701809C1702009CC4FFBF9035
S31504004D88160D00103A882300C4FF3F050F038080E0
S31504004D984400408C260600108F0380803A880B80D6
S31504004DA83A8809A8260200153AE83EB03AB0AEB8E1
S31504004DB8041700841EF57F941700C09C1EED3F98C7
S31504004DC8801C04403A8805B81708C0DF1707C0DDF9
S31504004DD8170680DD170540DD170400DD1703C0DC60
S31504004DE8170280DC170140DC170000DC0409C0DE6A
S31504004DF83A2800F83A882F0006F13F0004F8FFDE47
S31504004E081503C0DC04B8C024150540DD1507C0DF4A
S31504004E18150680DD150400DD150280DC150140DC6D
S31504004E28150000DC3A882B28401C0440261F0098ED
S31504004E383A882D001701809C1702009CC4FFBF9076
S31504004E48160C00103A882300C4FF3F050F03808020
S31504004E584400408C260500108F0380803A88098018
S31504004E68260200153AE83EA83AB0ACB00417008406
S31504004E781EF67F941700C09C1EEE3F98801C0440C3
S31504004E883A8805B01707C0DF170680DD170540DD29
S31504004E98170400DD1703C0DC170280DC170140DCA9
S31504004EA8170000DC0408C0DE3A2800F83A882D000A
S31504004EB806F23F001703A0D03A2800F874008100D0
S31504004EC804A8AD103A2800F87400810004D0B41080
S31504004ED81700001141EC044004FCFFDE7400C10015
S31504004EE804A3ED18150280DC150140DC150000DC6E
S31504004EF83A8823203A8825281503C0DF3A882130C2
S31504004F083A8809303A880B1826090030C03F07400A
S31504004F183A8809807400410104706D291E0B00103B
S31504004F28150D008C150C808C7400C10004A3ED18B3
S31504004F383A8805181703C0DF170280DC170140DC1E
S31504004F48170000DC0404C0DE3A2800F8C03F074016
S31504004F583A88070026F23F1006F53F0074008101DF
S31504004F6804D0B4313A880720170000313A880D284E
S31504004F783A880B1801EE04400B03802804EDFFDE83
S31504004F88151040DC8C008010150F00DC1512C0DFEC
S31504004F98151180DC3A8821283A882320260B00102C
S31504004FA8C410C02844008000150580281504C028AC
S31504004FB81500C0281712C0DF171180DC171040DC53
S31504004FC8170F00DC0413C0DE3A2800F88F034029C3
S31504004FD8162100283A880DD8C0780740161E0010F6
S31504004FE8170180D81400E0000C003C112631C020BB
S31504004FF80B0380800400C800140082100D0380800F
S31504005008261EC020040081043A8809883A880B9031
S31504005018401105403A880910263100100B03C08058
S315040050283400810004AE9010150F80881420C0182F
S31504005038150580840D03C0801504008115000081C0
S315040050481712C0DF171180DC171040DC170F00DCBD
S315040050580413C0DE3A2800F80B03C0800C2080181D
S315040050682604001004108004140082180D0380809E
S3150400507806E53F000400810406FB3F008F034081D8
S315040050883A8809880080074026DE3F100B03808093
S31504005098C410C08004008104540080100D0380806D
S315040050A8440080001504C080150580801500C08062
S315040050B806D53F00170AC0803400810004AE9C1050
S315040050C81ECBBF180B0380800400C1003A8825183C
S315040050D83AB0C4100D0380801513C08006CA3F0079
S315040050E80B0300810C8080201EB23F10C410C080C0
S315040050F89400002144008000150580800D0300817A
S315040051081504C0801500C08006AA3F0004F6FFDE19
S31504005118C402C02884058000150280DC1509C0DF96
S31504005128150800DF1507C0DD150680DD150540DD09
S31504005138150400DD1503C0DC150140DC150000DC90
S315040051483A8825203612C010040440042E144089D7
S31504005158040380003A880700150080903A880518E9
S315040051681709C0DF170800DF1707C0DD170680DD3B
S31504005178170540DD170400DD1703C0DC170280DCC1
S31504005188170140DC170000DC040AC0DE3A2800F8E0
S3150400519804FEBF003A70A21816ED3F8836EC7F89E4
S315040051A83A880990C01E0A40C47D80002E2B4014FC
S315040051B87AD206881E3F0018FAD00C88FA90043072
S315040051C87400C102044CEF5A3A88CB121703002C18
S315040051D83A880F581E04002C060A00000E8600188A
S315040051E8170300842607002C1701808004FFFF009C
S315040051F83A70C8103AC84724C40380000EF7FF1053
S31504005208C4FFBF314400403274008102044EAF52D9
S315040052181702005426A080821701808004FFFF002D
S315040052283A70CA103AC84D2CC403800016838011FC
S315040052381503805215028052162900303A88478190
S31504005248170180183A8809905400801015018018AF
S31504005258001F0A400402C08006C03F007400C10251
S31504005268044CEF5A3A88C58A170300143A880F582B
S31504005278FAD00688266C00141701C08004FFBF0004
S31504005288170380813A7086183A88C78017018018F0
S31504005298170240813A880990540080101501801835
S315040052A81502403115038029001F0A400402C080F4
S315040052B806AA3F00040180002E05C01004058000DC
S315040052C83678C010C4168019FA90043006BC3F001C
S315040052D8BAD10488040E8011FA90043006B83F0047
S315040052E8C47F800036BB4011FAD0062804FE3F5717
S315040052F844008000FA900818BAD007181701C0E1CC
S315040053083A880959170240213A98C41015030081AE
S31504005318150240813AB08E381503002C1502002474
S315040053281501C0E13A88074816CD0048BAD00718CF
S31504005338440080003A98C810364400393A70C421AB
S315040053481E0A00103A88092104FFBF003A708448EF
S315040053583A700639040140121E0400183A880921D5
S315040053683A7004390401404A26FC3F10FA9004486E
S315040053783A88194804FF3F023A889B583A880768CE
S31504005388C40340011703001C1E04001C06A70000E2
S315040053980EAB00301703008426A4001C1701808076
S315040053A83A7004123AC84D140EF9BF29170300813E
S315040053B81702C080540040893A8845841502C020E3
S315040053C815030019150140813A88871154000031E4
S315040053D81503805015028050150080191501001117
S315040053E815028012150380123A880990001F0A4094
S315040053F80402C08006593F003A88098117018020B3
S315040054081702C080170340815400801015018020BC
S315040054181502C028150340193A880990001F0A4046
S315040054280402C080064D3F0004028080170300145E
S315040054381E913F148400401A06733F005400C08826
S315040054483A8845841501C08006DF3F00170200E448
S3150400545804FFBF001701C0803A882D803A70AA1845
S31504005468361640AC3AC849ACC40380000E13001182
S31504005478540080883A884784150180805400802027
S31504005488150180181502C0E03A880990001F0A40E1
S315040054980402C08006313F001701C03904FE3F5795
S315040054A806A03F00041580003667C0103AD3048866
S315040054B8841B8011FA90043006413F0017AAA6D02F
S315040054C81705E0D0C4FF3F05040480103A88A7886E
S315040054D82603001DC4FFC3980400BC003A70A6182E
S315040054E83A8809903A880B98002407403A880910A4
S315040054F8260400153A884B853A8829102E5A4011F5
S31504005508260C0087170200E41701C08004FFBF00B9
S315040055183A708418360340143AC84914C403800000
S3150400552816D33F113A880990001F0A403A880700A3
S31504005538060A3F007400C1050484FBBD170080B841
S315040055483A888D98150080B91705E0D0C4FFBF00C6
S31504005558268E80183AC845213A888530150080B8C1
S31504005568CC01C0201E5F00183A880B003A88C5A4EF
S31504005578CCFF83100400C4003AC887183A88E72881
S315040055883A8809903A880B98002407403A88071005
S31504005598C4FFBF00267A80183AC8051D3A8885983C
S315040055A85400C010170080B83A8821A01501C0A07D
S315040055B83A888598150080B8150200E5263600B79E
S315040055C8C4038001364B403544008000150180A091
S315040055D806CD3F007AD208281E370020FAD00828BC
S315040055E8FA9006203A88D11A17028041265B804130
S315040055F81701803004FFFF003A70C4102E02802879
S31504005608170280311EFABF41170300321701C03949
S31504005618150300821502808174000107044C2FE7E4
S315040056281503003415020044063E3F004400006397
S31504005638CC008060265D00100402C01806513F00A5
S315040056483A888980066D3F00045580003620C010CC
S31504005658FAD30488C41D8011FA90043006D83E0093
S31504005668C400C04806313F007400C1050484FBBD6C
S31504005678170080B83A888D98150080B91EB23F295C
S31504005688CCFF83201EB03F10170200E43A88459DDC
S3150400569854008010150180801700C0B817ABA6D037
S315040056A82E01C01015ABE6D017ACA6D02E96FF1067
S315040056B815ACE6D006943F0004018000361E00119E
S315040056C8BAD10428040E0011FA90062006C53F0034
S315040056D8045581002E1DC010841F800104FC80001F
S315040056E806B73E00040280003AC8CB103A886921FE
S315040056F8069E3F0004FEBF0004FD3FA93A708820B9
S315040057083A880BB14401C0001502C0281501C02807
S31504005718170180B04C0080103AB08420150180B07F
S315040057282EDD3F31040240B13A880990C05804403E
S31504005738170200E406D83F00040580003615001158
S31504005748C4160021FA90062006A63F00BAD4048897
S31504005758041F8011FA90043006993E00BAD0092035
S3150400576874004101044C6F294400C00017018028C5
S315040057783A9806193AB0C4101501802806A33F00C2
S315040057883A8827004400C00006863F00150520D144
S3150400579806733F0004158000361900113AD304280D
S315040057A8841B0011FA900620068E3F003A880B489F
S315040057B83A880768CC00802804FEFF18C4FF7F29AE
S315040057C8261500101702801826FAFF103A880921B0
S315040057D8361E3F39261D3F203A70C4212602001082
S315040057E83A88136006E13E003A8809213A7004397A
S315040057F80401006326FC3F103A88136006DB3E006A
S315040058080455800036080011FAD30428C41D001173
S31504005818FA90062006733F003A3004013A708E382F
S315040058281501C0E106E93F00045581002E03001165
S31504005838841F000104FCC000066A3F00BAD4042889
S31504005848041F0011FA90062006663F00C400800073
S31504005858CC3F40293A8807202E0280113A708420CA
S31504005868260B0010C4FF3F311E050030062C00002D
S31504005878C4FF3F21C4FFBF004400C0182628802067
S31504005888030080181EFABF283A8805183A2800F833
S315040058983A8811003A8807000401C0013A92044084
S315040058A84400C0183A8851111EFCFF19F4BFBF0200
S315040058B8C4BFBF52742060020420604AC400C002F8
S315040058C81700802004FFBF313A880F203AF00412EB
S315040058D83A8887123A70461A3A3084003A70C410E5
S315040058E8260B001003008020260F80284300802002
S315040058F84400C021260C8028830080208400C0210F
S3150400590826098028C3008020C400C02126068028D2
S315040059180401002136EABF593A88072006D13F0018
S315040059283A8805003A2800F83A8805383A2800F8EB
S31504005938C403C0013A8807202E0380393AB00429E3
S31504005948CC00801026090010260600303A88CD308F
S315040059580300802844004029050080184400C01824
S315040059681EFBFF303A8805203A2800F83A88113891
S315040059783A880F201700C02804FCBF311500C03828
S3150400598817018028150180381702C0281502C03867
S315040059981703802804044029150380380404C039F1
S315040059A836F4BF41C40080002E0780113A880710D8
S315040059B81700802804FFBF310401402915008038E8
S315040059C80401C03936FABF193A88073806DE3F009B
S315040059D83A8807283A8811202E0C00293A888F29F4
S315040059E82E0AC021260700303A8887213AC88D191D
S315040059F8C4FFFF3903008038C4FFFF180500801868
S31504005A081EFBBF193A8805203A2800F8C403C001CA
S31504005A18360A803926FB3F303A880F403A880D32D9
S31504005A280300802844004029050080384400C03912
S31504005A381EFBBF393A8805203A2800F83AB00419FB
S31504005A48CC0080101EF33F103A8811383A880B1898
S31504005A583A880F201700C02804FCBF311500C03847
S31504005A6817018028150180381702C0281502C03886
S31504005A781703802804044029150380380404C03910
S31504005A8836F4BF41C40080002E0780113A880710F7
S31504005A981700802804FFBF31040140291500803807
S31504005AA80401C03936FABF193A88113806D93F00B5
S31504005AB8C4008000CC3F40293A8807202E02801172
S31504005AC83A70842026080010260500303A880528EE
S31504005AD83A88CD30050080184400C0181EFDBF1949
S31504005AE83A8805203A2800F83A920428C4030002A2
S31504005AF83A880F203AB084283A9406103AB0C61069
S31504005B082E0A80413A88054004FCBF311500C03886
S31504005B181501C0381502C0381503C0380404C03945
S31504005B2836F9BF11C40080002E05801104FFBF3169
S31504005B38C40080001500C0380401C03936FBBF1103
S31504005B483A88073806E03F00260800281701802807
S31504005B58171300213A8885103A8885103A88051162
S31504005B681700C0101500C028150040113A2800F87F
S31504005B78ECFFBF20261400103A8807002CC0BF206B
S31504005B881E0200103A9208200402C0182C00BC20F9
S31504005B981E0200103A9108200401C0182C00B020F7
S31504005BA81E0300103A8805218400C0183A88891013
S31504005BB8160300202C009020260600104400C01866
S31504005BC83A8805183A2800F83A9408200404C000CC
S31504005BD806EA3F000408C0003A8805183A2800F87F
S31504005BE81700C020CC018018260A00104C00801823
S31504005BF83A000510262100108C0080181E25001076
S31504005C08BAD0041884004001150080203A88052873
S31504005C183A2800F8CCFFBF18261500103A880B005E
S31504005C28CC3F80181E0200103AD2061804024029F6
S31504005C38CC0380181E0200103AD106180401402924
S31504005C48CC0080181E020010BAD006188400402919
S31504005C584C0080181E0300107AD00618260A00186D
S31504005C68440040293A8805281500C0203A2800F837
S31504005C783AD406180404400106E93F003A880B00A2
S31504005C883A8805283A2800F8040840013A8805287D
S31504005C983A2800F87AD004184400400115008020F8
S31504005CA806DA3F00170480201704C0283AC8CF1024
S31504005CB81E0C00383A88C5183A8885100405C010A1
S31504005CC8040500213A88CB283A88852004FFBF10AA
S31504005CD804FF7F29170080111700C0281E03C0304F
S31504005CE836FABF203A8805383A2800F83603C03011
S31504005CF84400C0013A8805383A2800F8C4FFFF0171
S31504005D0806F83F002CFC5F2934303F013A880B29FA
S31504005D183AC845013AD507103A880D000E044001E1
S31504005D283A880F283A8807383A8805303A2800F816
S31504005D38C404800004FB3F190E0CC010C40780007D
S31504005D483AC807118407800044004001160200116E
S31504005D58440080003A98CA103A880F003A880D28F9
S31504005D683A8807383A8805303A2800F83402800019
S31504005D783AD8CF103A880D003A8805303A88073859
S31504005D883A2800F81704802004F9FFDE150400DD1C
S31504005D983A888510040500253A888510150000DC24
S31504005DA83A88A1A0150540DD17FF7F85150140DC5B
S31504005DB81506C0DF3A8809A83A8823281503C0DCE3
S31504005DC8150280DC80B705403A880B100408800069
S31504005DD83AC84511150080888402800004FFFF80B4
S31504005DE816144011C40280003AC849113627C0A0C7
S31504005DF83A880D00440580283AD806A93A9884A812
S31504005E0834FCCF1C3AB0A4113A8805903A8807980E
S31504005E181706C0DF170540DD170400DD1703C0DCCD
S31504005E28170280DC170140DC170000DC0407C0DE1B
S31504005E383A2800F8360EC0A044FD3F293A880D00DA
S31504005E48260F0020040880003AC80B113612C0A099
S31504005E583A880F003A9804A93AD846313A9808314C
S31504005E6834FC8F103AB0A6183AB0243906E63F0037
S31504005E7844FD3F2917FEBF8104FEFF801EF13F2023
S31504005E8834FCCFAC3A88253006DF3F0017FFBF182D
S31504005E983AD80C1106D73F0017FFBF183AD84E1147
S31504005EA806EC3F0004F9FFDE150240DC3A88232895
S31504005EB83A880BD81506C0DF150500DD1504C0DCC5
S31504005EC8150380DC3A882520C0D805403A88098815
S31504005ED8040140D93A8827103A882918C0D80540B9
S31504005EE8170400891704C091170180D93A880B183A
S31504005EF83AC80F393A880910170080D87A910E38AB
S31504005F083A8811203AC885113A88C5113A95061077
S31504005F183A8813280E0D80003A88291D3A880BA062
S31504005F283A880F483A8809983A880D4040EF08405D
S31504005F381706C0DF170500DD1704C0DC170380DC6D
S31504005F48170240DC0407C0DE3A2800F83AC8D3280A
S31504005F5806F23F0004FEFFDEC4058000150000DCDF
S31504005F681501C0DF3A882120160C0011FA90042086
S31504005F787400C10004B4ED183A88C510170140121C
S31504005F88170000123A8807483A8805401701C0DF07
S31504005F98170000DC0402C0DE3A2800F83A8811002B
S31504005FA834FC4F023A8805003409D0003A880B4875
S31504005FB83A8809403A880F183A880D1000B3084001
S31504005FC8C4FF3F843A8811103A8813181EF53F8097
S31504005FD83A8805403A8807481701C0DF170000DCED
S31504005FE80402C0DE3A2800F8C4FF7F29170480306B
S31504005FF87AD10B28040580313A8885103A884B29CA
S315040060083A884B293A8885103A880B293A88873082
S31504006018040140292E05C030170080300401803160
S31504006028150080200401002136FBFF302E03402191
S31504006038150000200401002136FD7F213A2800F8C6
S31504006048170480207AD10728040500210E0DC010F4
S315040060583A8885103A8885103A888D202E1880212A
S3150400606817FFBF3004FFFF301E0400102E14C02093
S3150400607804FFFF181700801826FC3F104400800010
S315040060883A2800F80E0A8018CC0740292608002862
S315040060983A88C5183A8885103A888D201700C03082
S315040060A83AD844193A9844111EF4BF1806EB3F002F
S315040060B83A88C5183A8885103A888D2006E73F003D
S315040060C83A8805003A2800F81713C02004FBFFDEB7
S315040060D81503C0DC150280DC1504C0DF3A882528C0
S315040060E8150140DC150000DC3A88272004048001E9
S315040060F80401400126170018440040013A88859493
S315040061083A98A22C3A8885103A88C7101700001CBA
S315040061183A884D8C3A888D313A8809980405803135
S315040061282612008017008080150080181504008048
S31504006138150300803A8805801704C0DF1703C0DCFE
S31504006148170280DC170140DC170000DC0405C0DEFA
S315040061583A2800F8005307403A8807103A8821007D
S31504006168151380981EE43F1006F23F0000530740BB
S3150400617826F03F103A8821101501801415024014A0
S3150400618806EA3F0004F5FFDE1505C0DC4400C0043A
S31504006198150200DC3A8821283A880B981509C0DDCF
S315040061A8150880DD150740DD150600DD150480DCBD
S315040061B8150340DC150AC0DF3A8823303A882D389F
S315040061C8170BC0DD000D06403A8825103400A000E0
S315040061D8C4FFBF103A7088883AD52A203404800050
S315040061E8C4FFBF103A7086883A0029A83A880B80FB
S315040061F81501C0D8040500941E0200A03404C01872
S315040062081501C0D8262700283A8809D8150040D988
S3150400621880BE05403A880D10263500101701C0D8EF
S31504006228040880003AC88511170000D93A988618D8
S315040062383AB006191505C0901701C0D83AD8861978
S315040062481501C0D83A000B18840080003AC84B11CF
S315040062581501C080150440911E1A00A03A884535D8
S3150400626844F3BE10440DC000150080B03AC887191F
S315040062781500C0B83A880590170AC0DF1709C0DDAB
S31504006288170880DD170740DD170600DD1705C0DC93
S31504006298170480DC170340DC170200DC040BC0DE9D
S315040062A83A2800F8040100D980BE05400408801184
S315040062B8170180D81504C0943A880B981505809060
S315040062C826E63FA03A8845293A8885103A8805146F
S315040062D817FF3F1184F3FE307A9120281500C0B0C9
S315040062E880B705403AC8A180150000BC06E13F0006
S315040062F8170080D8150580901701C0D806D13F002D
S3150400630804FBFFDE150000DC3A882128150280DC30
S315040063183A880B303A8825203A880980150140DCEA
S315040063281504C0DF1503C0DC3A882330C0CA05400B
S3150400633826420010165000103A882700170140819B
S315040063483A880990000D06403A8819101704808285
S3150400635817048088040580813A8887523A8885100C
S315040063683A88C7183A8885100405008A1503C06454
S315040063783A88DB303A8897400405C0613A881300A6
S31504006388170000311700404104010042CCFFBF202A
S31504006398CCFFFF283AC8C5103A8845123AD40820D3
S315040063A83AD40A283AD407100D0080383AC8492145
S315040063B83A88C9208D000039040180310401C039A6
S315040063C83AD4132036EEFF422E0C403317008030A1
S315040063D804018031CCFFFF103A88471A3AD40410D6
S315040063E83AD409180D00C0383A8805118D0080384A
S315040063F83AD413100401C03936F47F3317FFBF3873
S3150400640804FFFF381E04001004FFFF181700801845
S31504006418C4FFBF5226FC3F103A8805601504806203
S315040064281704C0DF1703C0DC170280DC170140DC41
S31504006438170000DC0405C0DE3A2800F83A880990FB
S315040064483A880B00000D06403A881910440080006B
S31504006458150480603A880560150500601704C0DFD6
S315040064681703C0DC170280DC170140DC170000DCC8
S315040064780405C0DE3A2800F83A880D884400C004AA
S315040064883A8823803A88213006AC3F0004F9FFDEB7
S3150400649817048028150000DC7AD121301702C02899
S315040064A844008010150140DC3A88A380150540DDB8
S315040064B8150400DD150280DC1506C0DF3A88252898
S315040064C81503C0DC3A8829303A882B20170140295D
S315040064D80E03401C3A88C7184400402916FD7F1C41
S315040064E83A8809A8000D06403A8827100405401181
S315040064F80E0900043A8805283A8807004400C0189B
S3150400650815000010040180101EFCFF803A880584DB
S315040065183A8885103A888B281704809004050091D8
S31504006528CC0780A13A8885103A8885103A888F2046
S31504006538261E0030040880003AC891113A880700DC
S31504006548170080203A9884113AB0841815008028D8
S315040065581700C02004010021040140293AD8061A6C
S3150400656836F7FF211500C028260100184400408C80
S31504006578C4FFBF88150480983A8809A83A880B90FE
S3150400658800B505403A8805981706C0DF170540DDAB
S31504006598170400DD1703C0DC170280DC170140DC92
S315040065A8170000DC0407C0DE3A2800F8170080202C
S315040065B80401002115008028040140292EECFF213E
S315040065C817008020040100211500802804014029B1
S315040065D836F6FF2106E63F0004F0FFDE150880DCE8
S315040065E8150740DC1704802C170440341509C0DC51
S315040065F8150600DC150FC0DF150E00DF150DC0DD0E
S31504006608150C80DD150B40DD150A00DD3A882128B6
S315040066183A8827300E0440943A8825881704402C73
S315040066283A8827283A882130170280803A8847947E
S315040066381504C0D8170140810E01C0104400402932
S31504006648000D0640150580D8170400D91705C0D8CB
S315040066583A8805213A888510040500193A88852060
S31504006668150380D82E0580203A8805201703C0D83C
S31504006678150000100401801036FCFF103A88458C7A
S315040066883A8887940405C09D3A88851004050084D1
S315040066983A88C7183A8885B8150000DC150280D8E8
S315040066A83A88F9802E4380B8150100D9170000B935
S315040066B8CCFF3F25261A00A01700C0DC170180DC92
S315040066C83A882B001700409C170000943A8809A0C2
S315040066D8CCFF7F89004F00403AD40A88CCFFFF805C
S315040066E83A88C7A83A8809A03A88E3103AD4208099
S315040066F8004F00403AD406883A8805140401C09C21
S315040067083A8887188D00C0900D0040943AD42A1808
S315040067180401809436EB3F9F15004095170000B995
S315040067283AD42A20261C00A8170100D9170000DD30
S315040067383A882D001700C0243A8825203A882398D9
S31504006748170000A43A8809A8040100A5CCFF7F8194
S31504006758004F00403AD406883AD40A800D00C09403
S315040067683A88C7B03A88E1108D0000943A8809A897
S3150400677804018094004F0040170040943AD42080C6
S31504006788CCFFFF883A88C5103A88A7803AD42C9853
S3150400679836EB3FA71500C094170280D80401C0BD84
S315040067A82E0480B81701C0D80401C0181501C0D832
S315040067B806BE3F00170400D90E0C00011703C0D803
S315040067C817FFBF1804FFFF1826030010060700006A
S315040067D8170080181E050010170400D904FFFF18B7
S315040067E8C4FF3F21150400D91EF93F20170480D899
S315040067F81705C0D8150480183A880518170FC0DF7E
S31504006808170E00DF170DC0DD170C80DD170B40DDF2
S31504006818170A00DD1709C0DC170880DC170740DCF7
S31504006828170600DC0410C0DE3A2800F804FDFFDE73
S31504006838150000DC44000004150180DC3A8825288C
S315040068483A880B801502C0DF000D064015040014B3
S31504006858150580141702C0DF170180DC170000DC59
S315040068680403C0DE3A2800F804F6FFDE150680DDC8
S315040068781704802D150800DF1507C0DD150540DD52
S31504006888150400DD1503C0DC150280DC1509C0DF1C
S31504006898150140DC150000DC3A882F283A8839208F
S315040068A83A882B303A8829380405802C3A882700F8
S315040068B8170040943A880BA84400C09CCCFF3F8933
S315040068C8004F00403AD408883A8821153A880BA81C
S315040068D8004F00403AD40880CCFF3F843A8805111B
S315040068E83A9406103AD428103A88071C1500C09022
S315040068F80401809416EEBF9D260800A0170280B8EE
S315040069080E1380B03A8885B53A8885103A88C51535
S315040069184400C0B0150500151504C0B83A8805B872
S315040069281709C0DF170800DF1707C0DD170680DD63
S31504006938170540DD170400DD1703C0DC170280DCE9
S31504006948170140DC170000DC040AC0DE3A2800F808
S31504006958170140B93A8809E044004029000D064069
S31504006968170480B9040340B9040300113A888D3129
S315040069783A888D31040280313A8823108093054081
S315040069883A880BB83A8809E000B505403A882F8852
S3150400699806DC3F0004FAFFDECC008030150400DD77
S315040069A81503C0DC150000DC1505C0DF150280DC04
S315040069B8150140DC3A8821303A8827203A88292864
S315040069C81E2B0010BAD02580261B00901712009C97
S315040069D81E080080063000003A880B803A880D802D
S315040069E83A8809982614009017008080261B001000
S315040069F83A8821104C0080903A0005107AD02590E8
S31504006A083A880D803A8809983A880BA01EF23F10F6
S31504006A18005E06403A880BA03A8809983A882310FB
S31504006A2800B505403A8829883A880B803A880D804B
S31504006A383A8809981EEC3F903A8805A01705C0DFE6
S31504006A48170400DD1703C0DC170280DC170140DCDD
S31504006A58170000DC0406C0DE3A2800F8005E06408B
S31504006A68150080803A8821101500001006E13F00C1
S31504006A783A8885107400C10004FAED183A8885101E
S31504006A883A88C51017FFBF113A880F0000870640D9
S31504006A983A88291006CB3F003A880998449C400155
S31504006AA840830640151280983A8821101500001074
S31504006AB806D03F0004F9FFDE1503C0DC150280DCAE
S31504006AC83A8827283A8825204402400104020039D6
S31504006AD8150400DD150140DC1506C0DF150540DD8B
S31504006AE8150000DC3A8829383A88233000420040E9
S31504006AF84400C0000E3580183A880B003A88C71837
S31504006B084400402916FDBF183A880990000D06402E
S31504006B183A881110170780D84400C000440280013F
S31504006B28150580401504C0400E2640343A882130A5
S31504006B383A88AB993A88059C0700C0113A880B40F5
S31504006B483A88099004F4FF398402800100870640D4
S31504006B58440000843A8811101EF63F8C3A8845ACE6
S31504006B6804FE7F113A880D880E0C00353AC885A1B3
S31504006B783A8821283A88A3280700C0813A880B4016
S31504006B883A88099004F4FF39840280010087064094
S31504006B98440000843A8811101EF77F843A88054019
S31504006BA81706C0DF170540DD170400DD1703C0DC30
S31504006BB8170280DC170140DC170000DC0407C0DE7E
S31504006BC83A2800F88402409906E73F003A880B0001
S31504006BD806CD3F0004F4FFDE150880DD150480DCCD
S31504006BE8150340DC150BC0DF150A00DF1509C0DDE7
S31504006BF8150740DD150600DD1505C0DC150200DCA9
S31504006C083A8825283A8823303A882D2026C9002828
S31504006C18C01E0A4004FE3F94C402C088840580004E
S31504006C28170100822E1BC01004FEBF003A708E188E
S31504006C383A883938161A0038361940E404FF3F01F1
S31504006C483A7026411626C0993A882B803A8829989C
S31504006C58040200843A880FA83AC80DA7C403800022
S31504006C6836C18011170180383A8849A54C0080102E
S31504006C783AB084A0150180381701C0205400C01802
S31504006C881501C0203A8809B0001F0A403A882380B3
S31504006C98060600000404C0013A8839382EE77FE462
S31504006CA8040380003A882300150080B03A880588D2
S31504006CB8170BC0DF170A00DF1709C0DD170880DDC8
S31504006CC8170740DD170600DD1705C0DC170480DC4E
S31504006CD8170340DC170200DC040CC0DE3A2800F86F
S31504006CE874008100044CAF10170240123A88CD8410
S31504006CF83A882B8026B940321701403184FFBF00F9
S31504006D083A7084283A8885111701C0104C00C018B7
S31504006D183A00071826A300183A7008293A882999C8
S31504006D280EA3C0A14C0080401E5500101700808099
S31504006D383AC8AF801701C0B804FFBF003A70841878
S31504006D48262E003026B940323A88A9983A88092569
S31504006D58150000D9162AC021170380301702C0303F
S31504006D680409400104FFBF99150380181502C010D1
S31504006D78170300B9170280B83A882BB8040200BC76
S31504006D88150280201503001136E48029C404800006
S31504006D983A8809903A8811802E0F8011170080903E
S31504006DA8040400BA04020091150280B81701C090C1
S31504006DB8C40680001503C0B82E0780111702C090B8
S31504006DC8040600BA040400911504C0B81703809099
S31504006DD8150580B826E7403117008020170000DD26
S31504006DE83A880FB8150080401701C0201501C04025
S31504006DF8170280201502804006973F003A88A99812
S31504006E08161FC0A11703C0B8170280B804FFBF999C
S31504006E18040940013A882BB8150280181503C010D6
S31504006E28040200BC36C38029C40480003A88099049
S31504006E383A8811802E0F801117008090040400BA36
S31504006E4804020091150280B81701C090C406800098
S31504006E581503C0B82E0780111702C090040600BA9D
S31504006E68040400911504C0B817038090150580B86A
S31504006E7826C74031170080203A880FB806D93F0044
S31504006E883A880B883A8809B0401105403A88231095
S31504006E98262500101701808084FFFF0004FE3F8921
S31504006EA83A70C4103A8885802695802004FFBF99D5
S31504006EB80409C00136458039C40480003A8809901B
S31504006EC83A880B882E0F8011170080900402408997
S31504006ED804020091150080881701C090C40680003A
S31504006EE81501C0882E0780111702C0900404408932
S31504006EF8040400911502C08817038090150380883E
S31504006F082691C03117008020150080281701C0205B
S31504006F181501C02817028020150280283A880B908C
S31504006F283A8809B0C05804403A8809B0001F0A4094
S31504006F38065E3F003A880B30170BC0DF170A00DFDE
S31504006F481709C0DD170880DD170740DD170600DDC1
S31504006F581705C0DC170480DC170340DC170200DCC5
S31504006F68040CC0DE41110540170180383A884BE508
S31504006F78540000314C0080103AB0041715018038CB
S31504006F88150100293A88872917018018040240291F
S31504006F983A8809B05400801015018018C058044076
S31504006FA806383F003A880D003A880900065D3F0016
S31504006FB81702C030170380303A880F800402008411
S31504006FC81502C0101503801806233F003A8809885D
S31504006FD83A880B90809D054006D03F001701803003
S31504006FE80404C0E03A7008113A880599164DFF1052
S31504006FF83AC805173A880B8754008010150180286B
S315040070081701C08074008100044CAF103A8809B097
S315040070184C00C0183AB0C6E0150240111501C080EC
S31504007028001F0A400402408406203F003A88A998B3
S315040070383A880925040480E0150100D91670BF2092
S315040070481703C0B8170280B804FFBF9904094001A2
S31504007058150280181503C010040240BC3641802965
S31504007068C40480003A8809903A880F882E0F801144
S31504007078170080900404C0B904020091150280B870
S315040070881701C090C40680001503C0B82E078011E6
S315040070981702C0900406C0B9040400911504C0B8C8
S315040070A817038090150580B82640403117008020C4
S315040070B8150080381701C0201501C0381702802032
S315040070C8150280381701C0D83A880BBF3A8809B028
S315040070D83AC8051F54008010150180281701C0B846
S315040070E874008100044CAF10150240114C00C018FE
S315040070F83AB0C6E01501C0B8001F0A4006EB3E00C8
S315040071081701802004FFFF003A880F803A70C410E4
S315040071183A88A9980402008406CF3E003A880B9060
S315040071283A880980809D0540170000DD3A880FB823
S3150400713806C93E003A880B903A880980809D054026
S315040071483A880FB806C43E001704C090040640895E
S31504007158040600911504C0881705809015058088D3
S3150400716806683F003A880B903A880988809D05404E
S3150400717806D43F001704C09004060091040800BA18
S315040071881506C0B817058090150780B806123F0083
S315040071981704C09004060091040800BA1506C0B87E
S315040071A817058090150780B806323F001704C0906B
S315040071B8040600910408C0B91506C0B817058090DE
S315040071C8150780B806B93F003A880D203AC8090160
S315040071D83AB08821FAD708203400A000C4FFBF10AB
S315040071E83A7044113AB0882034FC9F003AC8051115
S315040071F83AC887003AB0C410FAD704104400C0004D
S315040072083AC885183A2800F83A880D203AC8090178
S315040072183AB08821FAD708203400A000C4FFBF106A
S315040072283A7044113AB0882034FC9F003AC80511D4
S31504007238FAD704103A2800F804FDFFDE150000DC2E
S3150400724874000104047D3B84150140DC15000080AC
S315040072583A8823203A8809281502C0DF00370A40ED
S315040072683A880710C4FFBF00260680183A8805180E
S315040072781702C0DF170140DC170000DC0403C0DE78
S315040072883A2800F81700808026F83F1015008088F1
S315040072983A8805181702C0DF170140DC170000DC1E
S315040072A80403C0DE3A2800F88F034029815F0740AB
S315040072B804FEFFDE150000DC3A8821288F034029E6
S315040072C81501C0DF008707403A880710C4FFBF00CE
S315040072D8260980180B0380801514C08014008410B6
S315040072E80D0380803A8805181701C0DF170000DCF3
S315040072F80402C0DE3A2800F80B038080CCFFBB10DA
S315040073080D0380803A8805181701C0DF170000DCD2
S315040073180402C0DE3A2800F80B03802804FBFFDECB
S315040073281503C0DC0C408010150280DC150140DC16
S31504007338150000DC3A8827303A8825381504C0DF5A
S315040073483A8821283A880D008400C0013A88232007
S31504007358260200108F034029008707400B0380800C
S315040073688F0340813A880988CCFFBB103A880D9868
S315040073783A880F900D0380801704C0DF1703C0DC1A
S31504007388170280DC170140DC170000DC0405C0DEA8
S31504007398814B074004FEFFDE150000DC3A882128ED
S315040073A88F0340291501C0DF808E07403A880710ED
S315040073B816080010171480803A88C51015148080A2
S315040073C83A8805181701C0DF170000DC0402C0DE7E
S315040073D83A2800F80B038080CCFFBB100D0380808D
S315040073E83A8805181701C0DF170000DC0402C0DE5E
S315040073F83A2800F83AB04421CC0080101E1D00102B
S315040074083A880F2017008028170000213A880D288B
S315040074181E168020F4BF3F02C4BF3F423A880722A3
S3150400742874206001042060293A7046193A30040130
S315040074383A70C4101E1C00103A8813403A88112862
S31504007448060100001E1800180401C0391700003987
S3150400745804018031170040313A8845223A700412F3
S315040074683A3006013A70861826F67F213A88093892
S315040074783A880B300700C0201E05001806060000CF
S31504007488440000210700C0204400402926020018B1
S315040074980700802826FABF180300C02003008028A6
S315040074A83AC885183A2800F83A8805003A2800F8B0
S315040074B804FDFFDE150000DC74000104047D3B8432
S315040074C8150140DC150000803A8823203A880928EB
S315040074D83A880B303A880D381502C0DF003C0A405A
S315040074E83A880710C4FFBF00260680183A8805188C
S315040074F81702C0DF170140DC170000DC0403C0DEF6
S315040075083A2800F81700808026F83F10150080886E
S315040075183A8805181702C0DF170140DC170000DC9B
S315040075280403C0DE3A2800F804FEFFDE150040DC3A
S315040075383A8823203A8809283A880B301501C0DF8F
S31504007548004F00403A880B103A88098840110540D4
S315040075583A8823100409C001260D001017FFFF10EE
S315040075683A88091004FFBF003A7086183A888718C3
S315040075783A880D183A880B003617C038C4048000B8
S315040075883608C01015020020150000201501002039
S315040075983A8805881701C0DF170040DC0402C0DEFC
S315040075A83A2800F8C40680001500008815010088EA
S315040075B8040200892EF3FF101502008815030088BB
S315040075C8040400891EEFFF190406008915040088BF
S315040075D81505008806EB3F0080AB05403A88058808
S315040075E81701C0DF170040DC0402C0DE3A2800F8A1
S315040075F804FDFFDE150000DC74000104047D3B84F1
S31504007608150140DC150000803A8823203A880928A9
S315040076181502C0DF00E109403A880710C4FFBF001D
S31504007628260680183A8805181702C0DF170140DCB9
S31504007638170000DC0403C0DE3A2800F8170080802F
S3150400764826F83F10150080883A8805181702C0DF07
S31504007658170140DC170000DC0403C0DE3A2800F8F2
S3150400766804FCFFDE150140DC150000DC1503C0DF51
S31504007678150280DC3A8821283A88232026290028FE
S31504007688401C044026020088170E8088262D001008
S315040076980F038080262200103A8809883A880B80CE
S315040076A8C0F303403A882510170B8080260400107F
S315040076B8170740813A8809883AE83E10162A0010C6
S315040076C80B0380800C2080101E230010170C4081A9
S315040076D82605002804108080260280283A8809880E
S315040076E8C0580440150C0080171140812603002851
S315040076F83A880988C0580440151100800D03008093
S31504007708801C04403A8805901703C0DF170280DC02
S31504007718170140DC170000DC0404C0DE3A2800F830
S31504007728801C04403A8825003A8805901703C0DF70
S31504007738170280DC170140DC170000DC0404C0DEF5
S315040077483A2800F83A880988401D04400F038080C7
S315040077581ED13F1006F23F00170440813A88098873
S31504007768C058044006D93F00C4FFBF0406D43F00EE
S315040077787400810004D0B4103A880B201700001155
S315040077888166074004FDFFDE150000DC7400010471
S31504007798047D3B84150140DC150000803A882320CB
S315040077A83A8809283A880B301502C0DF80EF094069
S315040077B83A880710C4FFBF00260680183A880518B9
S315040077C81702C0DF170140DC170000DC0403C0DE23
S315040077D83A2800F81700808026F83F10150080889C
S315040077E83A8805181702C0DF170140DC170000DCC9
S315040077F80403C0DE3A2800F804FDFFDE150000DCA9
S3150400780874000104047D3B84150140DC15000080E6
S315040078183A8823203A8809281502C0DFC0F80940A7
S315040078283A880710C4FFBF00260680183A88051848
S315040078381702C0DF170140DC170000DC0403C0DEB2
S315040078483A2800F81700808026F83F10150080882B
S315040078583A8805181702C0DF170140DC170000DC58
S315040078680403C0DE3A2800F804FDFFDE150000DC38
S3150400787874000104047D3B84150140DC1500008076
S315040078883A8823203A8809283A880B303A880D38EA
S315040078981502C0DF800E0A403A880710C4FFBF00ED
S315040078A8260680183A8805181702C0DF170140DC37
S315040078B8170000DC0403C0DE3A2800F817008080AD
S315040078C826F83F10150080883A8805181702C0DF85
S315040078D8170140DC170000DC0403C0DE3A2800F870
S315040078E804FDFFDE150000DC74000104047D3B84FE
S315040078F8150140DC150000803A8823203A880928B7
S315040079083A880B303A880D381502C0DF401F0A4002
S315040079183A880710C4FFBF00260680183A88051857
S315040079281702C0DF170140DC170000DC0403C0DEC1
S315040079383A2800F81700808026F83F10150080883A
S315040079483A8805181702C0DF170140DC170000DC67
S315040079580403C0DE3A2800F804F1FFDE3A8815006D
S315040079683A8805203A881130150D00DF150A40DDDE
S315040079781508C0DC150EC0DF150CC0DD150B80DD3F
S31504007988150900DD150780DC150640DC150500DC45
S31504007998150380DA3A8827403A8839103A882B281A
S315040079A8150480DA1E4000383665002A26B50040DC
S315040079B8D4FFBF0036ADC014C43F8000365EC11480
S315040079C83A880B003A8805003AD88498740001016D
S315040079D804022E21040880013A8805110300C01008
S315040079E83A88C7283AC8E9301E0A01A03AD42E981C
S315040079F83AC8EBACCCFFBF9D440000053A8809A8F9
S31504007A083A880BB8004E00403A880B103A8809B0F9
S31504007A183A882110004F00403A8809A83A880BB8DA
S31504007A283A882310804E00403A9404103AD406E06B
S31504007A383AB0C4102E0440143A88C514C4FF3F84CF
S31504007A483601C014365C41143AC863143A88098866
S31504007A583A880BB8004E00403A880B103A8809B0A9
S31504007A683A882B10004F00403A8809883A880BB8A0
S31504007A783A882510804E00403A940410CCFFFFE063
S31504007A883AB0C4102E0480143A888598C4FF7FAD92
S31504007A983601C014363C81143A9404803A8809A005
S31504007AA83AB084A8061500003A880D38366CC02901
S31504007AB8D4FFBF003664C011C43F80003618C11114
S31504007AC83A880B003A8805003AD8843074000101D4
S31504007AD804022E210408C0013A8805110300C010C7
S31504007AE83A88C7283AC8ED381E7300B036014035BF
S31504007AF8365BC0E4440080003A880900150380D840
S31504007B08170340D93A880720150400D93A88052866
S31504007B18170EC0DF170D00DF170CC0DD170B80DD4D
S31504007B28170A40DD170900DD1708C0DC170780DCD3
S31504007B38170640DC170500DC040FC0DE3A2800F8F7
S31504007B48D4FFBF0036560012C43F80003600011227
S31504007B583A880B003A8805003AD8849874000101DB
S31504007B6804022E21040880013A8805110300C01076
S31504007B783A88C7283AC8CB30260600283AC8453179
S31504007B883AD884E03A9846A93A9878E13A986699B0
S31504007B983AB0AA183AD42E983A8809A8CCFFBF9CBA
S31504007BA83A880BB8004E00403A880B103A88099078
S31504007BB83A882110004F00403A8809A83A880BB839
S31504007BC83A882310804E00403A9404103AD406E0CA
S31504007BD83AB0C4102E0440143A88C514C4FF3F842E
S31504007BE83601C01436EA40143AC863143A88098838
S31504007BF83A880BB8004E00403A880B103A88099028
S31504007C083A882B10004F00403A8809883A880BB8FE
S31504007C183A882510804E00403A940410CCFFFFE0C1
S31504007C283AB0C4102E0480143A888598C4FF7FADF0
S31504007C383601C01436D980143A9404803A88090067
S31504007C483AB084A806AD3F0034408000C4FFBF1094
S31504007C5836B6C011040440013A880528069A3F003E
S31504007C683A8805003A88090006A43F003440800093
S31504007C78C4FFBF1036B3C014040440013A8805286B
S31504007C8806513F00440000013A880B00004E0040AC
S31504007C983A882710D4FFBF0036F4FF1406463F007F
S31504007CA834408000C4FFBF1036AC001204044001FF
S31504007CB83A88052806A83F003AC8853D3A98883583
S31504007CC83AD886983AD8A2A83AD884E03AB0EE20A8
S31504007CD83AD424B83A9886AD3A8809883A880B90F3
S31504007CE83AB086181501C0D8CCFF3FBC004E0040F8
S31504007CF83A880B103A8809803A882910004F0040C0
S31504007D083A880B903A8809883A882B10804E0040A6
S31504007D18170140D93A9404103A98A69D3AD40628ED
S31504007D283AB0C4102E0340153A88C515C4FF3FA5BA
S31504007D382E91C0153AC863153A8809883A880B9073
S31504007D48004E00403A880B103A8809803A882B106E
S31504007D58004F00403A8809883A880B903A882110DF
S31504007D68804E0040170180DA3A940410CCFFFF5085
S31504007D783AB0C6102E03001C3A88C71DC4FF7FAD4F
S31504007D882E79C01D3A9404A03AD42E98CCFFFF9CB1
S31504007D983AB0A4A8CCFF7F943AD42A903A880988A2
S31504007DA83A880B983AC8211C004F00403A8809883B
S31504007DB83A880BB83A882910004F00403A880B983D
S31504007DC83A8809A83A882310004F00403A8809A837
S31504007DD83A880BB83A882710004F00403A880910A9
S31504007DE83AD404A03A88E38C3A8847142E02C01C75
S31504007DF8740080003A8889203AD404183A88852081
S31504007E0836448080263E80803A8805903A88090060
S31504007E18063A3F003A98269D3AC805353AD8A2A8A4
S31504007E283AD42E983AD884E03A9806AD3A8809881E
S31504007E383A880BB83AB086181500C0D8CCFFBF9D4F
S31504007E48004E00403A880B103A8809B0150280D8CB
S31504007E58004F00403A8809883A880BB83A882B10AC
S31504007E68804E0040170000D93A9404103AD40620EC
S31504007E783AB0C4102E054015170240D93A88C514DD
S31504007E88C4FF7F29150240D92E46C0143AC8631583
S31504007E983A8809883A880BB8004E00403A880B108D
S31504007EA83A8809B03A882510004F00403A8809886C
S31504007EB83A880BB83A882110804E0040170080DAB9
S31504007EC83A940410CCFFFF503AB0C6102E06001C94
S31504007ED83A88C71CC4FFBF943603C01C2E02001C74
S31504007EE8C4FFBF943A88C71C170200D93A9838E5E4
S31504007EF83AC82B1C3A9404203AB0A89006BF3E0010
S31504007F083A9404183A9888E5CCFFFFA03A88C51035
S31504007F182EBDBF20C4FFBF903A88090006F73E006D
S31504007F28040240013A88052806E73E000406400193
S31504007F383A88052806E43E00040240013A880528E2
S31504007F4806A13E00040640013A880528069E3E001E
S31504007F58040240013A88052806FF3E00040640014B
S31504007F683A88052806FC3E002E863F1C3A88C71D1B
S31504007F78C4FF7FAD06833F002E6E7F15C4FF3FA561
S31504007F883A88C515066B3F00C4FF7FAD06C23E009E
S31504007F98C4FF3F843A88C51406133F00C4FF7FAD67
S31504007FA806253F002EB97F15C4FF7F293A88C514D4
S31504007FB8150240D906B53F00C4FF3F843A88C51464
S31504007FC806A13E0004F0FFDE3A8811303A880D0017
S31504007FD8150B40DD1509C0DC150600DC150FC0DFDE
S31504007FE8150E00DF150DC0DD150C80DD150A00DD44
S31504007FF8150880DC150740DC3A881728150480D94B
S315040080083A882740150580D93A8821203A882B28AA
S315040080181E2C00383656002A269A0040D4FFBF0084
S315040080283692C014C43F8000365CC1143A880B00EB
S315040080383A8805003AD884987400010104022E216E
S31504008048040880013A8805110300C0103A88C72835
S315040080583AC8E5301EA400903AD42E983AC8EBAC38
S31504008068CCFF3F9D3A882D003A8809A83A880BB870
S31504008078004E00403A880B103A8809A0004F004089
S315040080883A8809A83A880BB83A882310804E0040E3
S315040080983A9404103AD406803AB0C4102E03401415
S315040080A83A88C5143601C014365841143AC86314BC
S315040080B83A8809883A880BB8004E00403A8809A0DD
S315040080C8065300003A880D382E13C029150400D922
S315040080D8150540D9170440D93A8813583A881128FF
S315040080E83A8805403A880748170FC0DF170E00DF9D
S315040080F8170DC0DD170C80DD170B40DD170A00DDF0
S315040081081709C0DC170880DC170740DC170600DCF3
S315040081180410C0DE3A2800F8D4FFBF003666C01142
S31504008128C43F80003620C1113A880B003A880500FE
S315040081383AD884307400010104022E210408C001CF
S315040081483A8805110300C0103A88C7283AC8E538A2
S315040081581E940090365E40352E5DC0843A881180A0
S315040081683A8813A8150400DC150540DD06DC3F0033
S31504008178D4FFBF00364A0012C43F8000360D0112F0
S315040081883A880B003A8805003AD8849874000101A5
S3150400819804022E21040880013A8805110300C01040
S315040081A83A88C7283AC8C7301EDC00183A882D0012
S315040081B83AD42E983A8809A8CCFFBF9C3A880BB8BB
S315040081C8004E00403A880B103A880990004F004048
S315040081D83A8809A83A880BB83A882310804E004092
S315040081E83A9404103AD406803AB0C4102E034014C4
S315040081F83A88C5143601C014360241143AC86314C1
S315040082083A8809883A880BB8004E00403A8809909B
S315040082183A880B10004F00403A8809883A880BB808
S315040082283A882B10804E00403A940410CCFFFF8005
S315040082383AB0C4102E0440153A88C5143602C01440
S315040082482E0140153A88C5143AC845153AD88415F6
S315040082583A881300150480D81704C0D83A8805004C
S31504008268150580D83A881118069D3F0034408000C9
S31504008278C4FFBF1036C6C014040440013A88052852
S31504008288066C3F00440000013A880B00004E00408B
S315040082983A882710D4FFBF0036F4FF1406613F005E
S315040082A834408000C4FFBF1036C5001204044001E0
S315040082B83A88052806B43F0034408000C4FFBF103E
S315040082C836C2C011040440013A88052806983F00BE
S315040082D83AC8C9843A8005813AC887A93AC8AB1806
S315040082E83A882120069D3F003A98A69C3AC88534C8
S315040082F83AD8A2A83AD42E983A9886AC3AD8848022
S315040083083A8809883A880BB83AB0B818CCFF3F9D22
S31504008318004E00403A880B103A8809A0004F0040E6
S315040083283A8809883A880BB83A882B10804E004058
S315040083383A9404103AD406E03A882D903AB0C41018
S315040083482E0240153A88C5142EABC0143AC86315D4
S315040083583A8809883A880BB8004E00403A880B10C8
S315040083683A8809A0004F00403A8809883A880BB829
S315040083783A882B10804E00403A940410CCFFFFE054
S315040083883AB0C4102E0440153A88C5143602C014EF
S315040083982E0140153A88C5143A98A0843AC86B1534
S315040083A806313F003AC88F3C3A9886343AD8C4997D
S315040083B83AD8E2A93A988CAC3AB0AC183AD42EB06A
S315040083C83AD8C4813A8809883A880BB83AB08C30C6
S315040083D81503C0D9150280D9CCFF3FB5004E00401D
S315040083E83A880B103A8809A03A883910004F004099
S315040083F83A8809883A880BB83A882B10804E004088
S31504008408170200D93A9404103A98A69C3AD406203E
S315040084183A98A0841500C0DC3AB0C410150100DCF3
S315040084282E0340153A888515C4FF3FE72E6E80153E
S315040084383AC863153A8809883A880BB8004E00404A
S315040084483A880B103A8809A03A882110004F004050
S315040084583A880BB83A8809883A882910804E004029
S31504008468170240D93A940410CCFFFF283AB0C41036
S315040084782E0300153A888515C4FF3F842E568015A9
S31504008488170080D93A9422E03AD42E303AB062845E
S31504008498CCFFFF343AD42A88CCFF7F8C3A880988E3
S315040084A83A880B983AC82115004F00403A8809883B
S315040084B83A880BB83A882910004F00403A880B9836
S315040084C83A8809A83A882310004F00403A8809A830
S315040084D83A880BB83A882710004F00403A880B10A0
S315040084E83AD404A03A88E38C3A8849142E02C02464
S315040084F8740080003A888B283AD404203A940820D9
S31504008508CCFFFFA03A888D283A88C920360B80818B
S31504008518264080813AC88D81060F00003AC8C530C6
S315040085283A882D183AD884803A98C6A83A98A69DC7
S315040085383A98A0853AB0AA18061D3F001700C0D875
S315040085483AC8C5203A8089203AC887353AC80719EF
S315040085583AC8CD803A880910170140D93AC805297E
S315040085683A8087283AC8C730170380D93AD884147A
S315040085783A9888193AD8861C3AB088203A8811203D
S315040085883A881318150400D91505C0D806D43E0030
S31504008598040640013A88052806A63E00040240015E
S315040085A83A88052806A33E00040240013A880528AD
S315040085B806DF3E00040240013A88052806F23E001A
S315040085C8040640013A88052806EF3E0004064001E1
S315040085D83A88052806D63E002EA93F15C4FF3F84CF
S315040085E83A88851506A63F002E917F15C4FF3FE7F6
S315040085F83A888515068E3F002E547F153A88C51489
S3150400860806523F003A88C51406FC3E003A88C5144B
S3150400861806A63E00170180D836C83F113A880D00D1
S3150400862806CD3F0004F8FFDE1503C0DC3A88272090
S31504008638170000214400C000150540DD150400DDBF
S315040086481507C0DD150680DD150280DC150140DC42
S31504008658150000DC3A882B283A8829302E6300193D
S31504008668170080282E8180180401C00026DCC0204B
S31504008678267EC0108400C0002667C010267BC02052
S315040086881702C09D1702C0281703409C1703C02B66
S315040086983AC8CDB81704809C1704002C3A880930C8
S315040086A816970030C40F8000166B80110EA40001C3
S315040086B804F8BF3516BC00B03AD896853A8819002E
S315040086C83A881300440000013A88150016BE00B023
S315040086D83A9890253A880F00C4FFBF003A8889382B
S315040086E83A888B403A80CD213A884B313A700479DE
S315040086F83A7046813AB0C41026020010440040027B
S315040087083A8815003AB05E5A3AB0A0621701409901
S31504008718170180A8266E8028266600283AC8457C54
S315040087283A8089783AC887843AC809193A880D106C
S315040087383A880F20167700381502C0A51504C0A17B
S31504008748150100A0150380A1170300A2170440A26F
S31504008758C4FFBF003A888B403A80092A3A888D4874
S315040087683400C401C4FFFF393A888D21361780398D
S315040087782665C031170200A33A880942C4FFBF0020
S315040087883A800F223A884B4A3A884F393A889520D4
S315040087983A8897383A800D513A8899603A88D73298
S315040087A834008400C4FFBF103A8811203A8813386D
S315040087B8150300A11504C0A1150200A33603C012AF
S315040087C81EEDBF5884FFBF002EEBBF12170480A20C
S315040087D8C40080003400C800C4FFFF18170340A271
S315040087E8150080A03623801A3A8827A03A88059867
S315040087F81707C0DD170680DD170540DD170400DD01
S315040088081703C0DC170280DC170140DC170000DC04
S315040088180408C0DE3A2800F81EF4FF2015000031CB
S3150400882817018098150180301702C0981502C030C8
S3150400883817038098150380301704C0981504C030B0
S31504008848170180981701C0283A8827303A70C4104F
S315040088581501803006E53F001626C01D3A88230018
S315040088683A882F183A88250006A83F003A8827A888
S3150400887806DE3F0044008001FA9704507AD008487F
S315040088883AD88A51170200A23AB008113A88070062
S315040088983A7084493AB08C203AB0CE284400004253
S315040088A83A8827A01504C0A1150200A2150380A1C1
S315040088B806CE3F003AC8C58B3A8089883AC80794D9
S315040088C83AC809193A880D103A880F2006993F00C4
S315040088D83A88457C3A80C9133A8887843A88C920F5
S315040088E8150140A11502C0A5150380A0150400A111
S315040088F806B63F003A881F003A88210006833F00DF
S315040089083AC88D0106673F0084FFBF0036AF7F1162
S3150400891806983F003A8805003AC889113A80051135
S315040089283AC8CB013AC8852844008001150180A1BC
S315040089381502C0A5150300A1150480A006823F00F0
S3150400894826723F2004F8BF353A88AFB9163100B00D
S315040089583AD89A953A881D003A880F0044000001CF
S315040089683A881100162500B03A9894253A881300D7
S31504008978C4FFBF003A8889483A888B503A804D220A
S315040089883A884B313A7004893A7046913AB0C41021
S31504008998260200104400C0013A8811003AB0E26980
S315040089A83AB0247206593F003A880784C4078000FF
S315040089B83AC885113A9886183AD896793AD8988151
S315040089C83AB0D61A063E3F007AD00620C40780007D
S315040089D83AC885113AD890183A988E21063E3F002F
S315040089E81E823F111701C02817018098267FFF10A1
S315040089F87400C10404FDED9C067C3F007AD0062071
S31504008A08C40780003AC885113AD894183A9892212E
S31504008A1806D73F003A888794C40780003AC8851168
S31504008A283A9886183AD89A893AD89C913AB05A1BF1
S31504008A3806C93F0004EAFFDE1514C0DC0404C0DCE2
S31504008A483A8811203A881328151340DC3A8809D83D
S31504008A583A880B98040940DC1515C0DF150140DA7D
S31504008A681503C0D9150000DA150280D900C10940DA
S31504008A78040200D93A880B8800C10940170A80D82D
S31504008A883A880B883A880998040E80D95C008010C5
S31504008A98150A80D8C06208403A880910C08F094070
S31504008AA81715C0DF1714C0DC171340DC0416C0DE24
S31504008AB83A2800F804EAFFDE1514C0DC0404C0DC16
S31504008AC83A8811203A881328151340DC3A8809D8BD
S31504008AD83A880B98040940DC1515C0DF150140DAFD
S31504008AE81503C0D9150000DA150280D900C109405A
S31504008AF8040200D93A880B8800C10940040E80D9BB
S31504008B083A8809983A880B88C06208403A88091056
S31504008B18C08F09401715C0DF1714C0DC171340DCD3
S31504008B280416C0DE3A2800F804E0FFDE151840DC17
S31504008B38040440DC3A8811203A881328151700DC07
S31504008B483A8809D83A880B88040900DC151FC0DF5F
S31504008B58150140DA1503C0D9150000DA150280D9C3
S31504008B68151EC0DD151D80DD151C40DD151B00DD39
S31504008B78151AC0DC151980DC00C10940040200D9A5
S31504008B883A880B8000C10940170400D944008000C4
S31504008B982E1000111709C0D82E06C0100401800033
S31504008BA8260A802026CC8018840080002609802086
S31504008BB81E198018170AC0D8170580D83A8809805C
S31504008BC83AC0C410150A80D806070000840080003D
S31504008BD826C38018170580D8170AC0D83A88098882
S31504008BE83AC0C410150580D8C08F0940171FC0DFC6
S31504008BF8171EC0DD171D80DD171C40DD171B00DDA1
S31504008C08171AC0DC171980DC171840DC171700DCA4
S31504008C180420C0DE3A2800F8170780DD170C80DC2C
S31504008C283A882B003A8823003A880BA83A880DB06C
S31504008C383A880F881708C0DD170DC0DC3A880990F2
S31504008C48807509403A881B003A880F683A8809B043
S31504008C583A880B003A880D983A882DB83A882F0036
S31504008C68151640DB151380D81514C0D81515C0DCA5
S31504008C78807509403A880DB03A880B003A880990FD
S31504008C883A880FB83A8821103A882318807509401B
S31504008C983A8885803A800D143A88C7883A88CD3050
S31504008CA83A8829103A882B30171380DA1714C0DA51
S31504008CB8171500DB171640DB2E6140343A88090085
S31504008CC83A8805513A808D123A88075D3A88CD303C
S31504008CD83A882100440040043A8825103A88273007
S31504008CE83662C032267A80593A880B683A880FB8B1
S31504008CF83A8809603A880DB0807509403A8809109F
S31504008D083A880F003A8845153A8011113A88C719E6
S31504008D183A88C7403A88CB881706C0D83A888980E3
S31504008D28170B80D80401C0183A800D243A88C71056
S31504008D383A881320170A80D8170500D93A884D317E
S31504008D483A8815303AC0882034008800C4FFBF101A
S31504008D58150F00D91510C0D82E1680113A88111887
S31504008D683A881F10FA9704987AD01690FA970650FC
S31504008D787AD00C487AD00E503AB0D6124400800005
S31504008D883AB08C193A7088487AD018983A881B00F1
S31504008D983400A0033A8813303A8815383A88914043
S31504008DA8260200203AB0645B3AB0A66336EDBF7A71
S31504008DB8151000DA34008400C4FFBF10361480127C
S31504008DC8171000DA3A881F103A88454A3A804D1235
S31504008DD83A8887523A8897943A808F5C3A88D99C1D
S31504008DE8440000013A88CD303A880F3BC4FF3F421D
S31504008DF83A8813103A8815303AB01A111630009882
S31504008E083A8825583A8827382EEFBF7A151000DA9B
S31504008E18C43F80003A708E48042080003A880700D0
S31504008E283A88110026188038C4008000040E00D938
S31504008E38151280DA150E80D8151140DA066A3F0035
S31504008E48262180893A8809003A8805513A808D1284
S31504008E583A88075D3A88CD303A8821003A88230053
S31504008E683A8825103A8827302E9EFF32440080001F
S31504008E783A8889803A800D243A884D343A882120E4
S31504008E883A88233006983F001EE73F400440000115
S31504008E983A7004493AB0C4101EE33F103AB0C49479
S31504008EA826E13F103A88C5493A8051123A889142D8
S31504008EB804C03F013A7012113A88154006DA3F0099
S31504008EC83A88136806CE3F00367C3F1406DD3F0019
S31504008ED82E85BF1206E53F00840080001E35BF209C
S31504008EE87400010104FD2D21063F3F0004EDFFDE59
S31504008EF81511C0DC0404C0DC3A8811203A8813280A
S31504008F08150E00DC3A8809D83A880B98040900DC5F
S31504008F181512C0DF150140DA1503C0D9150000DAA9
S31504008F28150280D9151080DC150F40DC00C10940F4
S31504008F38040200D93A880B8000C10940170400D9F5
S31504008F48440080002E0B0011170940D92E764011D3
S31504008F58170580D8170AC0D8040180013AF0C4104E
S31504008F68150580D826028021840080001E148020DE
S31504008F78260900293A880998C08F09401712C0DFC4
S31504008F881711C0DC171080DC170F40DC170E00DC45
S31504008F980413C0DE3A2800F87400010104FD2D21EB
S31504008FA8C08F09401712C0DF1711C0DC171080DC08
S31504008FB8170F40DC170E00DC0413C0DE3A2800F84D
S31504008FC8265B8029262D80281706C0D8170B80D83B
S31504008FD81708C0D9170D40DC3AC88B18170780D96B
S31504008FE8170C00DC150640D93638403C2636C089AD
S31504008FF83A8815003A881D003400C4023A881F00CE
S315040090083A883F00440F8004060F00003A881D6022
S315040090183A881F683A880D403A880F103A88913181
S315040090287AD008583A8085413A88D3393AB0C6285E
S315040090383A8845123A8815183A8817203A880D400E
S315040090483A880F10261780FCFA970A587AD00650E1
S315040090584400C0FF36F17F3C3AC811343A800532E1
S315040090683AC8533C3AB098723AB0DA7A3AC885485C
S315040090781EE6FF8936E93F3406E43F003A88099834
S31504009088150480D9C08F09401712C0DF1711C0DC38
S31504009098171080DC170F40DC170E00DC0413C0DE43
S315040090A83A2800F8C43F80003A7090700420800083
S315040090B83A8807003A881300260D80401508C0DB55
S315040090C8150780DB06AB3F002EC93F343A88853145
S315040090D83A8089113A88C7393A88C920C4FF7F2952
S315040090E83A880D103A880F20150640D906C03F0065
S315040090F81EF23F48044000013A7004713AB0C410A5
S315040091081EEE3F103AB0C43126EC3F103A88057279
S315040091183A8091133A88D14304C03F013A701C112E
S315040091283A881F4006E53F003A88098006923F00C0
S315040091383A880998150700D8150800D8150600D8DE
S31504009148068D3F0004EFFFDE150F40DC040440DC07
S315040091583A8805203A880728150E00DC3A8809D883
S315040091683A880B88040900DC1501C0D8150080D894
S31504009178150280D91510C0DF1503C0D900C10940EE
S31504009188040200D93A880B8000C10940170480D824
S315040091984400C0003A880D182E068018170980D88E
S315040091A83A8809883A880B802E02801880D40940A8
S315040091B83A880D103A8805301710C0DF170F40DCBF
S315040091C8170E00DC0411C0DE3A2800F804EFFFDEAF
S315040091D8150F40DC040440DC3A8805203A88072841
S315040091E8150E00DC3A8809D83A880B88040900DC8D
S315040091F81501C0D8150080D8150280D91510C0DF0E
S315040092081503C0D900C10940040200D93A880B8065
S3150400921800C10940170480D84400C0003A880D18D4
S315040092282E068018170980D83A8809883A880B8048
S315040092382E02801880D409403A880D103A880530E1
S315040092481710C0DF170F40DC170E00DC0411C0DE50
S315040092583A2800F804EFFFDE150F40DC040440DC6E
S315040092683A8805203A880728150E00DC3A8809D872
S315040092783A880B88040900DC1501C0D8150080D883
S31504009288150280D91510C0DF1503C0D900C10940DD
S31504009298040200D93A880B8000C10940170480D813
S315040092A84400C000C4FFBF012E068018170980D8E1
S315040092B83A8809883A880B802E02801880D4094097
S315040092C83A880D103A8805301710C0DF170F40DCAE
S315040092D8170E00DC0411C0DE3A2800F804EFFFDE9E
S315040092E8150F40DC040440DC3A8805203A88072830
S315040092F8150E00DC3A8809D83A880B88040900DC7C
S315040093081501C0D8150080D8150280D91510C0DFFC
S315040093181503C0D900C10940040200D93A880B8054
S3150400932800C10940170480D84400C000C4FFBF0127
S315040093382E068018170980D83A8809883A880B8037
S315040093482E02801880D409403A880D103A880530D0
S315040093581710C0DF170F40DC170E00DC0411C0DE3F
S315040093683A2800F804EFFFDE150F40DC040440DC5D
S315040093783A8805203A880728150E00DC3A8809D861
S315040093883A880B88040900DC1501C0D8150080D872
S31504009398150280D91510C0DF1503C0D900C10940CC
S315040093A8040200D93A880B8000C10940170480D802
S315040093B84400C0003A880D182E068018170980D86C
S315040093C83A8809883A880B802E02801880D4094086
S315040093D83A880D103A8805301710C0DF170F40DC9D
S315040093E8170E00DC0411C0DE3A2800F8FAD7062066
S315040093F804F6FFDEC40080001509C0DF1508C0DCCA
S31504009408150780DC150640DC150500DC150080D838
S315040094181501C0D81E0F002084008000150080D8CE
S315040094283A8809D8C08F09403A8809103A880B182F
S315040094383A8805203A8807281709C0DF1708C0DCC8
S31504009448170780DC170640DC170500DC040AC0DEB3
S315040094583A2800F8040F80003A000718150280D845
S31504009468261100183A8827003A882520150300D9BA
S315040094781504C0DCC0870940440700110EE83F0103
S3150400948844FFBF10160C00103A98A2903A8821009F
S31504009498170280D8150440DC150300DC3AC8051108
S315040094A8150280D806DE3F003400A000260A802074
S315040094B83AC8090106EB3F007AD00690C407800033
S315040094C83AC805113AD886183A9822993A982091B2
S315040094D83AB0621C06EE3F003A88090034787001F7
S315040094E806D33F0004F8FFDE3A8805203A880728A1
S315040094F83A8809D8040240D91501C0D8150080D87D
S315040095081507C0DF00C109401702C0D884008000CF
S315040095181E0580183A8807003A8805181707C0DF19
S315040095280408C0DE3A2800F8440080002EF9FF102B
S3150400953804018000260480181704C0D816F53F18BD
S31504009548840780000E08C010170380D81E12001066
S315040095583400E000C4FFFF183A8805181707C0DF6F
S315040095680408C0DE3A2800F8040F80003AC8D1106F
S3150400957804F8BF40170580D91706C0D91608001085
S315040095883AD88838170380D83A88072026E23F1045
S315040095983AC8070106E03F003400E00006DE3F0053
S315040095A83A88C739C40780003AC805123A98861813
S315040095B83AD808323AB0081906F23F0004F2FFDE38
S315040095C8150DC0DF150CC0DD150B80DD150A40DD51
S315040095D8150900DD1508C0DC150780DC150640DC16
S315040095E8150500DC150100D81E0F00208400800034
S315040095F8150080D83A8809D8C08F0940170DC0DFEE
S31504009608170CC0DD170B80DD170A40DD170900DDCE
S315040096181708C0DC170780DC170640DC170500DCD2
S31504009628040EC0DE3A2800F8C4008000040FC00007
S315040096383A882F003A882D20150080D81502C0D8FC
S31504009648150300D91504C0DDC08709404407401234
S31504009658160B004826E73F4844FFBF10162E001095
S315040096683A98A2B03A882100170280D8150440DC3B
S31504009678150300DC3AC84512150280D806DD3F00FA
S315040096883AC8550204F8BF51161B00303AD8A8B98F
S315040096983A882B003A880F00440000013A881100E2
S315040096A8162500303A98A6213A882500C4FFBF003B
S315040096B83A8889903A888B983A808D243A884B312F
S315040096C83A7004B13A7046B93AB0C410260200108A
S315040096D84400C0013A881100170200D93AB0C4A15F
S315040096E83AB006AA3AC849221504C0D8150200D9C0
S315040096F8150380D806BF3F003A88C7BDC407800053
S315040097083AC885123A9886183AD8A8B23AD8AABA5C
S315040097183AB0281D06DF3F007AD006B0C407800099
S315040097283AC845123AD886183A9862BA3A9860B24C
S315040097383AB0621C06CC3F007AD00620C4078000E3
S315040097483AC885123AD8A6183A98A42206D73F00EA
S3150400975804F2FFDE150C00DF3AD43830150800DDB4
S31504009768150540DC3AD42820CCFF7F24150400DCF8
S31504009778CCFF3F341507C0DC150000D93A882728E2
S315040097883A880988150140D93A880B80150280D988
S31504009798150DC0DF1503C0D9150A80DD150940DD8E
S315040097A83A882D30150BC0DD150680DC004F0040C5
S315040097B83A8809883A880BE03A882B10004F00400B
S315040097C83A880B803A8809A03A882310004F00404B
S315040097D83A8809A03A880BE03A882110004F0040DD
S315040097E8CCFFFFA83AD42AA83A88238C3A881110C1
S315040097F83A886BAC3A9404A83A8809B03A880B9824
S315040098083A88C7103AD412A83A880D182E0200AC22
S31504009818740080003A8891403A8867423A882D3025
S31504009828004F0040170340D9170000D93A8823107F
S31504009838004F00403A88CB143A884B893A8805B0D9
S315040098483A880728170DC0DF170C00DF170BC0DD91
S31504009858170A80DD170940DD170800DD1707C0DC85
S31504009868170680DC170540DC170400DC040EC0DE8E
S315040098783A2800F8D4FFBF00360E0011C43F800012
S31504009888040240013A880700361000113A880B0092
S315040098983AD8C620740081000402AE103A888718A4
S315040098A8030080180408C0003A8885283AC8851831
S315040098B83A2800F80404400134408000C4FFBF106D
S315040098C83A8807282EF23F11040640013A880728E9
S315040098D83AD8C620740081000402AE103A88871864
S315040098E8030080180408C0003A8885283AC88518F1
S315040098F83A2800F81700C02004FDFFDE150000DC36
S31504009908150280DC150140DC4400800017030022A0
S315040099183A881F0017044022170100242E55C01048
S3150400992804018000264F80188400800026028018CF
S315040099383AB044421E1A00103A880D003A880F00BD
S315040099483A88110034048000C4FFBF103A881D30D9
S315040099583A7084383A950A402CFCBF793AB08C3070
S315040099683404E000C4FFFF18FA9704803A70C6303E
S315040099783AB0461934006001C4FF7F293A704A197F
S315040099883AB08A283A8807283A880570170280DC8C
S31504009998170140DC170000DC0403C0DE3A2800F88F
S315040099A8170200218400BF00163F8020C4FF8000F0
S315040099B8162C0011C43F80003A708C4004208000A5
S315040099C83A8807003A880F00C4FF8022261E803092
S315040099D8C41F80003A8889403A800D223A884D325D
S315040099E83A8811203A88133034008800C4FFBF101F
S315040099F8360D40123A9604483AD20C403AD20E48EA
S31504009A08C4FF3F013AB08C1134044001C4FF7F29D6
S31504009A183A7004313A704639CCFF01523A880D102F
S31504009A283A880F1806C73F00FA9708487AD00440C0
S31504009A387AD00648440080523AB084203A881110F5
S31504009A483A88131806EB3F001EE13F38044000012C
S31504009A583A7004413AB0C41026E33F103A880530F8
S31504009A6806DC3F003A880D003A880F00C4FF01025D
S31504009A7806B43F003A8805003402C0003AB08C4068
S31504009A883AB0CE48C4FF3F0134044001C4FF7F29DD
S31504009A983A7004313A7046393A880D103A880F18E4
S31504009AA8C4FF010206A73F003AC80911040E800044
S31504009AB81643001104F8FF21164500383AD8D84948
S31504009AC83A881B003A882300440040013A88250056
S31504009AD8164700383A98D6293A881500C4FFBF00B5
S31504009AE83A8889503A888B583A808D223A884B317D
S31504009AF83A7004413A7046493AB0C4102602001036
S31504009B08440040043A882500C43F80003AB04E64B5
S31504009B183A709238042080003AB0906C3A8815005E
S31504009B2826168048C41F00013A8805393A80CD11A3
S31504009B383A880D323A880F1034008400C4FFBF10E7
S31504009B483A8811303A880700361B80113A96044041
S31504009B583AD208383AD20A403A8813183AB0081161
S31504009B68C4FFBF003404C000C4FFFF183A708C2039
S31504009B783A70CE28CCFF014A06723F001EE93F50D0
S31504009B88044000013A7004393A8807003AB0C41010
S31504009B98260600103A88453A3A80CD113A880D329D
S31504009BA83A880F103A8811303A880700340084003E
S31504009BB8C4FFBF102EE53F124400C00006E33F0071
S31504009BC83A8809003A8813003A880B0006E43F00ED
S31504009BD83A88474AC40780003AC805113A9886184D
S31504009BE83AD818413AD81A493AB0181B06B53F006C
S31504009BF87AD00628C40780003AC805113AD89618B8
S31504009C083A98142906B53F001701C02017004022C8
S31504009C1834048000C4FFBF103AD50818FAD70C18C4
S31504009C283A709418CCFF01223A881B283A881748B8
S31504009C38150180293A8819501E1E00403AB0844AF4
S31504009C48261900103AD604483A920C5084003F016B
S31504009C583400C400C4FFFF183AB08C11C400800055
S31504009C683A920A481500806815020069360B80196D
S31504009C783A880F203A8811183A8845293A804911B2
S31504009C883A8887313A88C9203A880B103A880D20D1
S31504009C98C4FFFF392EF83F411502C06915048069CF
S31504009CA8150340693A2800F88400800015008028C6
S31504009CB83A2800F8C4FF8100260F80403AD60C489B
S31504009CC83A9206503A9204483A8809003AB0C6309D
S31504009CD8340044013AB00C1144003F423AB04E19DC
S31504009CE8C40080001504C0691502006A150080685E
S31504009CF8150380693A2800F83AB0844A1E0300100E
S31504009D0804018000150080283A2800F83A880900DA
S31504009D18340240013A7004493A7046513AB0C410C4
S31504009D282605001044008000150080681504006BA1
S31504009D381503C06A3A2800F81500006806FB3F00B8
S31504009D48170080214400C0002E0A801917008028B5
S31504009D582E0880180401C0002626C0302622C0100A
S31504009D688400C0002605C0301E07C01017018020D5
S31504009D781E090010440080003A2800F81E1AC01074
S31504009D883A8805003A2800F81701002217018028A6
S31504009D982603804026F73F40C4FFBF003A2800F850
S31504009DA81702C0201702802816FAFF101609801811
S31504009DB81704C0211704C028170380211703802815
S31504009DC836F4FF192605C0383602C0381EECFF19CA
S31504009DD82EEBBF301EE73F4006EF3F002EFABF11B9
S31504009DE826E43F4006EC3F00170180281EE13F1099
S31504009DF806E93F001EDDBF111701C02817018020A0
S31504009E083AC885183A2800F804FDFFDE1502C0DFB3
S31504009E18150140DC150000DC3A882120161D0020B7
S31504009E2804034001004F00407400C1000458F018B0
S31504009E383A88C910261700201700802017048010B6
S31504009E48262100103AE83E103A8823103A880980F9
S31504009E5880300A40160200883A880500061D00006C
S31504009E687400810004DBB410170080101E03001070
S31504009E787400C100047DFB18060200003AE83E108F
S31504009E883A8807103AC8450415008018C4FFBF006D
S31504009E98061000007400810004DBB410170080105B
S31504009EA81E0300107400C100047DFB18060200009E
S31504009EB83AE83E103A8807104414800015008018C2
S31504009EC8C4FFBF00060300003A88098080300A40B0
S31504009ED83A8805001702C0DF170140DC170000DCCA
S31504009EE80403C0DE3A2800F83A8805303A2800F810
S31504009EF804FEFFDE1501C0DF150000DC3A882128C0
S31504009F081610002004034001004F00407400C100ED
S31504009F180458F0183A88C910260A00201700802029
S31504009F2817088010260300103A880B803AE83E107A
S31504009F380610000004008800150180803A88050090
S31504009F48060C00007400810004DBB41017008010AE
S31504009F581E0300107400C100047DFB1806020000ED
S31504009F683AE83E103A880710441480001500801811
S31504009F78C4FFBF001701C0DF170000DC0402C0DEFF
S31504009F883A2800F804EFFFDE1510C0DF150F00DCD1
S31504009F983A8821201611002004034001004F00408E
S31504009FA87400C1000458F0183A88C510260B00102E
S31504009FB817008010170880101E0200104400800045
S31504009FC8061200003A8809803A880BD880EF0940BF
S31504009FD8170180D820008810060C00007400810040
S31504009FE804DBB410170080101E0300107400C100AF
S31504009FF8047DFB18060200003AE83E103A8807106A
S3150400A00844148000150080183A8805001710C0DF2C
S3150400A018170F00DC0411C0DE3A2800F804FFFFDE3F
S3150400A0281500C0DF7400010104E034217400C10086
S3150400A0380449EE182609C0207400810104E0B431ED
S3150400A048260680190401400117008020150080188F
S3150400A0583A8847193A8849211EFBFF303400010122
S3150400A068040800213400C1000408C0182609C020C9
S3150400A07834008101045A80312606801904014001FE
S3150400A08817008020150080183A8847193A8849210C
S3150400A0981EFBFF307400010104542D217400C10015
S3150400A0A80454ED182609C020740081010449AE3110
S3150400A0B8260680190401400117008020150080181F
S3150400A0C83A8847193A8849211EFBFF3080BF0A405F
S3150400A0D8C0C60A401700C0DF0401C0DE3A2800F8EB
S3150400A0E804FDFFDE1502C0DF150140DC150000DCA7
S3150400A0F83A8821283A8823300E020020C4EB3F040C
S3150400A1080610000004034001004F00407400C1001B
S3150400A1180458F0183A88C91026170020170080201A
S3150400A128170780101E02001084DE3F04060500008F
S3150400A1383A880B803A880D883AE83E100E100010CB
S3150400A1483A8821107400810004DBB41017008010CB
S3150400A1581E0300107400C100047DFB1806020000EB
S3150400A1683AE83E103A8807103AC8050415008018DC
S3150400A178C4FFBF0006020000C4EB3F0406F13F001B
S3150400A1881702C0DF170140DC170000DC0403C0DE39
S3150400A1983A2800F804FEFFDE1501C0DF150000DCCE
S3150400A1A83A88090040510A40004D0A40740081016A
S3150400A1B80445AE313A8809303A880B3080E00A40C3
S3150400A1C817AE26D117AF66D117B0A6D140260040E0
S3150400A1D83A8821104400000100E109403A880980C0
S3150400A1E8802D0B403A2800F83A2800F804FDFFDED3
S3150400A1F81502C0DF150140DC150000DC3A88212869
S3150400A2083A882330162C002004034001004F0040EE
S3150400A2187400C1000458F0183A88C910262600208C
S3150400A22817028020CC0080104400C0002615C010F8
S3150400A2381700802017058010261200103A880B8014
S3150400A2483A880D883AE83E103A8821100E260010FE
S3150400A2587400810004DBB410170080101E0300107C
S3150400A2687400C100047DFB18060200003AE83E109B
S3150400A2783A8807103AC8050415008018C4FF3F0435
S3150400A288061900007400810004DBB410170080105E
S3150400A2981E0300107400C100047DFB1806020000AA
S3150400A2A83AE83E103A8807104403800015008018DF
S3150400A2B8C4FF3F04060C00007400810004DBB410DC
S3150400A2C8170080101E0300107400C100047DFB18DB
S3150400A2D8060200003AE83E103A8807104414800043
S3150400A2E815008018C4FF3F043A8805801702C0DFAA
S3150400A2F8170140DC170000DC0403C0DE3A2800F826
S3150400A30804FCFFDE1503C0DF150280DC150140DC02
S3150400A318150000DC3A882520840080000E0C001104
S3150400A328740041040458708C040300043A880B80B2
S3150400A338004F00403A884514150200103A880990DF
S3150400A3483A880B80004F00403A88451415000010DF
S3150400A3581703C0DF170280DC170140DC170000DC96
S3150400A3680404C0DE3A2800F83A300B0084FFBF0024
S3150400A3783A7084283A700110170CA0D0C4008010D3
S3150400A38804FFFF003A70C610150CE0D03A88091984
S3150400A39834808100040080102E0300113A700128CD
S3150400A3A8C4FFFF0006020000150C20D13A700128EC
S3150400A3B83A8805183A2800F804FDFFDE1502C0DFBE
S3150400A3C8150140DC150000DC3A8821283A88233038
S3150400A3D8162B002004034001004F00407400C100FE
S3150400A3E80458F0183A88C910262500201702802038
S3150400A3F8CC00801026150010170080201706801040
S3150400A408261200103A880B803A880D883AE83E10DE
S3150400A4183A8821100E2600107400810004DBB4105B
S3150400A428170080101E0300107400C100047DFB1879
S3150400A438060200003AE83E103A8807103AC80504AE
S3150400A44815008018C4FF3F04061900007400810033
S3150400A45804DBB410170080101E0300107400C1003A
S3150400A468047DFB18060200003AE83E103A880710F5
S3150400A4784403800015008018C4FF3F04060C00003E
S3150400A4887400810004DBB410170080101E0300104A
S3150400A4987400C100047DFB18060200003AE83E1069
S3150400A4A83A8807104414800015008018C4FF3F0436
S3150400A4B83A8805801702C0DF170140DC170000DC64
S3150400A4C80403C0DE3A2800F804FEFFDE1501C0DFE7
S3150400A4D8150000DC7400010404C230843A8809803B
S3150400A4E83A880B004401800180650A4004F63F81DE
S3150400A4F87400410104D87429C0BF0A401701C0DF9B
S3150400A508170000DC0402C0DE3A2800F804FFFFDE68
S3150400A5181500C0DF40100B40440080003A7001105B
S3150400A5281700C0DF0401C0DE3A2800F804FFFFDE86
S3150400A5381500C0DF17000021040A0021C0800A4064
S3150400A5481700C0DF0401C0DE3A2800F804FFFFDE66
S3150400A5581500C0DF3A88052017000021040A0021E7
S3150400A56817024011C05C0A401700C0DF0401C0DEB0
S3150400A5783A2800F804FFFFDE1500C0DF3A880520F4
S3150400A58817000021040A00211702C011809E0A4000
S3150400A5981700C0DF0401C0DE3A2800F804FFFFDE16
S3150400A5A81500C0DF3A88052017000021040A002197
S3150400A5B81702C01100880A401700C0DF0401C0DE74
S3150400A5C83A2800F8170C80210C0050293A000B2869
S3150400A5D8060300001E02002844FDBF003A2800F8BE
S3150400A5E8170D8020260380111709C0201701802023
S3150400A5F836F8BF183A8805003A2800F8170080206C
S3150400A6080401C01037008018040041013A7044114F
S3150400A61826050010170880203AB044113500801822
S3150400A62815090020060600001709C0203400A000FA
S3150400A63804FFBF103602C010440080181509802094
S3150400A648740081000482BB10170080103A2800F8B1
S3150400A65804FDFFDE1502C0DF150100DC3A8821205F
S3150400A6684400C0001508C020170080203501C0101A
S3150400A678150000D83A8809283A880B3074008101F5
S3150400A68804B6A9313A880F8080D00A40150900809B
S3150400A69804020081740081000482BB101700401173
S3150400A6A8740081010481A9313A880F8040B60A40B2
S3150400A6B80E0300103400A000C4FFBF1015018080EB
S3150400A6C81702C0DF170100DC0403C0DE3A2800F8CD
S3150400A6D817000022040180033A889943F4FF7F0394
S3150400A6E83700C0620CC08058264500100C408058BC
S3150400A6F826210010170A802044008010CCFF811000
S3150400A708170BC0202616C0101400A002040E40021F
S3150400A7184400C001C4FF8101370040413A70842ACD
S3150400A728260D0010170A80203A8805113A88451222
S3150400A73805004011170A80203A88C5113A70841119
S3150400A748150A8020170A80203A88C5113A708411A0
S3150400A758170BC0201EF0FF103A70442B2606001073
S3150400A7681708802084FFFF003A70C410150880205B
S3150400A77835008060370080600C80805826D83F10EA
S3150400A7883A70445B3AD40A1026D53F28170DC020E0
S3150400A798170C802026118018040E420244008001FA
S3150400A7A8C4FFC101170D80203A8805113A8845125D
S3150400A7B80700801035008040170D80203A888511DF
S3150400A7C83A70C411150D80203AC88B2926C43F282F
S3150400A7D8170DC020170C80201EF2BF181708C020BA
S3150400A7E844FFBF003A7086181508C0201700802059
S3150400A7F83A8885133500C0103700806006B83F00D4
S3150400A8083A2800F844809A002603802884809A000F
S3150400A8181E178028060D00001701C0203400A0006A
S3150400A828C4FFBF10261280181700803184FFFF303A
S3150400A83844FFBF102E02C0103400A00184FFBF31AC
S3150400A848150180213A8805003A2800F81701C02026
S3150400A8583400A000C4FFBF102605801817098020FD
S3150400A8683A80C510150080303A8805003A2800F861
S3150400A878C4F9BF003A2800F804F6FFDE1509C0DF5C
S3150400A888150800DF1507C0DD150680DD150540DD52
S3150400A898150400DD1503C0DC150280DC150140DC57
S3150400A8A8150000DC3A8825203A882F283A8827306C
S3150400A8B83A8839380E2280013A882BB8170A8095C7
S3150400A8C8170B4094360240B43AC861B40602000035
S3150400A8D8040082003AC86114260D00803A88299833
S3150400A8E8361D009C040E40913A8809A83A884B2CD8
S3150400A8F83A880D80809305403A882BAC3AC8279C41
S3150400A9083A884584CCFF8110150B809016EBFF041A
S3150400A9181E1CC0AD0C0090E01E0D0010170A809096
S3150400A9281E0380B01709C0901701809036FBBF1824
S3150400A938170A8090260480B00E03C00406DE3F0082
S3150400A9480C0090381E020010C4FEBF000618000052
S3150400A95844FDBF0006160000040E40913A8809A873
S3150400A9683A884B893A880D98809305403A88EBAC27
S3150400A9783A8827003A8845A4CCFF8110150B8090A5
S3150400A98806E33F003A30090084FFBF003A7084208A
S3150400A9983A700110170880905400801015088090AA
S3150400A9A81700C090350180183A7001203AC8C5AD21
S3150400A9B81709C0DF170800DF1707C0DD170680DD93
S3150400A9C8170540DD170400DD1703C0DC170280DC19
S3150400A9D8170140DC170000DC040AC0DE3A2800F838
S3150400A9E804F8FFDE1507C0DF150680DD150540DD12
S3150400A9F8150400DD1503C0DC150280DC150140DCF6
S3150400AA08150000DC3A8821203A882D283A88113026
S3150400AA183A882B38160680013A8829280621000028
S3150400AA283AC885A50643000044FDBF000641000058
S3150400AA383A882928170C8084170D40812E034091E3
S3150400AA483AC8852CC4FFBF11060600002603002851
S3150400AA58040082003AC88D1406020000C4FF81006F
S3150400AA683AC88D14262600303A8827403A88233077
S3150400AA782E0180413A882340040E02813A888924AB
S3150400AA883A880BA03A880D88809305403A8869A4C9
S3150400AA983AC8519C3A884594CCFF8110150C80809D
S3150400AAA816E43F023A30090084FFBF003A70842056
S3150400AAB83A70011017088080940080101508808069
S3150400AAC81700C080350180183A7001200607000077
S3150400AAD8170D80801E0340111709C0801701808056
S3150400AAE836FBBF18170D80801EED7F111ECC3FB5AF
S3150400AAF80C0090A81ECC3F10C4FEBF00060D000033
S3150400AB083A30090084FFBF003A7084203A70011075
S3150400AB181708808094008010150880801700C0806C
S3150400AB28350180183A7001200C0090A826E83F10D9
S3150400AB3806EE3F001707C0DF170680DD170540DD60
S3150400AB48170400DD1703C0DC170280DC170140DC9C
S3150400AB58170000DC0408C0DE3A2800F874008100F7
S3150400AB680482BB10170080101E02001084DEBF008A
S3150400AB783A2800F81E02002084FABF003A2800F892
S3150400AB88150380211505C0213A300F0084FFBF0044
S3150400AB983A7084383A700110740081000483BB103B
S3150400ABA81700C010440080013A8885193A88852818
S3150400ABB8150280202E02C01005048021060100001B
S3150400ABC8050400207400810004DEB41015018020F9
S3150400ABD81700C0101500C0201700C0101501001971
S3150400ABE8150000113A7001383A8805003A2800F829
S3150400ABF83A2800F804FFFFDE1500C0DF260200200D
S3150400AC08170280201E0D00107400810004DBB410A6
S3150400AC18170080101E0300107400C100047DFB1881
S3150400AC28060200003AE83E103A88071084058000B8
S3150400AC381500801884FABF00060700001501402194
S3150400AC481700802815008020170080281501001198
S3150400AC58150000293A8805001700C0DF0401C0DE84
S3150400AC683A2800F83A2800F8FA3005004400C000EB
S3150400AC783A9846193A70C4103AC004103A2800F8AB
S3150400AC883A300D0084FFBF003A7084303A700110E0
S3150400AC987400C1000481FB181700001944008000E1
S3150400ACA83A9844113AB00411150080181700801810
S3150400ACB8FA7001103A7001303A8805003A2800F80B
S3150400ACC83A300D0084FFBF003A7084303A700110A0
S3150400ACD87400C1000481FB181700001984FFBF0023
S3150400ACE83A1844113A700411150080181700801890
S3150400ACF8FA7001103A7001303A8805003A2800F8CB
S3150400AD0804FEFFDE1501C0DF170280D8150080D8BF
S3150400AD1880D20A401701C0DF0402C0DE3A2800F8D0
S3150400AD2804FEFFDE1501C0DF150000DCC407800041
S3150400AD380E02401184FABF00060F00003A302100C3
S3150400AD4884FFBF003A7084803A700110FA90042890
S3150400AD587400C100048EFB183A88C51015008011CA
S3150400AD681501C0112602003080C80A4006010000F9
S3150400AD7880CC0A403A7001801701C0DF170000DC56
S3150400AD880402C0DE3A2800F804FDFFDE1502C0DF1F
S3150400AD98150140DC150000DC3A8823203A88092886
S3150400ADA83A880B303A880D3800EA0A403A88211066
S3150400ADB8160E00103A88091004034001004F00409B
S3150400ADC87400C1000458F0183A88C5101700C0105A
S3150400ADD81500C0881701C0101501C0881702801015
S3150400ADE8150280883A88098080300A401702C0DF35
S3150400ADF8170140DC170000DC0403C0DE3A2800F81B
S3150400AE0804FAFFDE1505C0DF150400DD1503C0DCF2
S3150400AE18150280DC150140DC150000DC3A880520A3
S3150400AE283A8827283A88293074000104045B308458
S3150400AE3844008004C47F40043A8809803A880B1089
S3150400AE483A880D903A880F8800D90A4004FD3F8451
S3150400AE583A8809803A880B983A880D003A880F8808
S3150400AE6800D90A40040600813A880BA03A880D9056
S3150400AE783A880F8800D90A401705C0DF170400DD91
S3150400AE881703C0DC170280DC170140DC170000DC5E
S3150400AE980406C0DE3A2800F804F9FFDE1506C0DF0A
S3150400AEA8150540DD150400DD1503C0DC150280DC3C
S3150400AEB8150140DC150000DC3A8829203A88272841
S3150400AEC83A882B307400410104D87429C0100B4009
S3150400AED83A882110260200103A882500060A00003E
S3150400AEE83A8809A0C0170B403A8821101E0500109D
S3150400AEF8C4FF7F0444FB3F04062D0000C4FC3F0442
S3150400AF08062B0000440080043A88098080230B40FD
S3150400AF183A882310163500103A88091004034001AC
S3150400AF28004F004074000102045830423A8809125E
S3150400AF3834009000C4FFBF103A7086981502C020EA
S3150400AF483AC004901E12001034009018150280208E
S3150400AF587400810004DAB4101700C01117008021A8
S3150400AF683A880B003A88074044004002040300026A
S3150400AF78170080181E038011170280180E0100108E
S3150400AF881EDE3F193A884B2A3A88071A2EF87F3963
S3150400AF9817038080261700103A880BA03A880D9864
S3150400AFA83A880FA83AE83E103A8821100E11001084
S3150400AFB83A88098880300A407400810004DBB4109A
S3150400AFC8170080101E0300107400C100047DFB18CE
S3150400AFD8060200003AE83E103A8807103AC8050403
S3150400AFE815008018C4FF7F04060200003A88211061
S3150400AFF806EF3F003A8805881706C0DF170540DDC7
S3150400B008170400DD1703C0DC170280DC170140DCD7
S3150400B018170000DC0407C0DE3A2800F83A300B00B3
S3150400B02884FFBF003A7084283A7001101700C020C4
S3150400B0381701802015018018170180201500C010FB
S3150400B04815010021150000213A7001283A2800F854
S3150400B05804FDFFDE1502C0DF150140DC150000DC27
S3150400B068170E20D417B3A6D04400801015B3A6D063
S3150400B078061B000017004084030480802603001082
S3150400B08817B3A6D01E0100100504008017B3E6D036
S3150400B0981702808036118018030480801E0F001062
S3150400B0A817038080170500813AE83E103A8807108E
S3150400B0B81E0300103A88098040020B400607000068
S3150400B0C8170280803A8885181502808017B3E6D05F
S3150400B0D82E02C01044008000050480803A88218826
S3150400B0E8040EA0D01EE3BF801702C0DF170140DCA0
S3150400B0F8170000DC0403C0DE3A2800F8FA700100E1
S3150400B1083A2800F804FBFFDE1504C0DF1503C0DC8B
S3150400B118150280DC150140DC150000DC3A8827207E
S3150400B1283A8821281700402C4065004044008014C2
S3150400B1382607008C170200893A880B983A880D90DE
S3150400B14800310B40260300101700408C1EF97F843B
S3150400B1583A8823003A8805881704C0DF1703C0DC39
S3150400B168170280DC170140DC170000DC0405C0DE8A
S3150400B1783A2800F804F9FFDE1506C0DF150540DD98
S3150400B188150400DD1503C0DC150280DC150140DC5E
S3150400B198150000DC3A8825207400810004D6B41012
S3150400B1A8170040143A882B1026168088C4FF3F05DA
S3150400B1B8C40BC0041702008C3A8809804065004015
S3150400B1C83A8807103A8885803A880515070080105A
S3150400B1D81E01C0143A88071D3A88851C070080108A
S3150400B1E82601C0141E0500103A8809803A880B9077
S3150400B1F83A880D1800310B40260300101700408CBE
S3150400B2081EEC7F8D3A8823003A8805881706C0DF26
S3150400B218170540DD170400DD1703C0DC170280DCC0
S3150400B228170140DC170000DC0407C0DE3A2800F8E2
S3150400B23804FBFFDE1504C0DF1503C0DC150280DC41
S3150400B248150140DC150000DC3A8825203A882100DF
S3150400B2587400C1000458F0187400C10404DAF49C9C
S3150400B268170080181E0E00103A880980040340014E
S3150400B278004F00407400C1000458F0183A88C510FD
S3150400B2881500801417008098160200143A88058061
S3150400B298060800001500009C3A880580060500008B
S3150400B2A8440000840403C018040880001EECBF8010
S3150400B2B804FABF001704C0DF1703C0DC170280DCDA
S3150400B2C8170140DC170000DC0405C0DE3A2800F844
S3150400B2D804FEFFDE3A880B00150000DC1501C0DF0A
S3150400B2E83A88212080380B407400810004D1B410B8
S3150400B2F817000011170F8020260100103AE83E10A7
S3150400B3083A88098080530B40C400C0002E03801974
S3150400B3183AB044213A70C410260F0010C4FFFF3116
S3150400B3281E060030060A0000C4FFFF39C4FFBF002A
S3150400B3384400002144004029260580380300C02023
S3150400B3480300802826F8BF183AC885183A2800F852
S3150400B3583A8805003A2800F83A880F181700C020DA
S3150400B368170080281EEDBF1804FFBF310401002111
S3150400B3780401402936F9BF3906E83F003A2800F89F
S3150400B3887400810004D1B4101700801004F3FFDEA2
S3150400B398150B00DF150180D83400800004008010E6
S3150400B3A83A000510150280D8170180D8150840DD23
S3150400B3B8150700DD04528010150CC0DF150AC0DD20
S3150400B3C8150980DD1506C0DC150580DC150440DC8E
S3150400B3D8150300DC3A882B283A883920150080D8CA
S3150400B3E83A002928170180D81752401426100088D5
S3150400B3F81700C0DD170180880422808CC4FF3F141F
S3150400B40816090080C4FFBF051E1500A03A880984E2
S3150400B4183A8805213A8885141720C0102611C0A831
S3150400B428C4FF3F841EF8BF85170280D82631001052
S3150400B438170CC0DF170B00DF170AC0DD170980DDFC
S3150400B448170840DD170700DD1706C0DC170580DC82
S3150400B458170440DC170300DC040DC0DE3A2800F8A4
S3150400B4683A8809841701C0883A8805213A88451418
S3150400B478C4FFFF18170280112615001C15020010B8
S3150400B48826E73F304400C0003A98061C17408090CF
S3150400B4981701C08C3A70841826140010174180903E
S3150400B4A83A7084181E0C00103A8805213A888514C7
S3150400B4B8170040113A8809E03AE83E3017018088B7
S3150400B4C81EC8BF98170080B826D57F1406C53F0046
S3150400B4D81501008C06EA3F003A8805213A88851446
S3150400B4E8170000113AE83E3006F43F003AE83E30C9
S3150400B4F806F23F00170180881E080010170000890D
S3150400B50826070020150000B93A88098800000000BB
S3150400B518170040BC1EB73F8806C53F0017000089C0
S3150400B5283A882F883A8823201EB23F8806C03F00EF
S3150400B5382602002070F02A0006010000B0F02A0056
S30D0400B54806FF3F0084B3000472
S3150400B5503D3D3D205369676E616C20747269616E6E
S3150400B560676C652050574D203D3D3D0044726F6920
S3150400B570743D4156414E5420204761756368653DCC
S3150400B58041525249455245005669746573736520A4
S3150400B5903A20307825303358202D3E203078253017
S3150400B5A03358202D3E20307825303358202E2E2E29
S3150400B5B00A0000002D2D204D6F6E746565202D2D1B
S3150400B5C00000000076697465737365203D20307849
S3150400B5D0253033582028253464202F203331323542
S3150400B5E0203D202533642525290A00002D2D2044DD
S3150400B5F0657363656E7465202D2D0000303132331A
S3150400B6003435363738396162636465660000000094
S3150400B610494E4600696E66004E414E006E616E00EC
S3150400B620286E756C6C290000303132333435363768
S3150400B630383941424344454600000000627567209C
S3150400B640696E2076667072696E74663A2062616409
S3150400B65020626173650000003000303030303030D5
S3150400B6603030303030303030303020202020202030
S3150400B670202020202020202020200000496E6669FA
S3150400B6806E697479000000004E614E0043000000AC
S3150400B6902E00000049534F2D383835392D3100001E
S3150400B6A090B60004C0B50004C0B50004C0B50004DB
S3150400B6B0C0B50004C0B50004C0B50004C0B500049C
S3150400B6C0C0B50004C0B500047F7F7F7F7F7F7F7F86
S3150400B6D0000000000000F03F0000000000002440CD
S3150400B6E000000000000059400000000000408F40A8
S3150400B6F0000000000088C34000000000006AF84013
S3150400B7000000000080842E4100000000D012634136
S3150400B7100000000084D797410000000065CDCD41AC
S3150400B720000000205FA00242000000E8764837428D
S3150400B730000000A2941A6D42000040E59C30A2422B
S3150400B7400000901EC4BCD64200003426F56B0C43A0
S3150400B7500080E03779C3414300A0D8855734764347
S3150400B76000C84E676DC1AB43003D9160E458E143A8
S3150400B770408CB5781DAF154450EFE2D6E41A4B441D
S3150400B78092D54D06CFF08044F64AE1C7022DB54462
S3150400B790B49DD9794378EA440080E03779C34143BC
S3150400B7A0176E05B5B5B89346F5F93FE9034F384D1D
S3150400B7B0321D30F94877825A3CBF737FDD4F1575C9
S3150400B7C0BC89D897B2D29C3C33A7A8D523F649396D
S3150400B7D03DA7F444FD0FA5329D978CCF08BA5B258F
S3150400B7E0436FAC642806C80A05000000190000006F
S3150400B7F07D000000000000000000000000000000C2
S3150400B800000000000000000000010202030303031D
S3150400B81004040404040404040505050505050505D6
S3150400B82005050505050505050606060606060606B6
S3150400B830060606060606060606060606060606069E
S3150400B8400606060606060606070707070707070786
S3150400B850070707070707070707070707070707076E
S3150400B860070707070707070707070707070707075E
S3150400B870070707070707070707070707070707074E
S3150400B8800707070707070707080808080808080836
S3150400B890080808080808080808080808080808081E
S3150400B8A0080808080808080808080808080808080E
S3150400B8B008080808080808080808080808080808FE
S3150400B8C008080808080808080808080808080808EE
S3150400B8D008080808080808080808080808080808DE
S3150400B8E008080808080808080808080808080808CE
S3150400B8F008080808080808080808080808080808BE
S3150400B90008080808080808082F6465762F6E756C01
S3150400B9106C0000002F6465762F6A7461675F756139
S3090400B9207274000033
S3150400D3800000000010BC00046CBC0004C8BC00040F
S3150400D3900000000000000000000000000000000083
S3150400D3A00000000000000000000000000000000073
S3150400D3B0000000008CB6000400000000000000001D
S3150400D3C00000000000000000000000000000000053
S3150400D3D00000000000000000000000000000000043
S3150400D3E00000000000000000000000000000000033
S3150400D3F00000000000000000000000000000000023
S3150400D4000000000000000000000000000000000012
S3150400D4100000000000000000000000000000000002
S3150400D4200000000001000000000000000E33CDAB38
S3150400D43034126DE6ECDE05000B000000000000006F
S3150400D44000000000000000000000000000000000D2
S3150400D45000000000000000000000000000000000C2
S3150400D46000000000000000000000000000000000B2
S3150400D47000000000000000000000000000000000A2
S3150400D4800000000000000000000000000000000092
S3150400D4900000000000000000000000000000000082
S3150400D4A00000000000000000000000000000000072
S3150400D4B00000000000000000000000000000000062
S3150400D4C00000000000000000000000000000000052
S3150400D4D00000000000000000000000000000000042
S3150400D4E00000000000000000000000000000000032
S3150400D4F00000000000000000000000000000000022
S3150400D5000000000000000000000000000000000011
S3150400D5100000000000000000000000000000000001
S3150400D52000000000000000000000000000000000F1
S3150400D53000000000000000000000000000000000E1
S3150400D54000000000000000000000000000000000D1
S3150400D55000000000000000000000000000000000C1
S3150400D56000000000000000000000000000000000B1
S3150400D57000000000000000000000000000000000A1
S3150400D5800000000000000000000000000000000091
S3150400D5900000000000000000000000000000000081
S3150400D5A00000000000000000000000000000000071
S3150400D5B00000000000000000000000000000000061
S3150400D5C00000000000000000000000000000000051
S3150400D5D00000000000000000000000000000000041
S3150400D5E00000000000000000000000000000000031
S3150400D5F00000000000000000000000000000000021
S3150400D6000000000000000000000000000000000010
S3150400D6100000000000000000000000000000000000
S3150400D62000000000000000000000000000000000F0
S3150400D63000000000000000000000000000000000E0
S3150400D64000000000000000000000000000000000D0
S3150400D65000000000000000000000000000000000C0
S3150400D66000000000000000000000000000000000B0
S3150400D67000000000000000000000000000000000A0
S3150400D6800000000000000000000000000000000090
S3150400D6900000000000000000000000000000000080
S3150400D6A00000000000000000000000000000000070
S3150400D6B00000000000000000000000000000000060
S3150400D6C00000000000000000000000000000000050
S3150400D6D00000000000000000000000000000000040
S3150400D6E00000000000000000000000000000000030
S3150400D6F00000000000000000000000000000000020
S3150400D700000000000000000000000000000000000F
S3150400D71000000000000000000000000000000000FF
S3150400D72000000000000000000000000000000000EF
S3150400D73000000000000000000000000000000000DF
S3150400D74000000000000000000000000000000000CF
S3150400D75000000000000000000000000000000000BF
S3150400D76000000000000000000000000000000000AF
S3150400D770000000000000000000000000000000009F
S3150400D780430000000000000000000000000000004C
S3150400D7900000000030BD000430BD000438BD0004A4
S3150400D7A038BD000440BD000440BD000448BD00046B
S3150400D7B048BD000450BD000450BD000458BD00041B
S3150400D7C058BD000460BD000460BD000468BD0004CB
S3150400D7D068BD000470BD000470BD000478BD00047B
S3150400D7E078BD000480BD000480BD000488BD00042B
S3150400D7F088BD000490BD000490BD000498BD0004DB
S3150400D80098BD0004A0BD0004A0BD0004A8BD00048A
S3150400D810A8BD0004B0BD0004B0BD0004B8BD00043A
S3150400D820B8BD0004C0BD0004C0BD0004C8BD0004EA
S3150400D830C8BD0004D0BD0004D0BD0004D8BD00049A
S3150400D840D8BD0004E0BD0004E0BD0004E8BD00044A
S3150400D850E8BD0004F0BD0004F0BD0004F8BD0004FA
S3150400D860F8BD000400BE000400BE000408BE0004A7
S3150400D87008BE000410BE000410BE000418BE000456
S3150400D88018BE000420BE000420BE000428BE000406
S3150400D89028BE000430BE000430BE000438BE0004B6
S3150400D8A038BE000440BE000440BE000448BE000466
S3150400D8B048BE000450BE000450BE000458BE000416
S3150400D8C058BE000460BE000460BE000468BE0004C6
S3150400D8D068BE000470BE000470BE000478BE000476
S3150400D8E078BE000480BE000480BE000488BE000426
S3150400D8F088BE000490BE000490BE000498BE0004D6
S3150400D90098BE0004A0BE0004A0BE0004A8BE000485
S3150400D910A8BE0004B0BE0004B0BE0004B8BE000435
S3150400D920B8BE0004C0BE0004C0BE0004C8BE0004E5
S3150400D930C8BE0004D0BE0004D0BE0004D8BE000495
S3150400D940D8BE0004E0BE0004E0BE0004E8BE000445
S3150400D950E8BE0004F0BE0004F0BE0004F8BE0004F5
S3150400D960F8BE000400BF000400BF000408BF0004A2
S3150400D97008BF000410BF000410BF000418BF000451
S3150400D98018BF000420BF000420BF000428BF000401
S3150400D99028BF000430BF000430BF000438BF0004B1
S3150400D9A038BF000440BF000440BF000448BF000461
S3150400D9B048BF000450BF000450BF000458BF000411
S3150400D9C058BF000460BF000460BF000468BF0004C1
S3150400D9D068BF000470BF000470BF000478BF000471
S3150400D9E078BF000480BF000480BF000488BF000421
S3150400D9F088BF000490BF000490BF000498BF0004D1
S3150400DA0098BF0004A0BF0004A0BF0004A8BF000480
S3150400DA10A8BF0004B0BF0004B0BF0004B8BF000430
S3150400DA20B8BF0004C0BF0004C0BF0004C8BF0004E0
S3150400DA30C8BF0004D0BF0004D0BF0004D8BF000490
S3150400DA40D8BF0004E0BF0004E0BF0004E8BF000440
S3150400DA50E8BF0004F0BF0004F0BF0004F8BF0004F0
S3150400DA60F8BF000400C0000400C0000408C000049D
S3150400DA7008C0000410C0000410C0000418C000044C
S3150400DA8018C0000420C0000420C0000428C00004FC
S3150400DA9028C0000430C0000430C0000438C00004AC
S3150400DAA038C0000440C0000440C0000448C000045C
S3150400DAB048C0000450C0000450C0000458C000040C
S3150400DAC058C0000460C0000460C0000468C00004BC
S3150400DAD068C0000470C0000470C0000478C000046C
S3150400DAE078C0000480C0000480C0000488C000041C
S3150400DAF088C0000490C0000490C0000498C00004CC
S3150400DB0098C00004A0C00004A0C00004A8C000047B
S3150400DB10A8C00004B0C00004B0C00004B8C000042B
S3150400DB20B8C00004C0C00004C0C00004C8C00004DB
S3150400DB30C8C00004D0C00004D0C00004D8C000048B
S3150400DB40D8C00004E0C00004E0C00004E8C000043B
S3150400DB50E8C00004F0C00004F0C00004F8C00004EB
S3150400DB60F8C0000400C1000400C1000408C1000498
S3150400DB7008C1000410C1000410C1000418C1000447
S3150400DB8018C1000420C1000420C1000428C10004F7
S3150400DB9028C1000460D3000460D3000408B900045B
S3150400DBA0000000000000000000000000F09E0004D9
S3150400DBB000000000000000000000000038C100045E
S3150400DBC0000000000000000038C10004000000004E
S3150400DBD00000000038C1000400000000000000003E
S3150400DBE0000000000000000000000000000000002B
S3150400DBF0000000000000000000000000000000001B
S3150400DC00000000000000000000000000000000000A
S3150400DC1000000000000000000000000000000000FA
S3150400DC2000000000000000000000000000000000EA
S3150400DC3000000000000000000000000000000000DA
S3150400DC4000000000000000000000000000000000CA
S3150400DC5000000000000000000000000000000000BA
S3150400DC6000000000000000000000000000000000AA
S3150400DC70000000000000000000000000000000009A
S3150400DC80000000000000000000000000000000008A
S3150400DC90000000000000000000000000000000007A
S3150400DCA0000000000000000000000000000000006A
S3150400DCB0000000000000000000000000000000005A
S3150400DCC0000000000000000000000000000000004A
S3150400DCD0000000000000000000000000000000003A
S3150400DCE0000000000000000000000000000000002A
S3150400DCF0000000000000000000000000000000001A
S3150400DD000000000000000000000000000000000009
S3150400DD1000000000000000000000000000000000F9
S3150400DD2000000000000000000000000000000000E9
S3150400DD3000000000000000000000000000000000D9
S3150400DD400000000014B900040000000054A50004FB
S3150400DD50A4A500047CA50004000000000000000047
S3150400DD6034A50004501000000A0000000000000062
S3150400DD700000000000000000000000000000000099
S3150400DD800000000000000000000000000000000089
S3150400DD900000000000000000000000000000000079
S3150400DDA00000000000000000000000000000000069
S3150400DDB00000000000000000000000000000000059
S3150400DDC00000000000000000000000000000000049
S3150400DDD00000000000000000000000000000000039
S3150400DDE00000000000000000000000000000000029
S3150400DDF00000000000000000000000000000000019
S3150400DE000000000000000000000000000000000008
S3150400DE1000000000000000000000000000000000F8
S3150400DE2000000000000000000000000000000000E8
S3150400DE3000000000000000000000000000000000D8
S3150400DE4000000000000000000000000000000000C8
S3150400DE5000000000000000000000000000000000B8
S3150400DE6000000000000000000000000000000000A8
S3150400DE700000000000000000000000000000000098
S3150400DE800000000000000000000000000000000088
S3150400DE900000000000000000000000000000000078
S3150400DEA00000000000000000000000000000000068
S3150400DEB00000000000000000000000000000000058
S3150400DEC00000000000000000000000000000000048
S3150400DED00000000000000000000000000000000038
S3150400DEE00000000000000000000000000000000028
S3150400DEF00000000000000000000000000000000018
S3150400DF000000000000000000000000000000000007
S3150400DF1000000000000000000000000000000000F7
S3150400DF2000000000000000000000000000000000E7
S3150400DF3000000000000000000000000000000000D7
S3150400DF4000000000000000000000000000000000C7
S3150400DF5000000000000000000000000000000000B7
S3150400DF6000000000000000000000000000000000A7
S3150400DF700000000000000000000000000000000097
S3150400DF800000000000000000000000000000000087
S3150400DF900000000000000000000000000000000077
S3150400DFA00000000000000000000000000000000067
S3150400DFB00000000000000000000000000000000057
S3150400DFC00000000000000000000000000000000047
S3150400DFD00000000000000000000000000000000037
S3150400DFE00000000000000000000000000000000027
S3150400DFF00000000000000000000000000000000017
S3150400E0000000000000000000000000000000000006
S3150400E01000000000000000000000000000000000F6
S3150400E02000000000000000000000000000000000E6
S3150400E03000000000000000000000000000000000D6
S3150400E04000000000000000000000000000000000C6
S3150400E05000000000000000000000000000000000B6
S3150400E06000000000000000000000000000000000A6
S3150400E0700000000000000000000000000000000096
S3150400E0800000000000000000000000000000000086
S3150400E0900000000000000000000000000000000076
S3150400E0A00000000000000000000000000000000066
S3150400E0B00000000000000000000000000000000056
S3150400E0C00000000000000000000000000000000046
S3150400E0D00000000000000000000000000000000036
S3150400E0E00000000000000000000000000000000026
S3150400E0F00000000000000000000000000000000016
S3150400E1000000000000000000000000000000000005
S3150400E11000000000000000000000000000000000F5
S3150400E12000000000000000000000000000000000E5
S3150400E13000000000000000000000000000000000D5
S3150400E14000000000000000000000000000000000C5
S3150400E15000000000000000000000000000000000B5
S3150400E16000000000000000000000000000000000A5
S3150400E1700000000000000000000000000000000095
S3150400E1800000000000000000000000000000000085
S3150400E1900000000000000000000000000000000075
S3150400E1A00000000000000000000000000000000065
S3150400E1B00000000000000000000000000000000055
S3150400E1C00000000000000000000000000000000045
S3150400E1D00000000000000000000000000000000035
S3150400E1E00000000000000000000000000000000025
S3150400E1F00000000000000000000000000000000015
S3150400E2000000000000000000000000000000000004
S3150400E21000000000000000000000000000000000F4
S3150400E22000000000000000000000000000000000E4
S3150400E23000000000000000000000000000000000D4
S3150400E24000000000000000000000000000000000C4
S3150400E25000000000000000000000000000000000B4
S3150400E26000000000000000000000000000000000A4
S3150400E2700000000000000000000000000000000094
S3150400E2800000000000000000000000000000000084
S3150400E2900000000000000000000000000000000074
S3150400E2A00000000000000000000000000000000064
S3150400E2B00000000000000000000000000000000054
S3150400E2C00000000000000000000000000000000044
S3150400E2D00000000000000000000000000000000034
S3150400E2E00000000000000000000000000000000024
S3150400E2F00000000000000000000000000000000014
S3150400E3000000000000000000000000000000000003
S3150400E31000000000000000000000000000000000F3
S3150400E32000000000000000000000000000000000E3
S3150400E33000000000000000000000000000000000D3
S3150400E34000000000000000000000000000000000C3
S3150400E35000000000000000000000000000000000B3
S3150400E36000000000000000000000000000000000A3
S3150400E3700000000000000000000000000000000093
S3150400E3800000000000000000000000000000000083
S3150400E3900000000000000000000000000000000073
S3150400E3A00000000000000000000000000000000063
S3150400E3B00000000000000000000000000000000053
S3150400E3C00000000000000000000000000000000043
S3150400E3D00000000000000000000000000000000033
S3150400E3E00000000000000000000000000000000023
S3150400E3F00000000000000000000000000000000013
S3150400E4000000000000000000000000000000000002
S3150400E41000000000000000000000000000000000F2
S3150400E42000000000000000000000000000000000E2
S3150400E43000000000000000000000000000000000D2
S3150400E44000000000000000000000000000000000C2
S3150400E45000000000000000000000000000000000B2
S3150400E46000000000000000000000000000000000A2
S3150400E4700000000000000000000000000000000092
S3150400E4800000000000000000000000000000000082
S3150400E4900000000000000000000000000000000072
S3150400E4A00000000000000000000000000000000062
S3150400E4B00000000000000000000000000000000052
S3150400E4C00000000000000000000000000000000042
S3150400E4D00000000000000000000000000000000032
S3150400E4E00000000000000000000000000000000022
S3150400E4F00000000000000000000000000000000012
S3150400E5000000000000000000000000000000000001
S3150400E51000000000000000000000000000000000F1
S3150400E52000000000000000000000000000000000E1
S3150400E53000000000000000000000000000000000D1
S3150400E54000000000000000000000000000000000C1
S3150400E55000000000000000000000000000000000B1
S3150400E56000000000000000000000000000000000A1
S3150400E5700000000000000000000000000000000091
S3150400E5800000000000000000000000000000000081
S3150400E5900000000000000000000000000000000071
S3150400E5A00000000000000000000000000000000061
S3150400E5B00000000000000000000000000000000051
S3150400E5C00000000000000000000000000000000041
S3150400E5D00000000000000000000000000000000031
S3150400E5E00000000000000000000000000000000021
S3150400E5F00000000000000000000000000000000011
S3150400E6000000000000000000000000000000000000
S3150400E61000000000000000000000000000000000F0
S3150400E62000000000000000000000000000000000E0
S3150400E63000000000000000000000000000000000D0
S3150400E64000000000000000000000000000000000C0
S3150400E65000000000000000000000000000000000B0
S3150400E66000000000000000000000000000000000A0
S3150400E6700000000000000000000000000000000090
S3150400E6800000000000000000000000000000000080
S3150400E6900000000000000000000000000000000070
S3150400E6A00000000000000000000000000000000060
S3150400E6B00000000000000000000000000000000050
S3150400E6C00000000000000000000000000000000040
S3150400E6D00000000000000000000000000000000030
S3150400E6E00000000000000000000000000000000020
S3150400E6F00000000000000000000000000000000010
S3150400E70000000000000000000000000000000000FF
S3150400E71000000000000000000000000000000000EF
S3150400E72000000000000000000000000000000000DF
S3150400E73000000000000000000000000000000000CF
S3150400E74000000000000000000000000000000000BF
S3150400E75000000000000000000000000000000000AF
S3150400E760000000000000000000000000000000009F
S3150400E770000000000000000000000000000000008F
S3150400E780000000000000000000000000000000007F
S3150400E790000000000000000000000000000000006F
S3150400E7A0000000000000000000000000000000005F
S3150400E7B0000000000000000000000000000000004F
S3150400E7C0000000000000000000000000000000003F
S3150400E7D0000000000000000000000000000000002F
S3150400E7E0000000000000000000000000000000001F
S3150400E7F0000000000000000000000000000000000F
S3150400E80000000000000000000000000000000000FE
S3150400E81000000000000000000000000000000000EE
S3150400E82000000000000000000000000000000000DE
S3150400E83000000000000000000000000000000000CE
S3150400E84000000000000000000000000000000000BE
S3150400E85000000000000000000000000000000000AE
S3150400E860000000000000000000000000000000009E
S3150400E870000000000000000000000000000000008E
S3150400E880000000000000000000000000000000007E
S3150400E890000000000000000000000000000000006E
S3150400E8A0000000000000000000000000000000005E
S3150400E8B0000000000000000000000000000000004E
S3150400E8C0000000000000000000000000000000003E
S3150400E8D0000000000000000000000000000000002E
S3150400E8E0000000000000000000000000000000001E
S3150400E8F0000000000000000000000000000000000E
S3150400E90000000000000000000000000000000000FD
S3150400E91000000000000000000000000000000000ED
S3150400E92000000000000000000000000000000000DD
S3150400E93000000000000000000000000000000000CD
S3150400E94000000000000000000000000000000000BD
S3150400E95000000000000000000000000000000000AD
S3150400E960000000000000000000000000000000009D
S3150400E970000000000000000000000000000000008D
S3150400E980000000000000000000000000000000007D
S3150400E990000000000000000000000000000000006D
S3150400E9A0000000000000000000000000000000005D
S3150400E9B0000000000000000000000000000000004D
S3150400E9C0000000000000000000000000000000003D
S3150400E9D0000000000000000000000000000000002D
S3150400E9E0000000000000000000000000000000001D
S3150400E9F0000000000000000000000000000000000D
S3150400EA0000000000000000000000000000000000FC
S3150400EA1000000000000000000000000000000000EC
S3150400EA2000000000000000000000000000000000DC
S3150400EA3000000000000000000000000000000000CC
S3150400EA4000000000000000000000000000000000BC
S3150400EA5000000000000000000000000000000000AC
S3150400EA60000000000000000000000000000000009C
S3150400EA70000000000000000000000000000000008C
S3150400EA80000000000000000000000000000000007C
S3150400EA90000000000000000000000000000000006C
S3150400EAA0000000000000000000000000000000005C
S3150400EAB0000000000000000000000000000000004C
S3150400EAC0000000000000000000000000000000003C
S3150400EAD0000000000000000000000000000000002C
S3150400EAE0000000000000000000000000000000001C
S3150400EAF0000000000000000000000000000000000C
S3150400EB0000000000000000000000000000000000FB
S3150400EB1000000000000000000000000000000000EB
S3150400EB2000000000000000000000000000000000DB
S3150400EB3000000000000000000000000000000000CB
S3150400EB4000000000000000000000000000000000BB
S3150400EB5000000000000000000000000000000000AB
S3150400EB60000000000000000000000000000000009B
S3150400EB70000000000000000000000000000000008B
S3150400EB80000000000000000000000000000000007B
S3150400EB90000000000000000000000000000000006B
S3150400EBA0000000000000000000000000000000005B
S3150400EBB0000000000000000000000000000000004B
S3150400EBC0000000000000000000000000000000003B
S3150400EBD0000000000000000000000000000000002B
S3150400EBE0000000000000000000000000000000001B
S3150400EBF0000000000000000000000000000000000B
S3150400EC0000000000000000000000000000000000FA
S3150400EC1000000000000000000000000000000000EA
S3150400EC2000000000000000000000000000000000DA
S3150400EC3000000000000000000000000000000000CA
S3150400EC4000000000000000000000000000000000BA
S3150400EC5000000000000000000000000000000000AA
S3150400EC60000000000000000000000000000000009A
S3150400EC70000000000000000000000000000000008A
S3150400EC80000000000000000000000000000000007A
S3150400EC90000000000000000000000000000000006A
S3150400ECA0000000000000000000000000000000005A
S3150400ECB0000000000000000000000000000000004A
S3150400ECC0000000000000000000000000000000003A
S3150400ECD0000000000000000000000000000000002A
S3150400ECE0000000000000000000000000000000001A
S3150400ECF0000000000000000000000000000000000A
S3150400ED0000000000000000000000000000000000F9
S3150400ED1000000000000000000000000000000000E9
S3150400ED2000000000000000000000000000000000D9
S3150400ED3000000000000000000000000000000000C9
S3150400ED4000000000000000000000000000000000B9
S3150400ED5000000000000000000000000000000000A9
S3150400ED600000000000000000000000000000000099
S3150400ED700000000000000000000000000000000089
S3150400ED800000000000000000000000000000000079
S3150400ED9000000000000000000000000024B9000488
S3150400EDA024B900040100000094B600040000020027
S3150400EDB0FFFFFFFF58D3000458D3000438C10004F2
S3150400EDC038C10004FFFFFFFF0000000038EF000415
S3110400EDD0FFFFFFFF78D3000478D3000493
S705040001688D
